stage,target,ablation,removed_group,features_used,n_features,mae,rmse,r2,n_train,n_test,delta_r2
cts,power,all,,"inv_fmax,total_negative_slack,clock_skew,buffer_inverter_count",4,0.00047708100370929553,0.0008291485085713698,0.9081028084910776,20,980,0.0
cts,power,-cts,cts,"inv_fmax,total_negative_slack",2,0.000774849495054183,0.0012114810427125606,0.8038127242668982,20,980,0.1042900842241794
cts,power,-timing,timing,"clock_skew,buffer_inverter_count",2,0.0011052627033748394,0.0017897368427479494,0.5718302828515736,20,980,0.33627252563950405
cts,fmax,all,,"inv_fmax,total_negative_slack,clock_skew,buffer_inverter_count",4,16361799.053061225,24272440.986726,0.9326859066293859,20,980,0.0
cts,fmax,-cts,cts,"inv_fmax,total_negative_slack",2,15878685.159183674,22455526.032729365,0.9423863275404104,20,980,-0.009700420911024521
cts,fmax,-timing,timing,"clock_skew,buffer_inverter_count",2,34151590.62857143,52669378.62871391,0.6830465505632903,20,980,0.24963935606609555
cts,area,all,,"inv_fmax,total_negative_slack,clock_skew,buffer_inverter_count",4,16.936928075673627,29.838153038492745,0.9396680605370655,20,980,0.0
cts,area,-cts,cts,"inv_fmax,total_negative_slack",2,18.5877363540338,31.54654084791044,0.9325616552761585,20,980,0.0071064052609070005
cts,area,-timing,timing,"clock_skew,buffer_inverter_count",2,47.19996463099889,70.09531063527585,0.6670482193846353,20,980,0.2726198411524302
