trajectory_id,p_CORE_UTILIZATION,p_CORE_ASPECT_RATIO,p_CORE_MARGIN,p_PLACE_DENSITY_LB_ADDON,p_CELL_PAD_IN_SITES_GLOBAL_PLACEMENT,p_CELL_PAD_IN_SITES_DETAIL_PLACEMENT,p_CTS_CLUSTER_SIZE,p_CTS_CLUSTER_DIAMETER,p_TNS_END_PERCENT,p_SETUP_SLACK_MARGIN,p_ENABLE_PLACE_REPAIR_TIMING,p_ROUTING_LAYER_ADJUSTMENT,p_GPL_RANDOM_SEED,p_GRT_SEED,p_CLK_PERIOD,fp_power,fp_area,fp_wns,fp_tns,fp_core_area,fp_die_area,fp_util
traj_fclk_001,46,1.18,2.2,0.11,0,2,39,97,49,-0.0267,1,0.19,50019,51367,0.25,0.00221996,675.906,-0.15539,-6.16703,1083.95,1456.96,0.623558
traj_fclk_002,56,1.03,1.7,0.06,0,1,72,238,22,0.0181,0,0.38,41886,85563,0.25,0.00220915,673.246,-0.15539,-6.17898,1070.65,1380.62,0.62882
traj_fclk_003,60,1.23,2.4,0.16,1,1,87,244,99,-0.0131,0,0.15,78077,15596,0.25,0.00228616,692.93,-0.155307,-6.10046,1099.64,1488.15,0.63014
traj_fclk_004,48,0.81,1.0,0.14,1,2,51,218,25,0.0027,1,0.26,23340,77355,0.25,0.00221971,675.906,-0.15539,-6.17655,1094.86,1279.17,0.617347
traj_fclk_005,45,1.19,2.0,0.1,0,1,99,97,44,0.0009,1,0.17,79670,33745,0.25,0.00221996,675.906,-0.15539,-6.16703,1077.3,1426.63,0.627407
traj_fclk_006,44,0.93,1.5,0.18,1,2,75,134,88,0.0062,0,0.17,74240,55070,0.25,0.00223999,680.694,-0.15539,-6.11543,1076.77,1351.27,0.632164
traj_fclk_007,58,1.07,1.0,0.14,1,0,25,224,79,0.0177,1,0.22,81917,80830,0.25,0.00223306,679.896,-0.15539,-6.11084,1091.66,1278.55,0.622807
traj_fclk_008,48,1.18,2.1,0.16,0,2,78,178,54,-0.0166,0,0.4,41497,58423,0.25,0.00221996,675.906,-0.15539,-6.16703,1077.3,1441.69,0.627407
traj_fclk_009,49,1.12,1.6,0.09,0,1,53,93,55,-0.0075,0,0.18,29134,692,0.25,0.00221996,675.906,-0.15539,-6.16703,1066.13,1366.07,0.633982
traj_fclk_010,50,1.15,2.3,0.06,0,1,87,85,70,-0.0104,0,0.36,33616,67573,0.25,0.00222093,676.438,-0.15539,-6.16358,1090.6,1471.86,0.620244
traj_fclk_011,46,0.82,1.4,0.08,1,1,45,149,53,-0.0016,1,0.32,37550,60876,0.25,0.00221996,675.906,-0.15539,-6.16703,1089.27,1337.1,0.620513
traj_fclk_012,50,0.86,1.5,0.22,0,0,41,231,43,-0.0255,1,0.42,18358,64556,0.25,0.00221983,675.906,-0.15539,-6.17179,1066.93,1351.62,0.633508
traj_fclk_013,51,0.99,1.9,0.17,0,1,38,103,75,-0.0172,0,0.27,17337,34652,0.25,0.00222352,677.502,-0.15539,-6.15105,1089.0,1410.35,0.62213
traj_fclk_014,41,1.17,2.0,0.18,1,0,64,83,29,-0.0281,0,0.42,11504,56786,0.25,0.00221971,675.906,-0.15539,-6.17655,1083.95,1426.15,0.623558
traj_fclk_015,54,0.81,2.4,0.19,1,2,50,188,85,0.0023,1,0.2,2873,22016,0.25,0.00223999,680.694,-0.15539,-6.11543,1100.44,1488.29,0.618564
traj_fclk_016,58,0.84,2.5,0.06,1,1,92,204,93,-0.0033,0,0.41,80157,55566,0.25,0.00226682,687.61,-0.155374,-6.10283,1078.1,1503.16,0.637799
traj_fclk_017,60,1.15,1.3,0.2,1,1,46,236,51,-0.0018,1,0.17,4694,50630,0.25,0.00221996,675.906,-0.15539,-6.16703,1097.25,1322.11,0.616
traj_fclk_018,49,0.86,1.2,0.09,1,1,76,166,40,0.0125,0,0.19,68506,11898,0.25,0.00221983,675.906,-0.15539,-6.17179,1111.88,1307.75,0.607895
traj_fclk_019,50,1.13,1.5,0.11,0,0,30,227,28,0.0053,1,0.39,70371,81998,0.25,0.00221971,675.906,-0.15539,-6.17655,1066.13,1351.45,0.633982
traj_fclk_020,50,1.16,2.1,0.14,1,2,64,210,23,0.0011,1,0.18,98765,17505,0.25,0.00220915,673.246,-0.15539,-6.17898,1090.6,1441.32,0.617317
traj_fclk_021,52,0.92,2.2,0.12,0,0,49,154,77,0.0158,0,0.36,88541,79219,0.25,0.00223306,679.896,-0.15539,-6.11084,1076.77,1456.11,0.631423
traj_fclk_022,53,0.94,1.2,0.16,1,1,69,247,45,-0.0186,0,0.22,21148,31827,0.25,0.00221996,675.906,-0.15539,-6.16703,1113.48,1307.18,0.607023
traj_fclk_023,44,0.99,1.6,0.22,1,0,28,188,70,-0.0174,0,0.23,57188,31217,0.25,0.00221996,675.906,-0.15539,-6.16703,1082.89,1365.64,0.624171
traj_fclk_024,59,1.24,1.1,0.08,1,1,29,250,93,-0.0049,1,0.29,34942,65881,0.25,0.00226682,687.61,-0.155374,-6.10283,1099.64,1293.77,0.625302
traj_fclk_025,42,1.13,1.2,0.14,1,0,62,247,61,0.0035,0,0.35,77521,7096,0.25,0.00221996,675.906,-0.15539,-6.16703,1103.9,1307.62,0.612289
traj_fclk_026,59,1.2,1.4,0.05,1,0,55,138,98,-0.0208,0,0.16,66974,25438,0.25,0.00228616,692.93,-0.155307,-6.10046,1113.48,1337.2,0.622312
traj_fclk_027,51,1.22,1.7,0.18,2,2,71,131,92,0.016,1,0.21,33591,34253,0.25,0.00226682,687.61,-0.155374,-6.10283,1064.0,1381.66,0.64625
traj_fclk_028,45,1.21,1.4,0.13,2,1,97,120,96,0.0122,0,0.3,33143,93358,0.25,0.00230308,701.708,-0.155306,-6.03416,1106.56,1337.06,0.634135
traj_fclk_029,58,1.12,1.1,0.18,0,1,83,186,78,-0.0042,0,0.28,54319,11014,0.25,0.00223306,679.896,-0.15539,-6.11084,1110.55,1293.05,0.612216
traj_fclk_030,46,1.12,2.2,0.09,2,2,57,87,90,0.0112,0,0.41,92115,87043,0.25,0.00226682,687.61,-0.155374,-6.10283,1110.55,1456.34,0.619162
traj_fclk_031,48,0.89,2.5,0.08,0,0,49,183,56,-0.0291,0,0.22,58649,21264,0.25,0.00221996,675.906,-0.15539,-6.16703,1094.32,1502.54,0.617647
traj_fclk_032,41,0.98,1.7,0.07,0,0,61,193,72,0.0104,1,0.21,26549,94169,0.25,0.00222352,677.502,-0.15539,-6.15105,1095.12,1380.56,0.618654
traj_fclk_033,56,1.16,1.4,0.14,2,1,97,169,20,0.0117,0,0.36,72649,29846,0.25,0.00220723,672.182,-0.15539,-6.18033,1090.6,1336.75,0.616341
traj_fclk_034,54,1.07,2.3,0.1,1,2,62,161,63,-0.009,1,0.38,73283,28315,0.25,0.00221996,675.906,-0.15539,-6.16703,1085.28,1471.34,0.622794
traj_fclk_035,55,0.99,1.9,0.07,1,1,77,198,90,-0.0012,0,0.22,589,94910,0.25,0.00226682,687.61,-0.155374,-6.10283,1089.0,1410.35,0.631412
traj_fclk_036,57,0.8,1.4,0.12,1,2,63,222,92,0.0104,1,0.25,63986,4037,0.25,0.00226682,687.61,-0.155374,-6.10283,1106.03,1337.41,0.621693
traj_fclk_037,50,0.89,2.0,0.15,0,1,47,203,30,0.0099,1,0.25,36822,18458,0.25,0.00221971,675.906,-0.15539,-6.17655,1094.32,1425.91,0.617647
traj_fclk_038,52,1.13,2.5,0.21,2,1,78,179,98,-0.016,0,0.33,95822,97012,0.25,0.00228616,692.93,-0.155307,-6.10046,1103.9,1502.73,0.627711
traj_fclk_039,49,0.85,2.2,0.13,0,1,100,149,33,0.0147,1,0.4,4859,12566,0.25,0.00221971,675.906,-0.15539,-6.17655,1072.51,1456.85,0.630208
traj_fclk_040,53,0.91,1.7,0.19,2,0,90,108,43,-0.0126,1,0.32,85823,26442,0.25,0.00221996,675.906,-0.15539,-6.16703,1088.47,1380.75,0.620968
traj_fclk_041,44,0.96,2.4,0.09,1,1,46,99,27,0.0044,0,0.42,81475,57966,0.25,0.00221971,675.906,-0.15539,-6.17655,1101.24,1486.59,0.613768
traj_fclk_042,51,1.1,1.2,0.2,1,1,99,89,41,-0.0142,0,0.4,97561,62131,0.25,0.00221983,675.906,-0.15539,-6.17179,1117.2,1307.49,0.605
traj_fclk_043,47,0.9,1.6,0.12,1,1,31,155,64,-0.0028,0,0.23,99763,5550,0.25,0.00221996,675.906,-0.15539,-6.16703,1088.47,1366.03,0.620968
traj_fclk_044,53,1.11,2.5,0.16,1,1,85,214,37,-0.0154,0,0.35,9445,52986,0.25,0.00221971,675.906,-0.15539,-6.17655,1110.55,1502.53,0.608623
traj_fclk_045,55,0.84,1.3,0.07,1,1,79,165,64,0.0082,0,0.4,66138,73801,0.25,0.00221996,675.906,-0.15539,-6.16703,1129.44,1322.29,0.598446
traj_fclk_046,40,0.88,1.1,0.2,1,2,42,238,78,-0.0133,1,0.23,64856,26813,0.25,0.00223306,679.896,-0.15539,-6.11084,1106.03,1293.14,0.614719
traj_fclk_047,48,0.96,1.9,0.2,2,0,69,106,96,-0.0055,1,0.19,52314,36067,0.25,0.00229327,696.122,-0.155306,-6.03997,1059.21,1410.47,0.657207
traj_fclk_048,44,1.03,2.0,0.05,1,1,33,174,31,-0.0214,1,0.24,62241,34926,0.25,0.00221971,675.906,-0.15539,-6.17655,1064.53,1425.57,0.634933
traj_fclk_049,52,1.12,2.1,0.16,1,1,40,104,85,-0.0154,1,0.23,90523,64246,0.25,0.00223999,680.694,-0.15539,-6.11543,1103.9,1441.09,0.616627
traj_fclk_050,52,1.21,1.0,0.18,2,0,55,172,22,0.0179,1,0.33,86431,98702,0.25,0.00220915,673.246,-0.15539,-6.17898,1106.56,1278.96,0.608413
traj_fclk_051,56,1.18,2.3,0.08,2,1,35,124,32,-0.0031,0,0.44,53589,91358,0.25,0.00221971,675.906,-0.15539,-6.17655,1077.3,1472.31,0.627407
traj_fclk_052,45,1.11,2.2,0.15,2,1,27,239,39,-0.0157,0,0.34,40775,76162,0.25,0.00221971,675.906,-0.15539,-6.17655,1072.51,1456.32,0.630208
traj_fclk_053,45,1.19,2.4,0.21,0,1,80,248,60,-0.0096,0,0.41,95207,59577,0.25,0.00221996,675.906,-0.15539,-6.16703,1120.39,1487.89,0.603276
traj_fclk_054,62,0.85,1.5,0.18,1,2,32,181,35,-0.0022,0,0.21,9817,78716,0.25,0.00221971,675.906,-0.15539,-6.17655,1072.51,1351.66,0.630208
traj_fclk_055,59,0.85,1.5,0.22,0,1,79,88,44,-0.0089,0,0.19,61689,72029,0.25,0.00221996,675.906,-0.15539,-6.16703,1072.51,1351.66,0.630208
traj_fclk_056,53,0.81,1.8,0.17,1,1,74,245,56,0.0031,0,0.44,49653,80327,0.25,0.00221996,675.906,-0.15539,-6.16703,1042.72,1396.75,0.648214
traj_fclk_057,41,0.95,1.4,0.09,2,2,92,92,27,-0.0069,1,0.24,42881,1340,0.25,0.00221971,675.906,-0.15539,-6.17655,1107.36,1336.43,0.610377
traj_fclk_058,61,0.87,2.3,0.15,1,1,56,103,66,-0.0123,1,0.27,82429,92778,0.25,0.00221996,675.906,-0.15539,-6.16703,1106.03,1471.91,0.611111
traj_fclk_059,48,1.2,1.3,0.08,1,0,95,122,57,-0.0149,0,0.27,23194,72535,0.25,0.00221996,675.906,-0.15539,-6.16703,1120.39,1322.57,0.603276
traj_fclk_060,60,1.11,1.3,0.22,1,1,44,96,98,-0.0221,0,0.31,25352,54282,0.25,0.00228616,692.93,-0.155307,-6.10046,1117.2,1322.04,0.620238
traj_fclk_061,59,0.83,1.4,0.2,1,2,73,199,27,0.0097,0,0.25,97840,57501,0.25,0.00221971,675.906,-0.15539,-6.17655,1083.68,1337.17,0.623711
traj_fclk_062,61,0.94,2.1,0.14,0,1,58,159,44,0.0067,0,0.15,95038,41169,0.25,0.00221996,675.906,-0.15539,-6.16703,1065.06,1440.63,0.634615
traj_fclk_063,60,0.85,1.7,0.18,1,0,74,136,38,0.0134,0,0.35,58240,99488,0.25,0.00221971,675.906,-0.15539,-6.17655,1072.51,1381.32,0.630208
traj_fclk_064,47,0.95,2.4,0.15,1,2,54,235,95,-0.0288,0,0.44,44425,16736,0.25,0.00226682,687.61,-0.155374,-6.10283,1107.36,1486.7,0.620946
traj_fclk_065,49,1.23,1.6,0.22,1,1,76,87,36,-0.0057,1,0.43,26941,22760,0.25,0.00221971,675.906,-0.15539,-6.17655,1057.35,1366.76,0.639245
traj_fclk_066,57,1.24,1.4,0.18,0,1,90,207,69,0.0135,1,0.35,75673,28914,0.25,0.00222093,676.438,-0.15539,-6.16358,1092.73,1337.51,0.619036
traj_fclk_067,48,1.08,1.3,0.07,1,1,41,156,38,0.0107,0,0.15,80615,50124,0.25,0.00221971,675.906,-0.15539,-6.17655,1085.28,1321.81,0.622794
traj_fclk_068,61,1.0,1.4,0.16,1,2,84,211,78,-0.012,0,0.26,87857,44242,0.25,0.00223306,679.896,-0.15539,-6.11084,1129.97,1336.27,0.601695
traj_fclk_069,53,0.83,1.9,0.15,0,2,84,230,75,0.0017,1,0.45,96781,75084,0.25,0.00223295,679.364,-0.15539,-6.11694,1089.27,1411.57,0.623687
traj_fclk_070,47,1.1,1.8,0.13,0,0,53,101,58,-0.0285,0,0.38,68047,68809,0.25,0.00221996,675.906,-0.15539,-6.16703,1072.51,1395.79,0.630208
traj_fclk_071,60,1.24,2.1,0.16,1,0,48,213,55,-0.0201,1,0.25,40875,1836,0.25,0.00221996,675.906,-0.15539,-6.16703,1092.73,1442.38,0.618549
traj_fclk_072,50,1.17,2.0,0.19,1,2,75,102,21,0.0004,1,0.21,7778,74352,0.25,0.00220723,672.182,-0.15539,-6.18033,1083.95,1426.15,0.620123
traj_fclk_073,45,0.8,1.3,0.18,1,2,65,196,88,-0.0233,0,0.41,34518,27559,0.25,0.00223999,680.694,-0.15539,-6.11543,1106.03,1322.75,0.61544
traj_fclk_074,51,0.87,1.6,0.21,1,2,93,228,58,-0.019,1,0.34,61096,20424,0.25,0.00221996,675.906,-0.15539,-6.16703,1055.75,1366.24,0.640212
traj_fclk_075,42,1.24,1.3,0.19,0,1,82,126,62,-0.0165,1,0.2,62709,65527,0.25,0.00221996,675.906,-0.15539,-6.16703,1099.64,1322.85,0.614659
traj_fclk_076,46,1.07,2.2,0.07,0,1,38,171,86,-0.0284,0,0.17,64093,88385,0.25,0.00223999,680.694,-0.15539,-6.11543,1091.66,1456.03,0.623538
traj_fclk_077,55,1.01,1.6,0.1,2,2,91,235,73,-0.0229,1,0.37,53622,71623,0.25,0.00222093,676.438,-0.15539,-6.16358,1076.77,1365.83,0.628211
traj_fclk_078,51,1.03,1.0,0.08,1,2,42,185,73,0.002,1,0.23,71670,90314,0.25,0.00223295,679.364,-0.15539,-6.11694,1110.82,1278.53,0.61159
traj_fclk_079,40,1.08,2.4,0.13,2,1,92,213,39,0.0086,0,0.3,83509,60693,0.25,0.00221971,675.906,-0.15539,-6.17655,1085.28,1486.73,0.622794
traj_fclk_080,45,1.21,1.8,0.08,0,1,78,121,37,-0.008,1,0.33,54562,75468,0.25,0.00221971,675.906,-0.15539,-6.17655,1064.0,1396.43,0.63525
traj_fclk_081,55,1.05,1.9,0.1,1,1,72,240,53,0.0002,0,0.29,6723,87965,0.25,0.00221996,675.906,-0.15539,-6.16703,1104.43,1410.45,0.611994
traj_fclk_082,58,0.91,1.2,0.1,0,1,89,118,71,-0.0293,0,0.38,42410,42011,0.25,0.00221996,675.906,-0.15539,-6.16703,1082.62,1307.36,0.624324
traj_fclk_083,55,0.92,2.4,0.17,2,1,67,128,86,-0.0222,1,0.43,46731,55717,0.25,0.00223999,680.694,-0.15539,-6.11543,1076.77,1486.81,0.632164
traj_fclk_084,55,1.05,2.3,0.14,1,1,44,85,70,-0.013,0,0.41,35934,85868,0.25,0.00222093,676.438,-0.15539,-6.16358,1098.05,1471.19,0.616037
traj_fclk_085,57,1.04,1.7,0.13,1,2,33,199,71,-0.0038,0,0.44,24664,82751,0.25,0.00222093,676.438,-0.15539,-6.16358,1064.53,1380.61,0.635432
traj_fclk_086,60,1.0,1.8,0.2,2,0,39,99,42,0.0199,0,0.25,82827,86716,0.25,0.00221996,675.906,-0.15539,-6.16703,1082.89,1395.4,0.624171
traj_fclk_087,62,1.02,2.4,0.17,2,1,81,137,33,0.0075,0,0.42,84719,14121,0.25,0.00221971,675.906,-0.15539,-6.17655,1117.2,1486.57,0.605
traj_fclk_088,50,0.98,2.3,0.08,2,1,30,209,94,-0.0237,1,0.39,36187,13615,0.25,0.00226682,687.61,-0.155374,-6.10283,1089.0,1471.18,0.631412
traj_fclk_089,43,0.91,2.4,0.1,0,2,76,82,65,-0.0182,0,0.32,45698,74683,0.25,0.00221996,675.906,-0.15539,-6.16703,1082.62,1486.85,0.624324
traj_fclk_090,46,1.18,2.1,0.12,0,1,95,147,33,-0.0108,1,0.18,75393,43380,0.25,0.00221971,675.906,-0.15539,-6.17655,1077.3,1441.69,0.627407
traj_fclk_091,62,0.97,2.3,0.2,1,0,43,157,85,-0.0137,1,0.34,79103,17158,0.25,0.00223999,680.694,-0.15539,-6.11543,1095.12,1471.22,0.621569
traj_fclk_092,53,0.93,1.5,0.07,2,1,40,165,92,-0.0204,0,0.36,91465,68416,0.25,0.00226682,687.61,-0.155374,-6.10283,1076.77,1351.27,0.638587
traj_fclk_093,54,1.01,2.2,0.08,1,0,25,202,25,0.0074,1,0.39,32063,24536,0.25,0.00221971,675.906,-0.15539,-6.17655,1076.77,1455.97,0.627717
traj_fclk_094,60,0.96,2.3,0.17,1,1,37,132,93,-0.0111,1,0.16,55648,61670,0.25,0.00226682,687.61,-0.155374,-6.10283,1101.24,1471.21,0.624396
traj_fclk_095,56,0.86,1.6,0.15,2,1,93,219,30,-0.0016,1,0.29,48487,18965,0.25,0.00221971,675.906,-0.15539,-6.17655,1066.93,1366.4,0.633508
traj_fclk_096,46,1.01,2.1,0.06,1,1,94,201,50,0.0076,0,0.27,76548,82058,0.25,0.00221996,675.906,-0.15539,-6.16703,1070.65,1440.74,0.631304
traj_fclk_097,58,0.81,1.6,0.21,2,0,73,168,91,-0.028,1,0.27,16821,73228,0.25,0.00223999,680.694,-0.15539,-6.11543,1042.72,1366.87,0.652806
traj_fclk_098,58,0.99,2.1,0.21,0,2,81,231,55,-0.0275,1,0.39,31674,83351,0.25,0.00221996,675.906,-0.15539,-6.16703,1082.89,1440.55,0.624171
traj_fclk_099,57,1.12,1.7,0.15,2,2,54,241,36,-0.0078,1,0.29,89580,81534,0.25,0.00221971,675.906,-0.15539,-6.17655,1066.13,1380.92,0.633982
traj_fclk_100,41,1.16,1.4,0.21,1,0,94,244,33,0.0162,1,0.21,7366,63978,0.25,0.00221971,675.906,-0.15539,-6.17655,1090.6,1336.75,0.619756
traj_fclk_101,56,0.95,2.1,0.17,2,2,35,95,31,-0.0145,1,0.27,50526,44693,0.25,0.00221971,675.906,-0.15539,-6.17655,1107.36,1440.78,0.610377
traj_fclk_102,47,1.04,2.1,0.21,1,1,42,182,42,0.0131,0,0.31,63388,10019,0.25,0.00221996,675.906,-0.15539,-6.16703,1104.43,1440.71,0.611994
traj_fclk_103,50,1.17,2.4,0.09,1,2,95,205,87,-0.0277,1,0.19,35516,8210,0.25,0.00223999,680.694,-0.15539,-6.11543,1083.95,1487.37,0.627975
traj_fclk_104,43,0.8,2.0,0.12,1,0,37,246,55,0.0152,0,0.39,50843,2165,0.25,0.00221996,675.906,-0.15539,-6.16703,1053.36,1427.09,0.641667
traj_fclk_105,51,0.99,1.9,0.12,1,1,91,178,68,-0.0102,0,0.24,29423,37718,0.25,0.00221996,675.906,-0.15539,-6.16703,1089.0,1410.35,0.620664
traj_fclk_106,42,0.88,1.8,0.11,1,1,80,239,69,-0.0272,1,0.42,19901,38884,0.25,0.00221996,675.906,-0.15539,-6.16703,1050.17,1395.97,0.643617
traj_fclk_107,49,0.98,2.4,0.22,2,1,32,167,87,0.0174,0,0.2,5919,7737,0.25,0.00223999,680.694,-0.15539,-6.11543,1095.12,1486.56,0.621569
traj_fclk_108,57,1.23,1.7,0.12,1,2,63,226,83,0.0047,1,0.43,77804,7261,0.25,0.00223999,680.694,-0.15539,-6.11543,1064.0,1381.65,0.63975
traj_fclk_109,58,1.08,1.2,0.14,2,0,36,124,59,-0.008,1,0.22,91754,40093,0.25,0.00221996,675.906,-0.15539,-6.16703,1085.28,1307.3,0.622794
traj_fclk_110,60,0.96,1.9,0.05,1,1,68,81,29,-0.0062,0,0.24,25858,23513,0.25,0.00221971,675.906,-0.15539,-6.17655,1059.21,1410.47,0.638122
traj_fclk_111,41,0.94,1.5,0.12,0,0,61,119,51,0.0111,1,0.39,23783,80466,0.25,0.00221996,675.906,-0.15539,-6.16703,1070.92,1350.94,0.631148
traj_fclk_112,41,0.84,2.0,0.08,1,1,56,110,66,-0.0169,0,0.21,62894,13025,0.25,0.00221996,675.906,-0.15539,-6.16703,1078.1,1426.4,0.626943
traj_fclk_113,51,1.23,1.8,0.18,1,0,53,130,95,0.0033,1,0.17,30812,13220,0.25,0.00230308,701.708,-0.155306,-6.03416,1099.64,1396.63,0.638123
traj_fclk_114,46,1.14,2.2,0.12,0,1,80,95,74,0.0158,1,0.25,43323,48741,0.25,0.00223295,679.364,-0.15539,-6.11694,1097.25,1456.45,0.619152
traj_fclk_115,45,1.0,1.7,0.14,2,1,29,170,90,-0.0171,0,0.45,22294,30942,0.25,0.00223999,680.694,-0.15539,-6.11543,1082.89,1380.49,0.628592
traj_fclk_116,58,1.07,1.5,0.06,2,2,51,120,50,-0.021,0,0.41,88373,39571,0.25,0.00221996,675.906,-0.15539,-6.16703,1091.66,1351.1,0.619152
traj_fclk_117,48,0.88,1.3,0.08,1,0,67,143,84,-0.0053,0,0.36,48381,90940,0.25,0.00223999,680.694,-0.15539,-6.11543,1106.03,1322.12,0.61544
traj_fclk_118,61,1.24,1.9,0.14,2,0,71,101,69,-0.0232,0,0.2,73875,51755,0.25,0.00221996,675.906,-0.15539,-6.16703,1099.64,1412.02,0.614659
traj_fclk_119,57,1.02,2.5,0.11,1,1,68,94,64,0.0124,1,0.39,6869,92971,0.25,0.00221996,675.906,-0.15539,-6.16703,1117.2,1502.03,0.605
traj_fclk_120,54,0.88,1.3,0.1,2,1,48,112,61,-0.0036,1,0.3,57251,52476,0.25,0.00221996,675.906,-0.15539,-6.16703,1106.03,1322.12,0.611111
traj_fclk_121,54,0.9,2.0,0.11,0,1,45,152,76,0.0068,1,0.3,27593,79917,0.25,0.00223295,679.364,-0.15539,-6.11694,1088.47,1425.87,0.624145
traj_fclk_122,47,1.04,2.2,0.19,2,1,64,196,63,-0.0259,0,0.31,91040,2701,0.25,0.00221996,675.906,-0.15539,-6.16703,1104.43,1455.94,0.611994
traj_fclk_123,51,0.87,1.1,0.11,0,1,50,92,57,-0.0026,0,0.39,30506,54677,0.25,0.00221996,675.906,-0.15539,-6.16703,1111.88,1293.17,0.607895
traj_fclk_124,45,0.94,1.1,0.13,1,1,26,229,34,0.0168,1,0.35,58927,19915,0.25,0.00221971,675.906,-0.15539,-6.17655,1119.59,1292.75,0.603706
traj_fclk_125,49,0.98,1.9,0.12,1,0,43,109,47,0.0038,0,0.41,3593,30102,0.25,0.00221996,675.906,-0.15539,-6.16703,1095.12,1410.45,0.617197
traj_fclk_126,53,1.05,1.2,0.06,0,0,28,200,34,-0.0224,0,0.37,39918,25735,0.25,0.00221971,675.906,-0.15539,-6.17655,1098.05,1307.23,0.615552
traj_fclk_127,46,1.21,2.3,0.08,1,2,87,140,48,-0.0243,1,0.28,2371,91837,0.25,0.00221996,675.906,-0.15539,-6.16703,1106.56,1472.44,0.610817
traj_fclk_128,54,0.88,1.7,0.19,0,1,59,208,62,-0.0199,0,0.37,34070,84466,0.25,0.00221996,675.906,-0.15539,-6.16703,1055.75,1381.04,0.640212
traj_fclk_129,59,0.9,2.0,0.15,1,1,89,137,57,-0.0048,0,0.43,98166,15940,0.25,0.00221996,675.906,-0.15539,-6.16703,1088.47,1425.87,0.620968
traj_fclk_130,58,0.91,1.9,0.18,0,2,48,141,86,0.0085,0,0.37,8062,66835,0.25,0.00223999,680.694,-0.15539,-6.11543,1088.47,1410.66,0.625367
traj_fclk_131,54,0.83,1.5,0.15,0,2,59,233,74,-0.0249,1,0.2,78570,37495,0.25,0.00222093,676.438,-0.15539,-6.16358,1083.68,1351.89,0.624202
traj_fclk_132,45,1.02,1.5,0.09,1,2,60,112,91,0.015,1,0.28,48966,35607,0.25,0.00226682,687.61,-0.155374,-6.10283,1070.65,1351.0,0.642236
traj_fclk_133,46,1.06,1.6,0.09,2,1,75,161,68,-0.0067,0,0.17,79291,48036,0.25,0.00221996,675.906,-0.15539,-6.16703,1046.18,1365.81,0.646072
traj_fclk_134,62,1.14,2.0,0.17,1,1,71,187,95,0.019,0,0.23,93832,6072,0.25,0.00230308,701.708,-0.155306,-6.03416,1097.25,1426.02,0.639515
traj_fclk_135,54,0.9,1.5,0.21,0,1,56,148,28,-0.0252,0,0.26,13939,46012,0.25,0.00221971,675.906,-0.15539,-6.17655,1044.58,1351.26,0.647059
traj_fclk_136,43,1.13,1.1,0.12,2,2,97,215,65,0.0141,1,0.24,32664,76676,0.25,0.00221996,675.906,-0.15539,-6.16703,1103.9,1293.18,0.612289
traj_fclk_137,57,0.97,1.4,0.09,1,1,36,243,38,-0.006,1,0.23,96833,33480,0.25,0.00221971,675.906,-0.15539,-6.17655,1095.12,1336.37,0.617197
traj_fclk_138,52,0.96,2.3,0.09,1,0,51,135,26,0.0109,1,0.37,31333,73070,0.25,0.00221971,675.906,-0.15539,-6.17655,1101.24,1471.21,0.613768
traj_fclk_139,43,0.86,2.1,0.13,1,1,65,177,59,0.0119,1,0.22,15603,22849,0.25,0.00221996,675.906,-0.15539,-6.16703,1061.34,1441.5,0.636842
traj_fclk_140,53,0.92,1.6,0.11,1,1,32,145,84,-0.0246,1,0.29,4300,4633,0.25,0.00223306,679.896,-0.15539,-6.11084,1076.77,1365.9,0.631423
traj_fclk_141,56,1.21,1.4,0.14,0,1,50,198,83,-0.0161,1,0.16,28027,88746,0.25,0.00223306,679.896,-0.15539,-6.11084,1106.56,1337.06,0.614423
traj_fclk_142,48,1.15,1.3,0.15,2,1,90,134,23,0.0148,0,0.37,37803,99189,0.25,0.00220915,673.246,-0.15539,-6.17898,1097.25,1322.11,0.613576
traj_fclk_143,49,0.84,2.2,0.07,0,2,62,118,48,0.0089,0,0.38,66713,84931,0.25,0.00221996,675.906,-0.15539,-6.16703,1078.1,1456.86,0.626943
traj_fclk_144,42,0.82,2.4,0.06,2,2,97,211,22,-0.0214,1,0.27,38649,89763,0.25,0.00220723,672.182,-0.15539,-6.18033,1089.27,1487.98,0.617094
traj_fclk_145,44,1.02,1.9,0.13,1,1,47,85,21,-0.0251,0,0.38,87395,77855,0.25,0.00220723,672.182,-0.15539,-6.18033,1070.65,1410.46,0.627826
traj_fclk_146,46,1.2,2.2,0.19,0,2,38,106,60,-0.0177,0,0.44,27769,40672,0.25,0.00221996,675.906,-0.15539,-6.16703,1070.65,1457.2,0.631304
traj_fclk_147,42,1.22,1.6,0.1,2,1,67,192,79,-0.0065,0,0.43,70417,95781,0.25,0.00223306,679.896,-0.15539,-6.11084,1064.0,1366.77,0.639
traj_fclk_148,53,1.04,1.2,0.15,2,0,58,180,93,-0.0112,1,0.4,75102,62919,0.25,0.00226682,687.61,-0.155374,-6.10283,1104.43,1307.29,0.622592
traj_fclk_149,42,1.14,1.7,0.09,2,1,54,115,51,0.0039,0,0.18,59852,83832,0.25,0.00221996,675.906,-0.15539,-6.16703,1059.74,1380.99,0.637801
traj_fclk_150,55,1.23,1.0,0.17,0,0,30,222,53,-0.0288,1,0.35,73105,46809,0.25,0.00221996,675.906,-0.15539,-6.16703,1099.64,1279.07,0.614659
traj_fclk_151,62,1.14,1.8,0.22,1,2,41,184,46,0.008,0,0.34,24896,52222,0.25,0.00221996,675.906,-0.15539,-6.16703,1097.25,1395.92,0.616
traj_fclk_152,44,0.83,1.4,0.21,1,1,86,139,86,-0.0001,0,0.32,18486,92326,0.25,0.00223999,680.694,-0.15539,-6.11543,1083.68,1337.17,0.62813
traj_fclk_153,57,1.11,2.3,0.1,1,0,26,189,100,0.0184,0,0.38,14389,45093,0.25,0.00232862,706.762,-0.155306,-6.05959,1110.55,1471.65,0.636407
traj_fclk_154,50,0.93,1.1,0.14,1,0,40,201,89,0.0051,1,0.39,17813,70298,0.25,0.00226682,687.61,-0.155374,-6.10283,1125.71,1293.06,0.610822
traj_fclk_155,49,1.17,1.2,0.22,0,1,65,149,67,0.0127,0,0.38,21380,71495,0.25,0.00221996,675.906,-0.15539,-6.16703,1083.95,1307.57,0.623558
traj_fclk_156,51,1.2,1.7,0.19,0,0,76,232,50,-0.0204,0,0.2,96140,60397,0.25,0.00221996,675.906,-0.15539,-6.16703,1077.3,1381.6,0.627407
traj_fclk_157,59,0.86,2.2,0.12,1,2,87,158,46,-0.0022,0,0.19,10041,90423,0.25,0.00221996,675.906,-0.15539,-6.16703,1066.93,1456.76,0.633508
traj_fclk_158,60,1.22,1.7,0.06,1,1,52,84,24,0.0095,1,0.45,84374,82845,0.25,0.00221971,675.906,-0.15539,-6.17655,1064.0,1381.66,0.63525
traj_fclk_159,57,1.04,1.1,0.19,0,1,82,225,24,-0.0256,0,0.16,89097,49506,0.25,0.00220915,673.246,-0.15539,-6.17898,1110.82,1292.86,0.606082
traj_fclk_160,43,0.93,2.1,0.12,2,2,57,114,82,0.0189,0,0.31,69102,53842,0.25,0.00223999,680.694,-0.15539,-6.11543,1070.92,1440.98,0.635618
traj_fclk_161,47,0.94,1.0,0.2,0,1,52,146,49,0.004,0,0.34,3604,21007,0.25,0.00221996,675.906,-0.15539,-6.16703,1113.48,1278.4,0.607023
traj_fclk_162,49,1.1,1.5,0.09,0,0,69,80,35,-0.006,1,0.18,251,19470,0.25,0.00221971,675.906,-0.15539,-6.17655,1078.9,1351.28,0.626479
traj_fclk_163,43,1.06,1.2,0.11,2,0,66,176,59,-0.0273,1,0.26,59527,29571,0.25,0.00221996,675.906,-0.15539,-6.16703,1091.66,1307.3,0.619152
traj_fclk_164,41,1.03,2.3,0.1,1,0,35,111,77,-0.0093,1,0.32,13286,32842,0.25,0.00223295,679.364,-0.15539,-6.11694,1110.82,1471.24,0.61159
traj_fclk_165,56,0.82,1.4,0.12,2,1,51,117,80,-0.0118,0,0.3,74743,42779,0.25,0.00223306,679.896,-0.15539,-6.11084,1089.27,1337.1,0.624176
traj_fclk_166,43,1.09,2.0,0.16,1,0,27,127,26,0.0004,0,0.28,67902,3905,0.25,0.00221971,675.906,-0.15539,-6.17655,1078.9,1425.59,0.626479
traj_fclk_167,56,0.87,1.7,0.21,0,1,40,160,88,-0.0002,1,0.26,26152,89579,0.25,0.00223999,680.694,-0.15539,-6.11543,1061.34,1381.1,0.641353
traj_fclk_168,61,0.88,1.5,0.2,1,1,72,125,66,0.017,0,0.29,15389,70433,0.25,0.00221996,675.906,-0.15539,-6.16703,1055.75,1351.42,0.640212
traj_fclk_169,40,1.13,1.3,0.06,0,1,59,174,87,-0.0263,1,0.3,12254,41687,0.25,0.00223999,680.694,-0.15539,-6.11543,1103.9,1322.15,0.616627
traj_fclk_170,40,1.09,1.0,0.17,1,0,47,105,56,-0.0006,1,0.33,42333,15189,0.25,0.00221996,675.906,-0.15539,-6.16703,1078.9,1278.45,0.626479
traj_fclk_171,56,1.13,2.4,0.19,1,0,74,130,49,0.0169,0,0.42,20680,78091,0.25,0.00221996,675.906,-0.15539,-6.16703,1103.9,1487.24,0.612289
traj_fclk_172,44,0.88,1.8,0.21,1,1,95,98,76,-0.0219,1,0.4,64574,84214,0.25,0.00223295,679.364,-0.15539,-6.11694,1050.17,1395.97,0.64691
traj_fclk_173,50,0.99,2.5,0.11,1,0,86,246,40,-0.0095,1,0.18,52781,36674,0.25,0.00221983,675.906,-0.15539,-6.17179,1082.89,1501.92,0.624171
traj_fclk_174,47,1.03,2.3,0.2,2,1,55,163,96,0.0193,0,0.3,85443,9203,0.25,0.00230308,701.708,-0.155306,-6.03416,1110.82,1471.24,0.631705
traj_fclk_175,54,0.95,1.8,0.2,2,2,88,184,41,-0.0043,1,0.33,19039,39658,0.25,0.00221983,675.906,-0.15539,-6.17179,1059.21,1395.58,0.638122
traj_fclk_176,60,1.1,1.1,0.07,1,1,34,205,36,0.0021,1,0.43,49367,5167,0.25,0.00221971,675.906,-0.15539,-6.17655,1123.85,1293.05,0.60142
traj_fclk_177,61,1.08,1.3,0.12,1,2,94,217,40,0.0057,1,0.31,69873,68055,0.25,0.00221983,675.906,-0.15539,-6.17179,1085.28,1321.81,0.622794
traj_fclk_178,58,1.01,1.3,0.13,2,0,38,116,72,-0.0087,1,0.17,77187,36816,0.25,0.00222352,677.502,-0.15539,-6.15105,1123.58,1321.84,0.602983
traj_fclk_179,45,1.16,1.8,0.17,1,1,66,144,81,-0.0294,1,0.31,6033,94464,0.25,0.00223295,679.364,-0.15539,-6.11694,1090.6,1396.03,0.622927
traj_fclk_180,54,1.25,1.1,0.05,1,1,67,229,81,-0.0264,0,0.31,8629,69493,0.25,0.00223295,679.364,-0.15539,-6.11694,1092.73,1293.66,0.621714
traj_fclk_181,51,1.06,1.9,0.14,0,0,34,212,41,0.0013,1,0.45,44331,62428,0.25,0.00221983,675.906,-0.15539,-6.17179,1098.05,1410.53,0.615552
traj_fclk_182,61,1.16,1.3,0.08,1,0,31,191,67,-0.0037,0,0.34,5251,59042,0.25,0.00221996,675.906,-0.15539,-6.16703,1090.6,1322.13,0.619756
traj_fclk_183,41,1.01,1.7,0.16,1,2,98,107,46,0.0029,0,0.44,93542,75974,0.25,0.00221996,675.906,-0.15539,-6.16703,1076.77,1380.65,0.627717
traj_fclk_184,61,0.94,1.3,0.13,1,0,66,156,29,-0.015,1,0.21,47248,77111,0.25,0.00221971,675.906,-0.15539,-6.17655,1119.59,1321.68,0.603706
traj_fclk_185,41,1.05,1.1,0.17,2,1,44,186,37,-0.0011,1,0.34,43882,18362,0.25,0.00221971,675.906,-0.15539,-6.17655,1104.43,1292.8,0.611994
traj_fclk_186,45,1.17,1.1,0.11,1,2,59,146,63,0.0054,0,0.33,60741,61324,0.25,0.00221996,675.906,-0.15539,-6.16703,1090.6,1293.11,0.619756
traj_fclk_187,45,1.06,2.0,0.07,1,1,77,153,31,0.0058,0,0.36,52930,6739,0.25,0.00221971,675.906,-0.15539,-6.17655,1098.05,1425.6,0.615552
traj_fclk_188,55,0.99,1.2,0.05,1,1,60,197,47,-0.0071,1,0.22,54855,27905,0.25,0.00221996,675.906,-0.15539,-6.16703,1082.89,1307.16,0.624171
traj_fclk_189,48,1.09,2.2,0.16,2,2,37,218,25,0.0079,1,0.18,29916,67855,0.25,0.00221971,675.906,-0.15539,-6.17655,1078.9,1455.98,0.626479
traj_fclk_190,44,0.9,1.6,0.19,0,2,50,216,60,0.0186,1,0.35,2545,87329,0.25,0.00221996,675.906,-0.15539,-6.16703,1088.47,1366.03,0.620968
traj_fclk_191,41,1.14,1.8,0.06,0,1,96,225,44,0.01,0,0.28,86343,66688,0.25,0.00221996,675.906,-0.15539,-6.16703,1097.25,1395.92,0.616
traj_fclk_192,52,1.05,1.9,0.17,1,0,48,237,35,-0.018,1,0.32,16193,79016,0.25,0.00221971,675.906,-0.15539,-6.17655,1104.43,1410.45,0.611994
traj_fclk_193,58,1.14,1.0,0.2,1,1,52,241,43,-0.0045,0,0.3,55310,8991,0.25,0.00221996,675.906,-0.15539,-6.16703,1097.25,1278.71,0.616
traj_fclk_194,61,1.21,2.1,0.11,0,0,45,150,71,-0.0227,1,0.18,71379,63489,0.25,0.00221996,675.906,-0.15539,-6.16703,1106.56,1441.8,0.610817
traj_fclk_195,53,1.11,1.6,0.09,1,1,82,108,94,-0.0211,0,0.41,36624,2895,0.25,0.00226682,687.61,-0.155374,-6.10283,1072.51,1366.08,0.641121
traj_fclk_196,55,1.19,2.2,0.07,1,2,84,122,28,-0.0083,1,0.26,92649,93886,0.25,0.00221971,675.906,-0.15539,-6.17655,1077.3,1457.1,0.627407
traj_fclk_197,42,1.01,1.6,0.06,2,0,83,242,91,-0.0192,0,0.32,1970,43612,0.25,0.00223999,680.694,-0.15539,-6.11543,1076.77,1365.83,0.632164
traj_fclk_198,42,0.89,2.1,0.21,2,1,81,155,52,-0.0163,1,0.32,21907,17624,0.25,0.00221996,675.906,-0.15539,-6.16703,1094.32,1441.08,0.617647
traj_fclk_199,57,1.19,2.0,0.13,1,1,91,133,38,0.0165,0,0.28,24124,12265,0.25,0.00221971,675.906,-0.15539,-6.17655,1077.3,1426.63,0.627407
traj_fclk_200,62,1.19,2.4,0.11,1,2,85,90,83,0.006,1,0.34,94730,28659,0.25,0.00223999,680.694,-0.15539,-6.11543,1120.39,1487.89,0.60755
traj_fclk_201,47,1.24,2.3,0.1,1,2,70,163,89,-0.0217,1,0.4,85091,26253,0.25,0.00223999,680.694,-0.15539,-6.11543,1092.73,1473.06,0.622931
traj_fclk_202,52,1.16,1.1,0.05,2,2,30,175,97,0.014,1,0.33,12920,96426,0.25,0.00230308,701.708,-0.155306,-6.03416,1090.6,1293.13,0.643415
traj_fclk_203,52,1.02,2.3,0.13,1,1,82,89,82,-0.0261,0,0.38,60021,57043,0.25,0.00223306,679.896,-0.15539,-6.11084,1070.65,1471.19,0.635031
traj_fclk_204,59,0.97,1.2,0.07,0,1,28,128,89,0.0094,1,0.29,39247,5729,0.25,0.00226682,687.61,-0.155374,-6.10283,1095.12,1307.28,0.627884
traj_fclk_205,47,0.82,1.8,0.07,1,2,68,166,68,-0.0099,1,0.42,16694,10639,0.25,0.00221996,675.906,-0.15539,-6.16703,1089.27,1396.49,0.620513
traj_fclk_206,59,0.85,1.1,0.19,2,1,62,151,68,0.0129,0,0.29,14926,21917,0.25,0.00221996,675.906,-0.15539,-6.16703,1123.58,1293.32,0.601562
traj_fclk_207,61,1.18,2.0,0.06,2,0,26,209,95,-0.0186,0,0.15,99184,96233,0.25,0.00226682,687.61,-0.155374,-6.10283,1083.95,1426.5,0.634356
traj_fclk_208,43,0.97,1.2,0.11,1,1,63,123,20,-0.0135,0,0.16,10454,71168,0.25,0.00220723,672.182,-0.15539,-6.18033,1095.12,1307.28,0.613796
traj_fclk_209,54,1.06,2.1,0.06,0,0,65,93,80,-0.0006,1,0.2,65414,47630,0.25,0.00223306,679.896,-0.15539,-6.11084,1091.66,1440.75,0.622807
traj_fclk_210,57,1.22,1.1,0.07,0,0,36,203,74,-0.0143,1,0.24,30047,45838,0.25,0.00223295,679.364,-0.15539,-6.11694,1106.56,1293.53,0.613942
traj_fclk_211,49,1.1,1.6,0.08,2,1,70,90,32,-0.0109,0,0.16,82155,20217,0.25,0.00221971,675.906,-0.15539,-6.17655,1072.51,1366.04,0.630208
traj_fclk_212,51,1.2,1.7,0.21,2,1,35,113,73,-0.0298,1,0.31,61226,46706,0.25,0.00222093,676.438,-0.15539,-6.16358,1077.3,1381.6,0.627901
traj_fclk_213,43,0.82,2.3,0.19,2,2,89,169,29,-0.0299,1,0.44,67233,99919,0.25,0.00221971,675.906,-0.15539,-6.17655,1089.27,1472.53,0.620513
traj_fclk_214,48,1.15,1.5,0.07,1,1,89,232,99,-0.0051,0,0.22,83719,25112,0.25,0.00229327,696.122,-0.155306,-6.03997,1053.36,1351.42,0.660859
traj_fclk_215,52,0.82,1.7,0.2,1,2,96,129,52,0.0007,1,0.37,72305,8693,0.25,0.00221996,675.906,-0.15539,-6.16703,1094.86,1381.53,0.617347
traj_fclk_216,47,0.98,1.5,0.16,1,0,99,110,98,-0.0008,1,0.19,51876,43069,0.25,0.00229695,697.186,-0.155306,-6.03408,1047.51,1351.0,0.665566
traj_fclk_217,59,1.22,1.0,0.05,2,0,70,172,65,-0.024,1,0.36,51565,49801,0.25,0.00221996,675.906,-0.15539,-6.16703,1106.56,1279.12,0.610817
traj_fclk_218,55,0.84,1.5,0.14,2,1,98,220,31,0.0136,1,0.25,89682,86173,0.25,0.00221971,675.906,-0.15539,-6.17655,1078.1,1351.63,0.626943
traj_fclk_219,58,1.25,2.4,0.06,0,2,84,82,60,0.0198,1,0.43,76346,32463,0.25,0.00221996,675.906,-0.15539,-6.16703,1092.73,1488.47,0.618549
traj_fclk_220,49,0.85,1.8,0.19,2,0,27,153,82,0.009,0,0.24,69392,59628,0.25,0.00223999,680.694,-0.15539,-6.11543,1072.51,1396.26,0.634673
traj_fclk_221,41,1.07,2.1,0.13,1,1,33,113,39,0.0186,0,0.26,12569,49038,0.25,0.00221971,675.906,-0.15539,-6.17655,1085.28,1440.8,0.622794
traj_fclk_222,52,0.93,1.2,0.13,0,0,60,234,80,-0.0183,0,0.37,14609,98124,0.25,0.00223306,679.896,-0.15539,-6.11084,1119.59,1307.49,0.60727
traj_fclk_223,43,1.0,1.4,0.2,1,2,98,216,97,-0.019,0,0.26,70922,66020,0.25,0.00226906,688.142,-0.155318,-6.0911,1129.97,1336.27,0.608992
traj_fclk_224,57,0.92,2.3,0.16,2,1,39,195,78,0.0066,0,0.23,90304,35407,0.25,0.00223306,679.896,-0.15539,-6.11084,1076.77,1471.42,0.631423
traj_fclk_225,54,0.91,2.5,0.1,1,1,29,162,48,-0.0147,1,0.31,46915,16093,0.25,0.00221996,675.906,-0.15539,-6.16703,1082.62,1502.32,0.624324
traj_fclk_226,42,1.09,2.2,0.1,2,1,80,221,32,0.0049,1,0.42,11814,95316,0.25,0.00221971,675.906,-0.15539,-6.17655,1078.9,1455.98,0.626479
traj_fclk_227,56,0.83,1.4,0.21,1,2,99,249,24,0.0195,0,0.21,94203,38092,0.25,0.00221971,675.906,-0.15539,-6.17655,1083.68,1337.17,0.623711
traj_fclk_228,56,0.87,1.9,0.15,2,2,58,132,76,-0.0197,0,0.24,56757,97695,0.25,0.00223295,679.364,-0.15539,-6.11694,1061.34,1411.05,0.6401
traj_fclk_229,43,0.89,1.9,0.15,0,1,96,117,45,0.0143,1,0.4,45549,56067,0.25,0.00221996,675.906,-0.15539,-6.16703,1100.18,1410.83,0.614362
traj_fclk_230,60,1.15,1.2,0.05,1,1,83,164,23,-0.0138,1,0.33,830,38476,0.25,0.00220915,673.246,-0.15539,-6.17898,1090.6,1307.58,0.617317
traj_fclk_231,60,0.81,2.2,0.16,1,0,32,175,26,-0.0269,1,0.26,38327,58040,0.25,0.00221971,675.906,-0.15539,-6.17655,1094.86,1457.46,0.617347
traj_fclk_232,50,1.03,2.4,0.17,1,1,93,223,42,-0.0074,0,0.17,47611,1118,0.25,0.00221996,675.906,-0.15539,-6.16703,1110.82,1486.62,0.608477
traj_fclk_233,40,1.08,2.5,0.16,2,1,86,183,47,0.0156,1,0.27,46135,45568,0.25,0.00221996,675.906,-0.15539,-6.16703,1085.28,1502.2,0.622794
traj_fclk_234,55,0.92,1.9,0.09,2,0,71,190,82,-0.0115,1,0.16,99320,9832,0.25,0.00223999,680.694,-0.15539,-6.11543,1082.62,1410.64,0.628747
traj_fclk_235,44,1.08,1.4,0.11,1,1,72,221,52,-0.0127,0,0.27,81063,89065,0.25,0.00221996,675.906,-0.15539,-6.16703,1130.5,1336.41,0.597882
traj_fclk_236,47,1.23,1.8,0.19,1,1,86,193,66,-0.0248,0,0.17,20031,32176,0.25,0.00221996,675.906,-0.15539,-6.16703,1099.64,1396.63,0.614659
traj_fclk_237,48,1.11,1.2,0.17,1,2,77,191,97,0.0026,0,0.19,57641,51048,0.25,0.00230308,701.708,-0.155306,-6.03416,1110.55,1307.51,0.631856
traj_fclk_238,42,0.93,1.1,0.17,1,2,28,158,61,-0.01,0,0.44,10879,53487,0.25,0.00221996,675.906,-0.15539,-6.16703,1125.71,1293.06,0.600425
traj_fclk_239,44,0.95,1.8,0.1,1,1,57,142,80,-0.0234,1,0.15,19216,69922,0.25,0.00223306,679.896,-0.15539,-6.11084,1059.21,1395.58,0.641888
traj_fclk_240,52,1.17,2.0,0.18,1,1,61,135,74,-0.012,1,0.43,56340,97304,0.25,0.00223295,679.364,-0.15539,-6.11694,1083.95,1426.15,0.626748
traj_fclk_241,41,0.89,1.8,0.12,1,1,88,143,63,0.0015,1,0.35,9161,3589,0.25,0.00221996,675.906,-0.15539,-6.16703,1094.32,1395.82,0.617647
traj_fclk_242,46,1.19,1.6,0.15,0,2,44,180,21,0.0145,0,0.25,65764,30613,0.25,0.00220723,672.182,-0.15539,-6.18033,1077.3,1366.65,0.623951
traj_fclk_243,61,1.05,2.5,0.1,2,0,73,206,79,-0.0085,1,0.42,86961,14777,0.25,0.00223306,679.896,-0.15539,-6.11084,1098.05,1502.04,0.619186
traj_fclk_244,42,1.07,1.8,0.07,1,1,56,227,53,-0.0242,0,0.2,39019,11570,0.25,0.00221996,675.906,-0.15539,-6.16703,1091.66,1395.59,0.619152
traj_fclk_245,59,1.0,1.2,0.09,1,0,46,141,54,0.0115,1,0.19,1479,23747,0.25,0.00221996,675.906,-0.15539,-6.16703,1076.77,1307.18,0.627717
traj_fclk_246,53,1.1,1.3,0.18,0,2,33,173,100,0.0071,1,0.22,44937,82,0.25,0.00231846,704.9,-0.155306,-6.04446,1123.85,1322.0,0.627219
traj_fclk_247,48,0.97,2.1,0.15,0,0,47,139,76,-0.0028,0,0.28,93017,41394,0.25,0.00223295,679.364,-0.15539,-6.11694,1095.12,1440.7,0.620355
traj_fclk_248,44,0.97,2.0,0.18,2,1,43,100,58,0.0174,1,0.34,28409,24375,0.25,0.00221996,675.906,-0.15539,-6.16703,1095.12,1425.55,0.617197
traj_fclk_249,42,0.91,2.0,0.2,0,0,79,208,45,-0.0194,1,0.29,22761,64837,0.25,0.00221996,675.906,-0.15539,-6.16703,1082.62,1425.74,0.624324
traj_fclk_250,52,0.84,1.6,0.16,1,2,92,194,72,0.0044,1,0.36,40270,47333,0.25,0.00222352,677.502,-0.15539,-6.15105,1078.1,1366.42,0.628423
traj_lhs_001,63,1.1,1.5,0.17,0,0,97,102,42,-0.0076,1,0.15,32184,7773,0.254,0.002185,675.906,-0.15139,-5.97583,1078.9,1351.28,0.626479
traj_lhs_002,50,1.24,1.3,0.21,0,0,60,167,20,-0.0146,0,0.37,21905,17521,0.229,0.00240964,672.182,-0.17639,-7.18413,1099.64,1322.85,0.611272
traj_lhs_003,54,0.92,1.9,0.11,1,1,53,128,63,0.0148,1,0.19,74648,93546,0.409,0.000941267,626.696,0.126743,0.0,1117.2,1278.49,0.560952
traj_lhs_004,49,0.95,2.3,0.14,0,2,30,136,24,0.0088,0,0.38,87724,23258,0.199,0.00278858,675.906,-0.20639,-8.61435,1107.36,1471.31,0.610377
traj_lhs_005,61,1.15,1.9,0.2,1,0,77,105,95,-0.0252,0,0.36,36400,46062,0.19,0.00167647,679.896,-0.0723901,-2.40306,1082.89,1292.76,0.627856
traj_lhs_006,41,1.2,2.4,0.06,1,1,61,236,80,0.0092,0,0.28,81276,59259,0.615,0.000840253,626.696,0.179543,0.0,1113.48,1487.99,0.562828
traj_lhs_007,45,1.22,2.3,0.19,1,0,26,233,95,0.0064,0,0.25,12162,64204,0.421,0.00122745,626.696,0.0110982,0.0,1099.64,1472.68,0.569908
traj_lhs_008,52,1.11,1.8,0.18,1,1,65,133,51,-0.0111,1,0.16,30913,15743,0.302,0.00183771,675.906,-0.10339,-3.77044,1072.51,1395.84,0.630208
traj_lhs_009,42,1.15,1.1,0.08,1,0,84,161,84,0.0153,1,0.38,42429,88318,0.221,0.00253393,680.694,-0.18439,-7.50107,1097.25,1293.12,0.620364
traj_lhs_010,40,1.05,1.6,0.17,0,1,74,144,69,-0.0166,0,0.23,34332,57470,0.599,0.00101325,626.696,0.095543,0.0,1083.68,1307.96,0.578301
traj_lhs_011,40,0.91,1.4,0.12,0,1,52,167,99,0.0093,0,0.45,93474,91056,0.527,0.000980561,626.696,0.109143,0.0,1131.83,1336.47,0.553702
traj_lhs_012,53,0.82,1.7,0.15,1,1,66,193,30,-0.0013,0,0.34,59766,19982,0.45,0.00114834,626.696,0.0400982,0.0,1094.86,1381.53,0.5724
traj_lhs_013,53,0.98,2.3,0.2,0,0,30,207,38,0.0089,1,0.17,4715,69637,0.265,0.00209406,675.906,-0.14039,-5.4682,1089.0,1471.18,0.620664
traj_lhs_014,60,1.13,2.3,0.14,1,1,61,227,51,0.0197,0,0.32,78601,19070,0.204,0.00272053,675.906,-0.20139,-8.36583,1103.9,1471.83,0.612289
traj_lhs_015,51,0.93,1.9,0.21,0,1,56,109,76,0.0016,1,0.31,58769,37950,0.396,0.00140141,675.906,-0.00939013,-0.115864,1076.77,1410.76,0.627717
traj_lhs_016,44,1.01,2.4,0.05,0,0,65,164,29,-0.0272,0,0.24,27866,60815,0.262,0.00117444,626.696,0.0300982,0.0,1117.73,1293.29,0.560685
traj_lhs_017,42,0.92,1.1,0.14,1,0,89,157,90,-0.0023,0,0.4,86424,12474,0.332,0.00168152,679.896,-0.0733901,-2.44586,1082.62,1292.93,0.62801
traj_lhs_018,57,1.15,1.6,0.16,2,0,80,165,41,-0.026,0,0.38,8246,55075,0.376,0.00139424,634.144,-0.032131,-0.744163,1097.25,1366.19,0.577939
traj_lhs_019,55,0.91,1.2,0.11,1,2,25,203,39,-0.0131,1,0.4,89637,92137,0.212,0.00089559,626.696,0.149143,0.0,1089.0,1365.74,0.575476
traj_lhs_020,53,0.85,1.4,0.25,1,1,51,143,92,-0.0284,0,0.37,52399,32200,0.538,0.000960512,626.696,0.117943,0.0,1123.58,1336.96,0.557765
traj_lhs_021,62,0.88,2.4,0.16,1,0,95,145,57,-0.0255,1,0.3,68796,20336,0.305,0.00181964,675.906,-0.10039,-3.63783,1106.03,1487.23,0.611111
traj_lhs_022,45,0.94,2.3,0.06,1,0,81,161,69,0.0052,1,0.44,97480,25903,0.246,0.00225704,676.438,-0.15939,-6.35478,1113.48,1471.16,0.607501
traj_lhs_023,46,1.1,2.1,0.19,2,1,87,148,58,-0.0073,0,0.3,37915,51151,0.416,0.0012422,626.696,0.00609821,0.0,1072.51,1441.03,0.584325
traj_lhs_024,43,0.92,1.3,0.06,1,0,67,189,88,-0.0209,1,0.34,86897,15046,0.562,0.000919494,626.696,0.137143,0.0,1131.83,1321.88,0.553702
traj_lhs_025,59,0.87,2.4,0.17,1,1,54,220,64,0.0155,1,0.36,44244,40377,0.527,0.000980561,626.696,0.109143,0.0,1111.88,1487.32,0.563636
traj_lhs_026,47,1.07,1.2,0.18,2,2,86,125,42,-0.0047,1,0.42,83441,14477,0.365,0.00152035,675.906,-0.0403901,-1.1162,1091.66,1307.33,0.619152
traj_lhs_027,45,0.93,1.0,0.2,1,1,82,135,75,-0.0193,0,0.39,2269,99347,0.389,0.00132905,627.228,-0.019131,-0.398368,1070.92,1278.71,0.585693
traj_lhs_028,40,0.87,1.3,0.27,0,0,67,240,34,-0.0051,1,0.42,17350,13007,0.208,0.00266792,675.906,-0.19739,-8.18415,1111.88,1322.16,0.607895
traj_lhs_029,45,0.89,1.1,0.22,0,1,73,109,39,0.0082,1,0.43,75404,18369,0.256,0.00216768,675.906,-0.14939,-5.88975,1100.18,1293.03,0.614362
traj_lhs_030,48,0.9,1.2,0.12,1,1,48,197,91,-0.0155,0,0.34,89378,70618,0.574,0.00100732,626.696,0.0979431,0.0,1103.9,1410.93,0.567711
traj_lhs_031,44,1.12,1.2,0.21,1,1,36,91,62,0.0059,0,0.16,21299,88133,0.497,0.00103975,626.696,0.0851431,0.0,1110.55,1307.5,0.564311
traj_lhs_032,56,1.21,2.0,0.27,1,2,85,157,48,0.0129,1,0.33,4995,30729,0.414,0.000962301,626.696,0.117143,0.0,1101.24,1336.34,0.569082
traj_lhs_033,57,1.14,2.2,0.15,1,2,84,200,70,-0.0233,1,0.36,82824,36660,0.298,0.00186238,675.906,-0.10739,-3.94864,1097.25,1456.45,0.616
traj_lhs_034,43,0.91,1.8,0.19,1,2,54,121,78,0.0148,0,0.27,80957,73896,0.355,0.0015725,679.364,-0.0503901,-1.48184,1082.62,1395.66,0.627518
traj_lhs_035,54,1.2,1.9,0.09,2,0,98,90,40,0.0131,1,0.42,7859,86869,0.563,0.00091786,626.696,0.137943,0.0,1077.3,1411.6,0.581728
traj_lhs_036,53,0.82,1.5,0.07,2,0,38,94,77,0.0064,0,0.35,32498,60351,0.273,0.00204483,679.364,-0.13239,-5.05366,1042.72,1351.83,0.651531
traj_lhs_037,48,0.9,1.8,0.18,1,0,87,234,45,0.003,0,0.45,84826,18625,0.44,0.00117444,626.696,0.0300982,0.0,1088.47,1395.79,0.575758
traj_lhs_038,47,1.17,1.8,0.11,2,2,28,120,43,-0.0247,1,0.16,44839,30248,0.262,0.00211816,675.906,-0.14339,-5.60204,1083.95,1396.03,0.623558
traj_lhs_039,56,1.12,1.4,0.19,0,0,27,132,87,-0.0169,1,0.37,767,64187,0.258,0.00217054,680.694,-0.14739,-5.74515,1110.55,1336.62,0.612934
traj_lhs_040,51,1.11,2.1,0.18,0,1,42,151,31,-0.0283,1,0.41,27224,97612,0.292,0.00190043,675.906,-0.11339,-4.23057,1066.13,1441.08,0.633982
traj_lhs_041,56,1.05,1.5,0.23,0,0,72,86,44,0.0028,0,0.27,37990,29746,0.404,0.000997598,626.696,0.101943,0.0,1110.82,1321.79,0.564176
traj_lhs_042,55,0.82,1.5,0.25,0,1,47,209,62,-0.0135,0,0.44,45990,94634,0.55,0.000939555,626.696,0.127543,0.0,1042.72,1351.83,0.60102
traj_lhs_043,44,0.97,2.1,0.16,2,0,64,206,26,-0.02,0,0.41,62031,31075,0.421,0.00122745,626.696,0.0110982,0.0,1095.12,1440.7,0.572261
traj_lhs_044,60,1.19,1.5,0.15,1,1,83,230,60,0.0172,0,0.16,43851,10980,0.464,0.00105032,626.696,0.0811431,0.0,1097.25,1278.71,0.571152
traj_lhs_045,55,1.1,1.5,0.22,0,1,97,237,24,-0.012,1,0.22,13028,63539,0.193,0.00287527,675.906,-0.21239,-8.90115,1078.9,1351.28,0.626479
traj_lhs_046,60,0.83,1.9,0.07,0,1,36,183,97,-0.003,0,0.26,20549,99155,0.596,0.00086704,626.696,0.164343,0.0,1089.27,1411.57,0.575336
traj_lhs_047,41,1.01,2.5,0.12,2,1,86,214,44,0.0014,0,0.42,48607,8084,0.188,0.00295207,675.906,-0.21739,-9.13063,1117.2,1502.12,0.605
traj_lhs_048,48,1.02,2.2,0.23,1,2,71,100,88,0.01,1,0.21,95980,96270,0.322,0.00251126,675.906,-0.18439,-7.55323,1092.73,1473.06,0.618549
traj_lhs_049,57,1.0,1.4,0.09,0,0,76,104,54,-0.0297,1,0.3,99665,59788,0.536,0.000964096,626.696,0.116343,0.0,1129.97,1336.27,0.554614
traj_lhs_050,42,1.22,2.4,0.22,0,1,91,200,87,-0.0152,1,0.43,69234,80212,0.282,0.000916233,626.696,0.138743,0.0,1113.48,1337.2,0.562828
traj_lhs_051,52,0.94,1.6,0.05,0,2,60,148,34,0.0144,1,0.18,98518,36460,0.451,0.0011458,626.696,0.0410982,0.0,1065.06,1365.69,0.588412
traj_lhs_052,52,1.15,1.8,0.15,1,0,34,187,77,-0.021,1,0.31,77245,78334,0.419,0.00123331,626.696,0.00909825,0.0,1097.25,1395.98,0.571152
traj_lhs_053,52,1.15,1.0,0.21,0,1,30,235,55,-0.0069,0,0.44,8221,23000,0.536,0.000964096,626.696,0.116343,0.0,1090.6,1278.74,0.574634
traj_lhs_054,42,1.25,2.3,0.07,1,1,80,170,65,0.0027,1,0.19,64283,53874,0.588,0.000878836,626.696,0.157943,0.0,1092.73,1473.01,0.573515
traj_lhs_055,49,0.84,1.9,0.21,0,1,81,141,39,0.0087,0,0.24,44653,8183,0.584,0.000884855,626.696,0.154743,0.0,1078.1,1411.28,0.581298
traj_lhs_056,41,1.25,2.1,0.13,0,1,58,104,74,0.0079,0,0.26,6660,50051,0.592,0.000872898,626.696,0.161143,0.0,1085.81,1442.32,0.577168
traj_lhs_057,64,1.05,1.3,0.23,2,1,98,178,29,-0.0299,0,0.42,19974,82894,0.608,0.00109482,626.696,0.0620982,0.0,1078.9,1410.79,0.580868
traj_lhs_058,50,1.18,1.1,0.17,1,2,38,139,68,-0.0003,1,0.37,7305,75308,0.44,0.00117444,626.696,0.0300982,0.0,1083.95,1293.4,0.57816
traj_lhs_059,49,0.91,2.1,0.12,1,1,85,211,23,-0.0041,1,0.31,10013,24554,0.364,0.0015146,671.118,-0.0413901,-1.15984,1082.62,1440.89,0.619902
traj_lhs_060,57,0.83,2.0,0.14,1,0,76,223,62,0.0141,0,0.3,32869,51830,0.294,0.00188772,675.906,-0.11139,-4.13024,1083.68,1426.69,0.623711
traj_lhs_061,58,1.02,1.3,0.16,1,1,61,238,26,0.0179,0,0.22,3487,93873,0.2,0.000967707,626.696,0.114743,0.0,1100.18,1441.24,0.569632
traj_lhs_062,50,1.15,1.7,0.13,1,0,98,87,92,-0.0269,1,0.28,50073,70608,0.358,0.00155025,675.906,-0.0473901,-1.38454,1097.25,1381.05,0.616
traj_lhs_063,60,1.06,1.2,0.13,1,0,31,177,69,-0.0141,1,0.32,84197,13822,0.414,0.0012482,626.696,0.00409825,0.0,1091.66,1307.3,0.574074
traj_lhs_064,56,0.88,2.4,0.19,1,2,53,116,48,-0.0008,0,0.21,12362,21040,0.267,0.00207861,675.906,-0.13839,-5.36628,1106.03,1487.23,0.611111
traj_lhs_065,58,1.08,1.5,0.16,1,1,42,220,50,-0.0161,0,0.29,61004,80121,0.231,0.00240255,675.906,-0.17439,-7.07523,1085.28,1351.08,0.622794
traj_lhs_066,52,0.86,1.7,0.11,0,0,90,103,97,0.0156,1,0.21,79261,33723,0.519,0.000995675,626.696,0.102743,0.0,1066.93,1381.26,0.587385
traj_lhs_067,59,0.96,1.2,0.13,1,2,33,106,54,0.0151,0,0.21,23913,32830,0.533,0.000969522,626.696,0.113943,0.0,1101.24,1307.25,0.569082
traj_lhs_068,42,0.85,1.4,0.18,1,1,38,240,92,0.0037,1,0.41,730,43957,0.417,0.000951667,626.696,0.121943,0.0,1098.05,1455.89,0.570736
traj_lhs_069,47,0.84,1.5,0.07,1,1,61,120,40,-0.0252,0,0.28,33761,30885,0.407,0.00126967,626.696,-0.00290176,-0.0223636,1078.1,1351.63,0.581298
traj_lhs_070,40,0.83,1.6,0.15,0,1,98,146,45,-0.0083,1,0.41,40123,25649,0.308,0.00180181,675.906,-0.0973901,-3.51179,1083.68,1366.69,0.623711
traj_lhs_071,59,1.17,2.0,0.09,1,2,31,101,25,0.0043,0,0.24,1291,65889,0.286,0.0019403,675.906,-0.11939,-4.50297,1083.95,1426.15,0.623558
traj_lhs_072,45,1.1,2.2,0.14,0,2,29,201,99,-0.0098,0,0.37,17205,96460,0.207,0.00279223,702.772,-0.198306,-8.07726,1072.51,1456.27,0.655258
traj_lhs_073,48,1.24,1.7,0.21,2,2,98,202,93,0.0084,0,0.44,7023,26437,0.371,0.000880333,626.696,0.157143,0.0,1106.03,1322.12,0.566619
traj_lhs_074,53,1.01,1.7,0.17,2,2,91,249,46,0.0137,0,0.4,32451,16153,0.362,0.00153303,675.906,-0.0433901,-1.23024,1076.77,1380.65,0.627717
traj_lhs_075,49,0.91,1.8,0.15,2,0,33,191,99,-0.0215,1,0.42,47922,44370,0.261,0.00218766,692.398,-0.144363,-5.59518,1082.62,1395.66,0.639558
traj_lhs_076,49,1.22,1.4,0.14,1,1,91,169,85,-0.0291,1,0.44,51006,1753,0.513,0.00100732,626.696,0.0979431,0.0,1106.56,1337.24,0.566346
traj_lhs_077,55,1.1,2.2,0.07,2,2,51,226,39,0.0192,1,0.18,81715,3542,0.335,0.0016565,675.906,-0.0703901,-2.36076,1072.51,1456.27,0.630208
traj_lhs_078,55,1.18,2.0,0.22,0,0,33,194,71,0.0039,1,0.17,90326,21540,0.551,0.00093785,626.696,0.128343,0.0,1083.95,1426.5,0.57816
traj_lhs_079,44,1.0,1.6,0.19,1,0,63,239,32,-0.0067,0,0.32,63531,86391,0.571,0.000905001,626.696,0.144343,0.0,1082.89,1365.67,0.578728
traj_lhs_080,47,0.97,1.3,0.13,1,2,66,175,56,-0.0287,0,0.37,39752,18067,0.189,0.00293645,675.906,-0.21639,-9.08283,1101.24,1321.78,0.613768
traj_lhs_081,51,1.21,1.3,0.11,1,1,30,163,24,-0.009,0,0.4,18925,45174,0.357,0.0015443,671.118,-0.0483901,-1.4385,1113.48,1322.41,0.602723
traj_lhs_082,57,1.12,1.6,0.18,2,1,46,102,50,0.0161,0,0.24,41536,20591,0.469,0.00110182,626.696,0.0590983,0.0,1066.13,1366.07,0.587824
traj_lhs_083,60,1.0,2.3,0.14,2,1,32,115,27,-0.0219,0,0.28,67339,35288,0.272,0.00204017,675.906,-0.13339,-5.1448,1076.77,1471.11,0.627717
traj_lhs_084,48,1.12,1.5,0.26,0,0,62,243,44,0.008,1,0.19,98422,87957,0.256,0.00216793,675.906,-0.14939,-5.88023,1066.13,1351.31,0.633982
traj_lhs_085,52,1.02,2.3,0.13,2,1,53,182,86,0.0074,1,0.25,15747,23776,0.578,0.000894041,626.696,0.149943,0.0,1070.65,1471.19,0.585342
traj_lhs_086,43,1.07,1.1,0.12,1,0,28,159,84,-0.0095,0,0.25,15232,49568,0.208,0.0026923,680.694,-0.19739,-8.12247,1091.66,1292.9,0.623538
traj_lhs_087,58,1.15,2.2,0.08,1,1,44,171,78,0.0176,1,0.38,96979,92344,0.385,0.00144385,677.502,-0.0203901,-0.394855,1097.25,1456.53,0.617455
traj_lhs_088,45,1.19,2.0,0.08,1,1,32,98,83,-0.0138,0,0.43,292,81103,0.618,0.000836174,626.696,0.181943,0.0,1077.3,1426.63,0.581728
traj_lhs_089,45,0.81,1.8,0.07,0,2,54,234,73,0.0012,1,0.34,53196,84678,0.411,0.00125791,627.228,0.00286898,0.0,1042.72,1396.75,0.601531
traj_lhs_090,41,1.14,1.3,0.11,1,2,50,245,65,-0.0264,0,0.42,4135,10093,0.556,0.000929416,626.696,0.132343,0.0,1103.9,1322.07,0.567711
traj_lhs_091,59,1.09,2.0,0.07,0,0,99,249,98,0.0075,0,0.33,75987,23413,0.276,0.00207079,692.93,-0.129307,-4.89034,1078.9,1425.59,0.642258
traj_lhs_092,62,1.2,1.7,0.1,1,1,82,236,52,0.0024,1,0.33,51202,56974,0.612,0.000844371,626.696,0.177143,0.0,1077.3,1381.6,0.581728
traj_lhs_093,58,1.12,2.4,0.18,1,1,99,114,24,-0.0245,1,0.4,10309,96146,0.442,0.00116913,626.696,0.0320982,0.0,1110.55,1487.06,0.564311
traj_lhs_094,54,1.21,2.0,0.19,2,1,94,118,57,0.0139,0,0.37,2700,68732,0.33,0.00168179,675.906,-0.0753901,-2.56524,1070.65,1426.59,0.631304
traj_lhs_095,53,1.03,1.7,0.21,0,1,41,142,35,-0.0176,0,0.33,24660,13718,0.223,0.00248846,675.906,-0.18239,-7.46715,1070.65,1380.62,0.631304
traj_lhs_096,55,1.22,1.1,0.26,1,1,95,241,46,-0.0292,1,0.4,24719,77859,0.544,0.000949918,626.696,0.122743,0.0,1106.56,1293.53,0.566346
traj_lhs_097,60,0.95,1.0,0.07,1,0,55,185,25,-0.0122,1,0.29,95551,80223,0.293,0.00188494,673.246,-0.11239,-4.1876,1107.36,1278.56,0.607975
traj_lhs_098,42,1.23,2.2,0.09,1,1,64,241,73,0.0164,1,0.16,27499,968,0.348,0.0015948,675.906,-0.0573901,-1.79484,1099.64,1457.32,0.614659
traj_lhs_099,62,1.06,1.5,0.19,1,1,60,93,42,-0.0001,1,0.23,68031,56845,0.463,0.000927748,626.696,0.133143,0.0,1089.0,1471.18,0.575476
traj_lhs_100,56,1.12,2.4,0.11,1,1,46,168,74,-0.0005,1,0.37,39047,94396,0.528,0.000978704,626.696,0.109943,0.0,1110.55,1487.06,0.564311
traj_lhs_101,58,1.05,2.3,0.09,1,1,97,138,63,0.0065,0,0.34,90722,12754,0.496,0.00104185,626.696,0.0843431,0.0,1098.05,1471.19,0.570736
traj_lhs_102,49,0.92,1.9,0.17,1,1,59,97,81,-0.018,1,0.21,83055,36962,0.249,0.00224202,679.896,-0.15639,-6.15808,1082.62,1410.64,0.62801
traj_lhs_103,40,1.16,1.4,0.15,2,1,89,174,88,0.0053,0,0.36,28336,2533,0.29,0.00193103,680.694,-0.11539,-4.27491,1090.6,1336.75,0.624146
traj_lhs_104,51,0.93,1.8,0.2,1,0,95,182,72,-0.0127,1,0.38,61828,40384,0.599,0.000862697,626.696,0.166743,0.0,1070.92,1395.76,0.585196
traj_lhs_105,50,1.16,2.2,0.12,1,0,76,144,38,0.0034,1,0.28,71493,70021,0.379,0.00146419,675.906,-0.0263901,-0.591464,1090.6,1456.58,0.619756
traj_lhs_106,62,1.25,1.1,0.26,0,2,88,201,40,-0.0162,1,0.33,90116,58878,0.239,0.00117981,626.696,0.0280982,0.0,1111.88,1456.57,0.563636
traj_lhs_107,48,1.18,2.2,0.11,1,0,75,84,47,-0.0246,0,0.34,2891,45448,0.427,0.00112338,626.696,0.0500982,0.0,1094.32,1487.05,0.572679
traj_lhs_108,51,0.97,2.5,0.21,1,1,47,132,73,-0.0225,1,0.4,26205,44668,0.334,0.00166164,675.906,-0.0713901,-2.39404,1095.12,1502.07,0.617197
traj_lhs_109,44,0.99,2.0,0.18,1,1,63,143,69,0.0185,0,0.17,89960,7445,0.371,0.00150469,679.364,-0.0343901,-0.857181,1089.0,1425.41,0.62384
traj_lhs_110,54,1.17,1.1,0.07,0,1,68,227,77,-0.0176,0,0.3,56052,84636,0.514,0.00100536,626.696,0.0987431,0.0,1090.6,1293.11,0.574634
traj_lhs_111,47,0.94,2.1,0.15,2,0,90,220,51,-0.0257,1,0.37,51990,64697,0.288,0.00116649,626.696,0.0330982,0.0,1091.66,1440.75,0.574074
traj_lhs_112,56,1.04,1.4,0.11,1,1,52,227,62,-0.0027,0,0.39,99427,7471,0.227,0.00244488,675.906,-0.17839,-7.26643,1104.43,1336.38,0.611994
traj_lhs_113,50,0.87,2.2,0.17,1,0,72,145,90,-0.0294,0,0.17,72604,69316,0.582,0.000887896,626.696,0.153143,0.0,1111.88,1456.57,0.563636
traj_lhs_114,54,0.86,1.3,0.16,1,2,70,241,22,-0.0229,0,0.24,49937,58696,0.45,0.00114834,626.696,0.0400982,0.0,1117.73,1322.3,0.560685
traj_lhs_115,59,0.85,1.9,0.16,0,1,74,117,31,-0.0219,0,0.22,84077,13493,0.524,0.000986175,626.696,0.106743,0.0,1072.51,1411.29,0.584325
traj_lhs_116,41,1.07,1.5,0.17,2,1,54,83,96,-0.0011,0,0.27,30985,70332,0.399,0.00132329,638.666,-0.00601505,-0.0526713,1091.66,1351.1,0.585039
traj_lhs_117,47,1.18,1.2,0.21,0,0,77,124,70,-0.0241,1,0.45,94563,87200,0.605,0.000854141,626.696,0.171543,0.0,1120.39,1307.87,0.559354
traj_lhs_118,57,1.0,1.3,0.1,1,1,70,200,28,-0.0084,0,0.42,23845,77456,0.381,0.00144702,671.118,-0.0243901,-0.533615,1129.97,1321.69,0.593927
traj_lhs_119,41,0.96,2.1,0.2,2,1,63,111,38,-0.0056,0,0.35,3342,29408,0.254,0.00218475,675.906,-0.15139,-5.98535,1101.24,1440.68,0.613768
traj_lhs_120,49,1.13,1.1,0.21,1,2,86,89,85,-0.0063,0,0.2,18613,67602,0.459,0.00112583,626.696,0.0490982,0.0,1103.9,1293.18,0.567711
traj_lhs_121,49,0.87,2.1,0.13,2,0,97,215,45,-0.0151,1,0.33,99128,85952,0.525,0.000984296,626.696,0.107543,0.0,1055.75,1441.32,0.5936
traj_lhs_122,60,0.89,1.4,0.24,2,1,58,93,59,0.0077,1,0.38,33308,76871,0.259,0.00171247,679.896,-0.0793901,-2.70267,1064.53,1440.66,0.638681
traj_lhs_123,59,0.94,1.9,0.2,1,2,77,86,60,-0.0117,1,0.43,59660,39471,0.235,0.00236166,675.906,-0.17039,-6.88403,1070.92,1410.41,0.631148
traj_lhs_124,50,1.17,1.9,0.11,0,1,58,150,30,-0.017,1,0.31,15465,96977,0.212,0.00261758,675.906,-0.19339,-7.99295,1090.6,1411.05,0.619756
traj_lhs_125,45,1.08,2.0,0.11,1,2,74,191,32,0.001,1,0.34,86962,29087,0.397,0.00139319,672.714,-0.00839009,-0.0976164,1085.28,1425.64,0.619853
traj_lhs_126,45,0.83,2.5,0.15,1,1,47,168,97,-0.0154,1,0.32,67844,44447,0.507,0.00297871,680.694,-0.21739,-9.07847,1078.9,1455.98,0.630917
traj_lhs_127,42,0.84,1.4,0.11,1,1,57,111,96,-0.0007,0,0.32,57664,16529,0.331,0.00169184,680.694,-0.0743901,-2.49325,1129.44,1336.92,0.602685
traj_lhs_128,56,1.04,1.6,0.11,1,1,99,228,92,-0.0086,0,0.28,57873,8562,0.543,0.000951667,626.696,0.121943,0.0,1058.41,1365.79,0.592109
traj_lhs_129,44,1.09,2.2,0.2,1,1,78,232,86,-0.0238,0,0.25,72990,22663,0.247,0.0022672,680.694,-0.15839,-6.25827,1078.9,1455.98,0.630917
traj_lhs_130,41,1.01,1.7,0.16,2,1,41,179,31,-0.0133,1,0.36,82432,48232,0.299,0.00185594,675.906,-0.10639,-3.91316,1076.77,1380.65,0.627717
traj_lhs_131,54,0.88,1.3,0.13,0,0,28,157,66,-0.0052,1,0.3,24059,78139,0.218,0.00254582,675.906,-0.18739,-7.69663,1106.03,1322.12,0.611111
traj_lhs_132,50,0.96,1.9,0.2,0,0,87,163,82,0.0183,0,0.24,51315,4119,0.512,0.00129189,626.696,-0.00990177,-0.133923,1106.03,1487.23,0.566619
traj_lhs_133,58,0.85,1.5,0.14,1,0,82,171,81,0.0042,1,0.34,84673,6811,0.316,0.000889425,626.696,0.152343,0.0,1104.43,1307.29,0.567437
traj_lhs_134,55,0.87,1.8,0.1,1,1,94,127,78,0.0036,1,0.18,36006,93986,0.589,0.000877344,626.696,0.158743,0.0,1055.75,1396.03,0.5936
traj_lhs_135,57,0.82,1.2,0.1,0,2,30,206,34,0.0006,1,0.4,25316,38415,0.598,0.000864139,626.696,0.165943,0.0,1089.27,1307.89,0.575336
traj_lhs_136,49,0.83,1.1,0.22,0,1,73,155,58,0.0009,1,0.31,34462,37886,0.5,0.00103351,626.696,0.0875431,0.0,1083.68,1293.48,0.578301
traj_lhs_137,42,1.12,1.0,0.22,1,1,45,87,97,-0.0014,1,0.29,79952,99929,0.397,0.00107434,626.696,0.0710982,0.0,1094.32,1395.82,0.572679
traj_lhs_138,50,1.14,1.8,0.21,1,1,27,230,41,-0.0239,1,0.29,69144,6971,0.2,0.00277479,675.906,-0.20539,-8.56179,1097.25,1395.92,0.616
traj_lhs_139,46,1.21,2.3,0.2,0,0,97,137,24,0.0044,0,0.36,53069,52436,0.358,0.00154136,672.182,-0.0473901,-1.39784,1106.56,1472.44,0.607452
traj_lhs_140,47,0.93,1.4,0.18,1,0,42,208,88,-0.0051,0,0.35,59012,66500,0.32,0.00174458,679.896,-0.0853901,-2.95946,1119.59,1336.6,0.60727
traj_lhs_141,64,0.91,1.3,0.26,0,1,80,245,87,-0.0184,1,0.44,60535,75457,0.313,0.0012422,626.696,0.00609821,0.0,1097.25,1426.02,0.571152
traj_lhs_142,41,1.25,1.0,0.05,1,1,93,112,80,0.008,1,0.24,65808,75411,0.342,0.00163228,679.364,-0.0633901,-2.02396,1092.73,1279.23,0.621714
traj_lhs_143,49,1.17,2.4,0.15,1,0,59,126,71,-0.019,0,0.42,13802,51103,0.226,0.00245965,677.502,-0.17939,-7.29825,1083.95,1487.37,0.625031
traj_lhs_144,53,0.96,2.5,0.07,0,0,50,246,75,-0.0281,0,0.35,9511,79841,0.22,0.00253745,679.364,-0.18539,-7.55038,1101.24,1502.06,0.616908
traj_lhs_145,51,1.04,2.0,0.16,1,1,87,80,25,-0.0106,1,0.41,29841,78991,0.191,0.00290538,675.906,-0.21439,-8.99675,1104.43,1425.57,0.611994
traj_lhs_146,63,1.06,1.2,0.24,1,1,33,144,95,-0.0035,1,0.21,39370,21653,0.228,0.00120737,626.696,0.0180982,0.0,1103.9,1441.26,0.567711
traj_lhs_147,41,1.24,1.5,0.17,2,1,59,219,44,-0.0179,1,0.23,14773,73589,0.23,0.00241299,675.906,-0.17539,-7.12303,1057.35,1352.26,0.639245
traj_lhs_148,44,0.95,1.0,0.19,1,1,72,109,74,-0.0196,1,0.37,97431,40417,0.579,0.000892497,626.696,0.150743,0.0,1107.36,1278.56,0.565938
traj_lhs_149,61,1.07,1.2,0.17,1,0,37,144,98,0.012,0,0.3,59863,98864,0.252,0.0022848,701.708,-0.153306,-5.94376,1091.66,1307.33,0.642788
traj_lhs_150,55,1.22,1.6,0.08,0,0,55,197,40,0.0049,0,0.19,67082,65406,0.27,0.0020554,675.906,-0.13539,-5.23244,1064.0,1366.77,0.63525
traj_lhs_151,41,0.96,1.9,0.07,1,2,79,199,73,-0.0013,0,0.15,70748,45733,0.453,0.00114074,626.696,0.0430982,0.0,1059.21,1410.47,0.591662
traj_lhs_152,52,1.13,2.5,0.17,0,0,90,208,85,-0.022,0,0.17,58459,62266,0.401,0.00128867,626.696,-0.0089018,-0.112923,1103.9,1502.73,0.567711
traj_lhs_153,45,1.13,1.7,0.15,1,2,35,163,27,0.0057,1,0.15,49429,89099,0.322,0.00172337,675.906,-0.0833901,-2.91717,1066.13,1381.06,0.633982
traj_lhs_154,55,1.08,2.3,0.16,1,0,39,237,81,-0.0068,0,0.44,20163,27992,0.283,0.00197257,679.364,-0.12239,-4.59422,1085.28,1471.33,0.62598
traj_lhs_155,48,0.93,1.4,0.24,1,2,77,187,57,-0.0017,1,0.45,60808,58737,0.413,0.000951667,626.696,0.121943,0.0,1089.27,1472.53,0.575336
traj_lhs_156,59,0.9,2.0,0.19,2,0,51,106,72,-0.027,1,0.35,27766,22385,0.277,0.00200445,676.438,-0.12839,-4.90084,1088.47,1425.87,0.621457
traj_lhs_157,59,0.99,2.1,0.16,2,1,94,183,59,0.0056,1,0.4,29387,34931,0.339,0.00163714,675.906,-0.0663901,-2.18004,1082.89,1440.55,0.624171
traj_lhs_158,48,1.22,1.4,0.08,2,2,52,87,22,0.0084,1,0.36,28884,6336,0.205,0.00269409,673.246,-0.20039,-8.32998,1106.56,1337.24,0.608413
traj_lhs_159,48,0.94,1.8,0.08,2,1,93,181,63,-0.0036,0,0.23,26116,26360,0.594,0.000869958,626.696,0.162743,0.0,1065.06,1395.42,0.588412
traj_lhs_160,54,0.83,1.4,0.15,2,1,75,127,47,-0.0266,1,0.32,21444,90602,0.379,0.00136865,629.356,-0.029131,-0.680717,1083.68,1337.17,0.580756
traj_lhs_161,40,1.16,2.4,0.24,1,0,39,198,62,0.0172,1,0.31,26598,73648,0.556,0.000929416,626.696,0.132343,0.0,1090.6,1487.34,0.574634
traj_lhs_162,49,0.89,1.3,0.19,1,0,99,188,60,0.0021,1,0.19,80580,46148,0.585,0.000883343,626.696,0.155543,0.0,1100.18,1322.0,0.569632
traj_lhs_163,59,0.92,2.4,0.09,0,1,39,204,63,-0.0249,0,0.42,92224,55823,0.408,0.00126656,626.696,-0.00190178,-0.0134106,1076.77,1486.81,0.582016
traj_lhs_164,45,0.94,1.7,0.12,1,1,47,153,30,-0.0186,1,0.21,60482,1984,0.405,0.00127594,626.696,-0.00490177,-0.0469812,1070.92,1380.52,0.585196
traj_lhs_165,47,0.89,1.6,0.11,2,1,88,169,77,-0.0242,0,0.23,52406,49237,0.389,0.00179588,675.906,-0.0963901,-3.47357,1117.2,1486.57,0.605
traj_lhs_166,43,1.03,1.8,0.09,0,0,62,160,40,0.0099,0,0.25,78293,37405,0.352,0.0015765,675.906,-0.0533901,-1.63646,1064.53,1395.52,0.634933
traj_lhs_167,53,1.21,1.2,0.17,2,1,90,140,58,-0.0182,0,0.43,26775,40110,0.447,0.00115605,626.696,0.0370982,0.0,1106.56,1307.85,0.566346
traj_lhs_168,52,0.99,2.2,0.24,0,0,53,146,45,-0.014,0,0.18,83892,62029,0.586,0.000881835,626.696,0.156343,0.0,1089.0,1455.78,0.575476
traj_lhs_169,46,0.98,2.2,0.11,1,1,80,131,34,-0.0044,1,0.24,83893,90117,0.444,0.00116386,626.696,0.0340982,0.0,1095.12,1455.88,0.572261
traj_lhs_170,48,0.93,2.2,0.07,1,1,83,233,86,-0.0243,0,0.26,67610,87862,0.426,0.00121304,626.696,0.0160982,0.0,1070.92,1456.21,0.585196
traj_lhs_171,43,1.24,1.3,0.23,1,0,71,110,29,0.0181,0,0.26,22661,88474,0.366,0.000965898,626.696,0.115543,0.0,1104.43,1455.94,0.567437
traj_lhs_172,55,1.02,1.1,0.17,0,0,76,206,41,-0.0221,1,0.39,22822,71977,0.21,0.00264266,675.906,-0.19539,-8.08379,1117.2,1292.83,0.605
traj_lhs_173,58,1.05,1.9,0.13,2,1,99,243,36,-0.0284,1,0.45,50614,77792,0.235,0.00236139,675.906,-0.17039,-6.89355,1104.43,1410.45,0.611994
traj_lhs_174,59,0.95,1.3,0.15,1,0,88,82,88,0.0032,0,0.21,55833,66265,0.36,0.00155066,679.364,-0.0453901,-1.28384,1113.48,1321.84,0.610129
traj_lhs_175,61,1.14,2.0,0.19,0,1,56,233,78,0.0131,1,0.32,10834,30111,0.433,0.00119343,626.696,0.0230982,0.0,1097.25,1426.02,0.571152
traj_lhs_176,50,0.95,1.2,0.06,0,2,85,209,67,-0.0279,0,0.29,92964,83357,0.241,0.00230286,675.906,-0.16439,-6.59723,1107.36,1307.34,0.610377
traj_lhs_177,45,1.06,1.2,0.16,1,0,42,206,94,-0.0137,0,0.21,37305,35805,0.475,0.00108791,626.696,0.0650982,0.0,1091.66,1307.3,0.574074
traj_lhs_178,56,1.21,2.2,0.16,1,1,40,92,40,0.0112,0,0.3,70058,38604,0.51,0.00118251,626.696,0.0270982,0.0,1117.2,1307.25,0.560952
traj_lhs_179,43,1.07,1.4,0.11,1,0,40,105,93,-0.0116,0,0.15,52670,5339,0.445,0.00116125,626.696,0.0350982,0.0,1091.66,1336.43,0.574074
traj_lhs_180,50,1.17,2.4,0.07,1,1,55,200,53,-0.0071,1,0.42,90882,22249,0.373,0.000834823,626.696,0.182743,0.0,1100.44,1411.8,0.569495
traj_lhs_181,55,1.07,1.8,0.08,1,1,42,222,99,-0.029,0,0.29,64565,53231,0.376,0.00139161,634.144,-0.0290151,-0.697933,1091.66,1395.59,0.580897
traj_lhs_182,47,0.89,1.6,0.09,1,1,78,90,38,-0.0148,0,0.17,29878,84975,0.181,0.00102939,626.696,0.0891431,0.0,1091.66,1486.73,0.574074
traj_lhs_183,51,0.97,2.2,0.12,1,1,95,213,62,0.0119,1,0.33,86171,22866,0.477,0.00108335,626.696,0.0670982,0.0,1095.12,1455.92,0.572261
traj_lhs_184,47,0.82,2.4,0.14,2,2,78,156,49,-0.0069,0,0.21,52078,42975,0.324,0.00171293,675.906,-0.0813901,-2.82204,1089.27,1487.98,0.620513
traj_lhs_185,48,0.82,1.1,0.1,1,0,81,81,79,-0.0103,0,0.2,89785,81764,0.325,0.00171766,679.364,-0.0803901,-2.75156,1089.27,1293.4,0.623687
traj_lhs_186,52,1.0,1.2,0.09,2,1,26,151,77,0.0132,0,0.32,7959,6042,0.392,0.00302702,680.694,-0.22039,-9.22187,1117.2,1293.07,0.609286
traj_lhs_187,44,0.9,1.3,0.14,2,0,34,103,49,0.0173,0,0.33,38135,73268,0.311,0.00178453,675.906,-0.0943901,-3.37844,1094.32,1321.98,0.617647
traj_lhs_188,61,1.03,1.9,0.19,1,1,46,229,42,-0.025,0,0.18,25595,47888,0.603,0.000971345,626.696,0.113143,0.0,1050.17,1351.29,0.596758
traj_lhs_189,42,0.88,1.8,0.18,1,2,56,198,91,0.0193,0,0.41,11774,54498,0.483,0.00106989,626.696,0.0730982,0.0,1050.17,1395.97,0.596758
traj_lhs_190,56,1.02,1.3,0.06,1,2,78,237,33,-0.0276,0,0.31,55593,67399,0.574,0.000900271,626.696,0.146743,0.0,1117.2,1321.76,0.560952
traj_lhs_191,58,1.23,2.1,0.06,2,2,82,136,29,-0.0032,1,0.22,95173,11732,0.195,0.00284578,675.906,-0.21039,-8.80555,1099.64,1442.03,0.614659
traj_lhs_192,61,1.23,2.1,0.2,1,1,92,111,33,0.0123,1,0.31,8689,86905,0.495,0.00104395,626.696,0.0835431,0.0,1099.64,1442.03,0.569908
traj_lhs_193,48,1.11,1.0,0.07,2,0,72,235,42,0.001,1,0.45,77820,48862,0.509,0.00101524,626.696,0.0947431,0.0,1110.55,1278.71,0.564311
traj_lhs_194,65,1.16,1.1,0.06,1,1,35,228,50,0.0139,1,0.34,78082,3935,0.54,0.000956954,626.696,0.119543,0.0,1090.6,1293.13,0.574634
traj_lhs_195,54,0.97,2.5,0.08,1,2,64,142,88,0.0124,0,0.37,55463,99388,0.596,0.00190697,675.906,-0.11439,-4.27597,1047.51,1365.78,0.645251
traj_lhs_196,46,1.13,2.0,0.1,0,1,48,155,28,0.0157,1,0.38,16905,32003,0.606,0.000852732,626.696,0.172343,0.0,1103.9,1426.09,0.567711
traj_lhs_197,40,1.01,2.0,0.06,0,1,69,231,80,0.0071,1,0.39,39455,79270,0.236,0.00236553,679.896,-0.16939,-6.77948,1076.77,1425.6,0.631423
traj_lhs_198,46,0.85,2.2,0.19,2,0,29,190,57,-0.0296,0,0.35,63057,49664,0.215,0.00258134,675.906,-0.19039,-7.84003,1072.51,1456.85,0.630208
traj_lhs_199,54,0.86,1.2,0.05,2,1,68,165,61,-0.0182,1,0.35,74134,41258,0.215,0.00258134,675.906,-0.19039,-7.84003,1111.88,1307.75,0.607895
traj_lhs_200,46,1.17,1.4,0.1,2,2,74,137,41,0.011,0,0.34,49214,92952,0.314,0.00176728,675.906,-0.0913901,-3.25956,1127.31,1336.74,0.599575
traj_lhs_201,60,0.9,1.9,0.17,1,1,75,130,79,-0.002,1,0.29,37501,8962,0.401,0.00130928,636.804,-0.00401509,-0.0343128,1094.32,1410.79,0.581915
traj_lhs_202,61,1.24,2.3,0.09,2,1,69,156,61,-0.0048,1,0.29,53416,35836,0.279,0.00198921,675.906,-0.12639,-4.81188,1092.73,1473.06,0.618549
traj_lhs_203,61,1.1,1.8,0.18,2,0,49,81,58,-0.0186,1,0.24,11914,60414,0.55,0.00108335,626.696,0.0670982,0.0,1076.77,1395.55,0.582016
traj_lhs_204,42,0.99,1.8,0.21,0,1,81,133,85,0.0145,1,0.33,6111,60881,0.478,0.00108108,626.696,0.0680982,0.0,1089.0,1395.37,0.575476
traj_lhs_205,46,0.86,2.1,0.08,0,2,95,133,22,-0.0093,1,0.23,96712,81843,0.261,0.000868496,626.696,0.163543,0.0,1070.65,1472.45,0.585342
traj_lhs_206,56,0.94,1.2,0.15,0,1,36,211,100,-0.0108,0,0.22,80103,17556,0.281,0.00203294,692.664,-0.124363,-4.6602,1113.48,1307.18,0.622074
traj_lhs_207,53,0.89,2.3,0.07,1,1,66,149,59,0.0111,1,0.32,86654,98729,0.602,0.000858398,626.696,0.169143,0.0,1094.32,1471.65,0.572679
traj_lhs_208,42,1.08,1.2,0.13,0,1,95,108,83,-0.0191,0,0.39,97091,8877,0.447,0.00115605,626.696,0.0370982,0.0,1085.28,1307.3,0.577451
traj_lhs_209,58,0.86,1.7,0.06,0,1,70,197,30,0.0183,1,0.34,61243,56009,0.316,0.0017561,675.906,-0.0893901,-3.17396,1066.93,1381.26,0.633508
traj_lhs_210,46,1.19,1.9,0.08,0,0,46,131,76,0.0169,0,0.41,76030,5225,0.573,0.000901842,626.696,0.145943,0.0,1077.3,1411.52,0.581728
traj_lhs_211,41,1.09,1.6,0.14,0,1,44,221,62,-0.0024,0,0.2,78948,88799,0.349,0.00159023,675.906,-0.0563901,-1.75204,1078.9,1365.77,0.626479
traj_lhs_212,54,1.15,1.2,0.21,1,0,42,242,21,0.0034,0,0.41,85474,20397,0.491,0.00105245,626.696,0.080343,0.0,1090.6,1307.58,0.574634
traj_lhs_213,47,0.82,2.3,0.2,2,1,71,99,21,0.0095,0,0.22,60447,33247,0.439,0.00117712,626.696,0.0290982,0.0,1089.27,1472.53,0.575336
traj_lhs_214,55,1.2,1.8,0.19,2,2,77,234,50,0.0168,0,0.19,28509,50737,0.202,0.00274747,675.906,-0.20339,-8.46143,1070.65,1396.56,0.631304
traj_lhs_215,52,1.18,2.5,0.12,1,1,51,195,67,-0.0101,0,0.44,22235,74644,0.183,0.00303273,675.906,-0.22239,-9.36963,1077.3,1503.25,0.627407
traj_lhs_216,61,1.11,1.7,0.19,0,1,65,97,43,0.0112,0,0.22,44500,32146,0.501,0.00103145,626.696,0.088343,0.0,1072.51,1380.92,0.584325
traj_lhs_217,52,1.18,1.3,0.27,1,1,96,147,97,-0.0225,1,0.29,87807,29528,0.435,0.00118794,626.696,0.0250982,0.0,1127.31,1322.42,0.555923
traj_lhs_218,51,0.96,1.1,0.16,0,0,71,109,25,0.0167,0,0.26,27080,41414,0.235,0.00236139,675.906,-0.17039,-6.89355,1107.36,1292.83,0.610377
traj_lhs_219,48,1.18,1.4,0.08,2,2,72,186,54,-0.0058,1,0.23,40929,42171,0.217,0.00255755,675.906,-0.18839,-7.74443,1120.39,1337.05,0.603276
traj_lhs_220,59,0.98,1.6,0.21,1,2,36,152,93,-0.0195,1,0.26,1799,377,0.489,0.00105676,626.696,0.0787431,0.0,1089.0,1365.74,0.575476
traj_lhs_221,41,1.0,1.8,0.12,2,1,49,147,92,-0.006,0,0.19,65366,91395,0.363,0.00153785,679.364,-0.0423901,-1.16504,1082.89,1395.4,0.627364
traj_lhs_222,43,1.03,1.4,0.27,0,0,49,121,21,0.0133,1,0.26,47657,67967,0.486,0.00221523,679.364,-0.15339,-6.02386,1123.58,1322.33,0.60464
traj_lhs_223,56,1.03,2.4,0.05,0,1,66,113,34,0.0126,0,0.39,93523,47979,0.31,0.00179009,675.906,-0.0953901,-3.43076,1110.82,1486.62,0.608477
traj_lhs_224,45,1.16,1.7,0.06,1,2,96,116,45,0.016,0,0.39,56948,91747,0.283,0.00196109,675.906,-0.12239,-4.62964,1090.6,1381.09,0.619756
traj_lhs_225,63,1.12,2.3,0.28,0,1,36,176,84,-0.0281,0,0.44,73864,79297,0.583,0.000886373,626.696,0.153943,0.0,1103.9,1471.66,0.567711
traj_lhs_226,60,0.97,1.9,0.07,1,1,58,101,55,0.0054,0,0.35,18274,66148,0.619,0.000834823,626.696,0.182743,0.0,1101.24,1410.49,0.569082
traj_lhs_227,53,0.84,2.2,0.25,0,1,61,149,64,-0.0063,1,0.38,13824,30085,0.315,0.000905001,626.696,0.144343,0.0,1065.06,1351.1,0.588412
traj_lhs_228,44,1.15,1.8,0.09,0,0,69,112,49,0.019,1,0.15,14990,45008,0.29,0.00191375,675.906,-0.11539,-4.31184,1097.25,1395.98,0.616
traj_lhs_229,43,0.98,1.3,0.06,1,2,39,85,99,0.0128,0,0.23,34566,71827,0.229,0.00252398,702.772,-0.176306,-7.02566,1095.12,1321.75,0.641729
traj_lhs_230,48,0.9,2.1,0.1,0,1,52,152,65,-0.0223,0,0.4,83151,22677,0.606,0.000852732,626.696,0.172343,0.0,1088.47,1441.03,0.575758
traj_lhs_231,56,0.9,1.2,0.19,1,0,79,244,80,-0.0082,1,0.36,39119,51858,0.484,0.00106768,626.696,0.0740983,0.0,1088.47,1307.46,0.575758
traj_lhs_232,57,0.96,2.0,0.17,1,1,67,214,52,0.0004,1,0.16,42048,60740,0.186,0.00298381,675.906,-0.21939,-9.22623,1101.24,1425.53,0.613768
traj_lhs_233,57,1.04,2.2,0.18,1,0,94,195,86,-0.0297,0,0.23,10774,61609,0.517,0.000999527,626.696,0.101143,0.0,1104.43,1455.94,0.567437
traj_lhs_234,56,1.03,2.1,0.1,2,1,44,218,66,0.0078,1,0.39,43270,13349,0.276,0.00201171,676.438,-0.12939,-4.94703,1064.53,1440.71,0.635432
traj_lhs_235,49,1.22,1.1,0.21,1,1,61,86,29,-0.0275,0,0.22,92682,4540,0.197,0.00281689,675.906,-0.20839,-8.70995,1106.56,1293.53,0.610817
traj_lhs_236,53,1.11,1.1,0.15,1,1,35,115,88,-0.0062,1,0.36,7696,89703,0.429,0.00120456,626.696,0.0190982,0.0,1117.2,1293.07,0.560952
traj_lhs_237,46,0.87,2.2,0.06,0,2,40,216,47,0.0092,1,0.2,30190,94688,0.518,0.000997598,626.696,0.101943,0.0,1111.88,1456.57,0.563636
traj_lhs_238,43,0.81,1.0,0.14,2,1,91,117,94,0.0186,0,0.25,16111,65191,0.601,0.000859826,626.696,0.168343,0.0,1094.86,1279.17,0.5724
traj_lhs_239,42,1.07,1.9,0.16,1,2,75,123,79,-0.0223,0,0.33,63869,21688,0.372,0.00149191,675.906,-0.0333901,-0.838239,1091.66,1410.58,0.619152
traj_lhs_240,58,1.1,1.9,0.21,1,1,69,125,68,-0.0154,0,0.26,98201,19625,0.245,0.00226526,675.906,-0.16039,-6.40603,1078.9,1410.79,0.626479
traj_lhs_241,49,1.23,1.0,0.17,1,1,78,222,87,0.0021,1,0.26,30383,58308,0.224,0.00249999,680.694,-0.18139,-7.35767,1099.64,1279.07,0.619013
traj_lhs_242,61,0.93,1.7,0.07,2,2,88,118,81,0.0046,0,0.3,19997,72558,0.619,0.000834823,626.696,0.182743,0.0,1076.77,1380.85,0.582016
traj_lhs_243,44,0.9,1.3,0.08,1,1,32,122,55,0.0106,0,0.27,65097,17096,0.384,0.0014452,675.906,-0.0213901,-0.434713,1094.32,1321.98,0.617647
traj_lhs_244,60,1.01,1.2,0.11,1,2,92,250,31,-0.0158,1,0.41,35185,59528,0.337,0.00164667,675.906,-0.0683901,-2.27517,1123.58,1307.34,0.601562
traj_lhs_245,61,1.14,2.1,0.07,0,1,90,170,75,-0.0084,1,0.23,89156,8775,0.455,0.00113573,626.696,0.0450982,0.0,1097.25,1441.2,0.571152
traj_lhs_246,49,1.02,2.1,0.06,2,1,72,119,82,0.0103,1,0.29,19212,97227,0.493,0.00104819,626.696,0.0819431,0.0,1064.53,1440.66,0.588706
traj_lhs_247,60,1.12,1.1,0.21,1,1,85,196,37,0.0165,1,0.19,35523,95284,0.346,0.00160383,675.906,-0.0593901,-1.88997,1110.55,1293.05,0.608623
traj_lhs_248,54,0.92,2.4,0.18,1,1,43,177,94,-0.0206,0,0.32,98111,34108,0.566,0.000912995,626.696,0.140343,0.0,1076.77,1486.81,0.582016
traj_lhs_249,65,1.15,2.2,0.07,0,0,44,188,96,-0.0263,0,0.19,57621,5228,0.457,0.00113076,626.696,0.0470982,0.0,1097.25,1456.53,0.571152
traj_lhs_250,53,0.87,1.9,0.06,1,2,66,192,52,-0.0208,0,0.17,93997,72838,0.255,0.00217643,675.906,-0.15039,-5.92803,1061.34,1411.05,0.636842
traj_lhs_251,62,0.9,2.3,0.06,0,1,37,138,35,-0.0071,0,0.31,89208,43678,0.369,0.00150387,675.906,-0.0363901,-0.961761,1088.47,1471.59,0.620968
traj_lhs_252,61,0.85,2.4,0.08,1,1,94,92,83,0.0172,0,0.26,47435,43478,0.413,0.0013438,675.906,0.00760989,0.0,1072.51,1487.63,0.630208
traj_lhs_253,52,1.24,1.2,0.05,0,2,85,88,77,-0.0254,1,0.2,45603,15544,0.249,0.00223245,677.502,-0.15639,-6.19885,1092.73,1308.27,0.62001
traj_lhs_254,51,1.05,1.0,0.18,1,2,58,179,91,-0.0197,0,0.21,45512,12062,0.181,0.00315743,696.92,-0.224317,-9.3004,1098.05,1278.45,0.63469
traj_lhs_255,44,0.89,1.5,0.2,0,1,62,154,33,0.01,1,0.37,5396,72314,0.218,0.00254554,675.906,-0.18739,-7.70615,1050.17,1351.29,0.643617
traj_lhs_256,46,1.19,2.0,0.2,1,2,65,110,90,-0.0138,1,0.3,11334,41457,0.192,0.00295158,687.61,-0.213374,-8.86915,1077.3,1426.63,0.638272
traj_lhs_257,52,1.04,1.4,0.21,1,0,49,172,32,-0.002,1,0.38,89087,15280,0.213,0.00260529,675.906,-0.19239,-7.94515,1104.43,1336.38,0.611994
traj_lhs_258,62,1.01,2.1,0.19,2,0,39,224,36,-0.0224,0,0.18,34830,84930,0.424,0.00121876,626.696,0.0140983,0.0,1070.65,1440.74,0.585342
traj_lhs_259,56,0.88,2.3,0.08,1,1,49,204,60,0.0096,0,0.4,23023,2651,0.58,0.000890958,626.696,0.151543,0.0,1100.18,1471.82,0.569632
traj_lhs_260,57,0.99,1.1,0.07,2,1,93,219,53,0.0066,0,0.27,4002,38900,0.559,0.000924429,626.696,0.134743,0.0,1089.0,1292.73,0.575476
traj_lhs_261,61,0.99,1.1,0.22,1,1,100,162,42,-0.0199,1,0.25,70323,27366,0.269,0.00206304,675.906,-0.13639,-5.27864,1089.0,1292.73,0.620664
traj_lhs_262,47,1.02,1.6,0.1,2,1,49,123,50,0.0135,1,0.38,80982,64624,0.61,0.00084714,626.696,0.175543,0.0,1070.65,1365.75,0.585342
traj_lhs_263,58,1.15,1.3,0.2,0,2,31,110,75,-0.0016,0,0.26,12250,46914,0.289,0.00193162,679.364,-0.11639,-4.32182,1097.25,1322.11,0.619152
traj_lhs_264,60,1.08,1.6,0.16,1,2,77,84,37,-0.0126,0,0.19,13807,53722,0.34,0.00163214,675.906,-0.0653901,-2.14676,1085.28,1365.83,0.622794
traj_lhs_265,40,0.83,2.4,0.14,1,1,48,211,26,-0.013,0,0.18,84363,39852,0.301,0.00183484,673.246,-0.10439,-3.82679,1083.68,1487.98,0.621257
traj_lhs_266,41,1.04,1.7,0.06,1,2,33,169,48,-0.0076,0,0.24,53922,52886,0.608,0.000849927,626.696,0.173943,0.0,1064.53,1380.61,0.588706
traj_lhs_267,44,0.86,1.4,0.12,0,2,83,173,39,0.0,1,0.36,92099,68102,0.209,0.00265515,675.906,-0.19639,-8.13635,1111.88,1336.92,0.607895
traj_lhs_268,48,1.2,1.7,0.13,1,2,56,176,51,-0.0262,0,0.41,34316,99876,0.318,0.00174525,675.906,-0.0873901,-3.07884,1077.3,1381.6,0.627407
traj_lhs_269,44,0.98,1.5,0.08,0,2,97,239,93,-0.0272,0,0.43,73509,27689,0.269,0.00208178,680.694,-0.13639,-5.23695,1047.51,1351.0,0.649822
traj_lhs_270,47,1.16,2.2,0.09,0,0,47,93,32,-0.0053,0,0.26,46366,76794,0.529,0.000976853,626.696,0.110743,0.0,1090.6,1456.58,0.574634
traj_lhs_271,54,1.2,1.5,0.12,2,1,92,170,98,-0.0172,1,0.43,24327,58140,0.507,0.00101924,626.696,0.0931431,0.0,1077.3,1351.92,0.581728
traj_lhs_272,52,0.98,2.3,0.09,2,1,45,248,21,0.0077,1,0.38,9282,35704,0.393,0.00139982,668.724,-0.0123901,-0.18611,1089.0,1471.18,0.614069
traj_lhs_273,54,0.89,2.1,0.06,0,1,67,108,26,0.0085,1,0.2,88319,10941,0.409,0.00128263,634.676,0.000869027,0.0,1094.32,1441.08,0.579971
traj_lhs_274,53,0.89,2.5,0.18,1,0,79,192,68,0.0031,0,0.33,33490,95860,0.455,0.00113573,626.696,0.0450982,0.0,1094.32,1502.54,0.572679
traj_lhs_275,59,1.11,1.2,0.09,0,1,74,96,96,-0.0044,1,0.28,37216,55279,0.561,0.000921133,626.696,0.136343,0.0,1110.55,1307.51,0.564311
traj_lhs_276,56,0.88,1.6,0.13,0,1,87,142,22,0.003,1,0.44,74992,57108,0.243,0.00227279,673.246,-0.16239,-6.51358,1050.17,1366.19,0.641084
traj_lhs_277,46,0.84,1.3,0.2,1,2,37,141,28,-0.0035,1,0.19,86672,3905,0.347,0.00159921,675.906,-0.0583901,-1.84717,1129.44,1322.29,0.598446
traj_lhs_278,48,1.23,1.6,0.14,2,1,38,229,64,-0.0088,0,0.23,51601,81639,0.287,0.00193376,675.906,-0.11839,-4.44804,1057.35,1366.76,0.639245
traj_lhs_279,43,1.18,2.2,0.12,2,0,44,242,71,-0.0205,1,0.16,6754,71248,0.239,0.00232315,676.438,-0.16639,-6.68938,1083.95,1456.96,0.624049
traj_lhs_280,41,1.23,2.3,0.13,0,1,87,202,71,-0.0042,0,0.23,66630,84090,0.473,0.00109251,626.696,0.0630982,0.0,1099.64,1472.7,0.569908
traj_lhs_281,42,1.23,2.1,0.22,0,1,92,99,28,0.006,1,0.32,5915,98434,0.394,0.00139927,671.118,-0.0113901,-0.16481,1099.64,1442.03,0.610305
traj_lhs_282,53,0.93,2.3,0.18,2,2,70,186,66,0.0073,0,0.34,54583,47343,0.487,0.0010611,626.696,0.0770982,0.0,1070.92,1471.52,0.585196
traj_lhs_283,51,0.81,1.5,0.14,1,0,34,224,95,0.0196,1,0.3,43812,90793,0.327,0.00171253,680.694,-0.0783901,-2.66445,1048.04,1352.06,0.649492
traj_lhs_284,54,0.97,1.7,0.1,2,2,79,225,37,0.005,0,0.19,43366,87417,0.234,0.00237148,675.906,-0.17139,-6.94135,1053.36,1380.6,0.641667
traj_lhs_285,45,1.03,1.6,0.13,0,1,95,149,58,0.0091,1,0.28,76300,42555,0.373,0.00148791,675.906,-0.0323901,-0.800816,1064.53,1365.79,0.634933
traj_lhs_286,44,1.21,1.1,0.1,1,1,73,128,54,-0.0093,0,0.42,91613,47710,0.522,0.000989953,626.696,0.105143,0.0,1113.48,1293.37,0.562828
traj_lhs_287,46,1.0,2.4,0.11,1,0,76,122,29,0.0117,1,0.16,54261,31649,0.305,0.00181943,675.906,-0.10039,-3.64735,1082.89,1486.49,0.624171
traj_lhs_288,57,1.2,1.1,0.12,2,2,35,92,95,-0.0114,1,0.24,19641,74584,0.194,0.00296788,701.708,-0.211306,-8.68836,1113.48,1293.53,0.630196
traj_lhs_289,57,1.14,2.2,0.2,1,1,48,94,65,-0.0079,0,0.18,23290,50326,0.545,0.000948175,626.696,0.123543,0.0,1097.25,1456.45,0.571152
traj_lhs_290,42,0.92,1.3,0.16,1,1,26,243,37,-0.0141,1,0.17,76494,80955,0.546,0.000946439,626.696,0.124343,0.0,1131.83,1321.88,0.553702
traj_lhs_291,61,0.86,1.1,0.21,1,1,71,206,46,-0.0038,0,0.23,14215,41897,0.211,0.00263028,675.906,-0.19439,-8.03123,1117.73,1293.29,0.604712
traj_lhs_292,50,1.06,1.5,0.12,1,1,45,82,72,0.004,0,0.34,36718,9670,0.436,0.00118522,626.696,0.0260982,0.0,1052.3,1351.06,0.595551
traj_lhs_293,44,1.17,1.7,0.07,2,1,60,176,87,0.0113,0,0.35,77138,52403,0.185,0.00302702,680.694,-0.22039,-9.22187,1090.6,1381.09,0.624146
traj_lhs_294,61,1.09,1.9,0.09,1,1,26,91,43,-0.0144,1,0.35,40568,54312,0.615,0.000840253,626.696,0.179543,0.0,1085.28,1410.52,0.577451
traj_lhs_295,42,1.12,1.0,0.22,1,1,58,101,51,-0.0213,0,0.44,87372,77215,0.427,0.0012102,626.696,0.0170982,0.0,1110.55,1278.69,0.564311
traj_lhs_296,43,0.85,2.3,0.18,0,1,26,138,36,-0.0167,1,0.27,57298,26559,0.465,0.0011113,626.696,0.0550982,0.0,1066.93,1472.2,0.587385
traj_lhs_297,58,1.06,1.5,0.16,0,1,51,178,76,-0.015,1,0.31,38451,76460,0.568,0.000909781,626.696,0.141943,0.0,1052.3,1351.06,0.595551
traj_lhs_298,59,1.08,1.3,0.15,1,0,88,181,91,-0.0299,1,0.34,79826,89361,0.497,0.00103975,626.696,0.0851431,0.0,1085.28,1321.81,0.577451
traj_lhs_299,47,0.85,1.2,0.13,1,1,96,104,48,-0.0231,0,0.36,46143,62417,0.549,0.000941267,626.696,0.126743,0.0,1123.58,1307.78,0.557765
traj_lhs_300,59,1.09,1.4,0.15,0,0,69,189,82,-0.0158,0,0.36,44365,4286,0.418,0.00123626,626.696,0.00809822,0.0,1123.85,1336.35,0.557633
traj_lhs_301,44,0.85,1.9,0.05,2,0,64,232,89,-0.0236,0,0.21,13393,49006,0.474,0.0010902,626.696,0.0640983,0.0,1072.51,1411.29,0.584325
traj_lhs_302,62,0.89,1.5,0.19,2,1,32,188,55,0.0124,1,0.16,69492,46310,0.222,0.00249995,675.906,-0.18339,-7.50543,1050.17,1351.29,0.643617
traj_lhs_303,60,1.09,1.1,0.14,1,1,63,150,90,-0.013,0,0.3,85699,24224,0.238,0.00238111,687.61,-0.167374,-6.67036,1078.9,1292.8,0.637327
traj_lhs_304,50,1.24,1.5,0.19,2,1,71,140,46,-0.0124,0,0.25,94919,28677,0.203,0.00273394,675.906,-0.20239,-8.41363,1057.35,1352.26,0.639245
traj_lhs_305,52,1.14,1.9,0.17,2,1,48,184,53,0.0199,1,0.22,68052,85296,0.485,0.00106548,626.696,0.0750982,0.0,1103.9,1410.93,0.567711
traj_lhs_306,54,1.19,1.6,0.11,0,1,45,96,66,0.0104,1,0.25,74596,25133,0.54,0.000956954,626.696,0.119543,0.0,1077.3,1366.65,0.581728
traj_lhs_307,53,1.16,1.1,0.05,1,2,55,248,55,-0.0077,1,0.36,72080,34455,0.297,0.00186865,675.906,-0.10839,-3.99404,1090.6,1293.13,0.619756
traj_lhs_308,54,1.25,2.5,0.17,0,0,45,158,26,0.018,1,0.32,96450,92584,0.344,0.00160549,673.246,-0.0613901,-1.978,1092.73,1504.02,0.616115
traj_lhs_309,43,0.91,1.9,0.17,1,1,90,167,61,0.0026,1,0.43,31802,83832,0.275,0.00201814,675.906,-0.13039,-4.99668,1088.47,1410.66,0.620968
traj_lhs_310,59,1.05,1.4,0.15,1,1,52,166,81,-0.0134,0,0.45,6405,61243,0.25,0.00223306,679.896,-0.15539,-6.11084,1098.05,1336.32,0.619186
traj_lhs_311,49,1.05,1.6,0.08,0,1,50,173,45,-0.0165,1,0.28,652,59153,0.404,0.0012791,626.696,-0.00590175,-0.0599809,1052.3,1365.73,0.595551
traj_lhs_312,55,0.97,1.5,0.2,1,2,36,83,49,0.0122,1,0.17,17636,82816,0.315,0.00176187,675.906,-0.0903901,-3.20724,1053.36,1351.03,0.641667
traj_lhs_313,57,0.84,1.5,0.13,1,1,80,247,67,-0.0112,0,0.19,73449,52078,0.386,0.00141748,664.734,-0.0193901,-0.370376,1078.1,1351.63,0.61658
traj_lhs_314,44,0.8,1.5,0.18,2,0,25,162,22,0.0188,1,0.4,47198,11380,0.538,0.000960512,626.696,0.117943,0.0,1053.36,1352.16,0.594949
traj_lhs_315,52,0.91,2.1,0.19,1,0,62,107,61,-0.0148,0,0.37,82059,10703,0.463,0.0011161,626.696,0.0530982,0.0,1082.62,1440.89,0.57887
traj_lhs_316,60,0.8,1.3,0.11,1,1,68,221,94,0.0116,1,0.43,25568,3105,0.592,0.000872898,626.696,0.161143,0.0,1106.03,1322.75,0.566619
traj_lhs_317,50,1.22,1.6,0.13,1,2,74,188,83,-0.0017,1,0.31,62407,10010,0.388,0.00143038,675.906,-0.0173901,-0.312307,1064.0,1366.77,0.63525
traj_lhs_318,40,0.83,2.4,0.16,1,2,73,100,89,-0.0202,1,0.26,66147,82866,0.532,0.000971345,626.696,0.113143,0.0,1083.68,1487.98,0.578301
traj_lhs_319,61,0.81,2.2,0.22,1,0,68,215,97,-0.0285,0,0.2,4992,29585,0.24,0.0023636,688.142,-0.165318,-6.56303,1094.86,1457.46,0.628523
traj_lhs_320,55,1.22,1.2,0.18,0,1,67,201,69,0.0044,1,0.27,10782,56639,0.198,0.00280421,676.438,-0.20739,-8.64918,1106.56,1308.02,0.611298
traj_lhs_321,48,1.06,1.7,0.07,1,0,62,89,35,-0.0188,0,0.44,8728,215,0.263,0.00210999,675.906,-0.14239,-5.5606,1098.05,1380.64,0.615552
traj_lhs_322,61,0.8,2.3,0.09,1,2,26,158,53,-0.0258,0,0.34,75010,5628,0.368,0.00150795,675.906,-0.0373901,-0.999762,1100.44,1473.01,0.614213
traj_lhs_323,62,0.84,1.6,0.19,0,0,41,164,58,-0.0055,1,0.18,41097,95128,0.447,0.00115605,626.696,0.0370982,0.0,1078.1,1366.42,0.581298
traj_lhs_324,48,0.88,1.1,0.13,1,2,41,245,59,0.0174,1,0.27,63328,33103,0.555,0.000931091,626.696,0.131543,0.0,1106.03,1293.14,0.566619
traj_lhs_325,42,0.89,1.0,0.1,1,2,60,155,59,0.0107,0,0.25,84744,93463,0.431,0.00119897,626.696,0.0210982,0.0,1094.32,1278.66,0.572679
traj_lhs_326,50,1.24,1.3,0.12,0,1,65,129,97,-0.0185,1,0.22,68486,26963,0.328,0.00170731,680.694,-0.0773901,-2.62165,1099.64,1322.85,0.619013
traj_lhs_327,47,1.05,2.4,0.14,0,1,59,199,80,0.019,1,0.22,36285,19973,0.492,0.00105032,626.696,0.0811431,0.0,1104.43,1486.58,0.567437
traj_lhs_328,55,1.06,2.1,0.16,1,2,28,129,84,0.0001,1,0.25,95961,62768,0.422,0.00122454,626.696,0.0120982,0.0,1091.66,1440.75,0.574074
traj_lhs_329,43,1.08,1.2,0.13,2,2,99,153,44,-0.0217,0,0.18,71255,8942,0.502,0.00102939,626.696,0.0891431,0.0,1085.28,1307.3,0.577451
traj_lhs_330,47,1.21,2.4,0.12,0,2,87,240,74,-0.01,1,0.3,88671,68611,0.577,0.00089559,626.696,0.149143,0.0,1113.48,1487.89,0.562828
traj_lhs_331,51,1.19,2.4,0.08,1,1,96,193,47,-0.0029,0,0.43,42680,1433,0.553,0.000934459,626.696,0.129943,0.0,1120.39,1487.89,0.559354
traj_lhs_332,60,0.9,1.2,0.07,1,2,26,194,94,0.0068,1,0.23,21256,82415,0.253,0.00225887,696.92,-0.152317,-5.8892,1088.47,1307.46,0.640274
traj_lhs_333,54,0.81,2.4,0.16,1,0,37,152,56,0.0058,1,0.16,55091,6615,0.511,0.00101126,626.696,0.0963431,0.0,1100.44,1488.29,0.569495
traj_lhs_334,42,1.04,2.5,0.05,2,1,92,204,64,-0.0009,0,0.17,46796,57545,0.457,0.00113076,626.696,0.0470982,0.0,1104.43,1502.09,0.567437
traj_lhs_335,43,0.82,1.9,0.2,0,1,43,217,83,0.0133,0,0.44,16773,78725,0.391,0.00142169,677.502,-0.0143901,-0.226252,1094.86,1411.54,0.618805
traj_lhs_336,57,0.96,2.0,0.21,1,2,67,244,70,-0.0155,1,0.15,91165,66967,0.482,0.00107211,626.696,0.0720982,0.0,1101.24,1425.53,0.569082
traj_lhs_337,54,0.92,1.6,0.1,1,2,40,239,56,-0.0162,1,0.32,52383,92130,0.259,0.00214281,675.906,-0.14639,-5.7371,1076.77,1365.9,0.627717
traj_lhs_338,51,1.13,2.1,0.12,1,1,28,212,33,-0.0232,0,0.18,3385,63385,0.436,0.00118522,626.696,0.0260982,0.0,1103.9,1441.26,0.567711
traj_lhs_339,51,1.16,2.2,0.15,2,0,54,114,27,0.0179,1,0.23,97160,76099,0.524,0.000986175,626.696,0.106743,0.0,1090.6,1456.58,0.574634
traj_lhs_340,53,1.2,1.5,0.09,2,1,43,226,23,0.0018,0,0.4,56548,38581,0.463,0.0011161,626.696,0.0530982,0.0,1077.3,1351.92,0.581728
traj_lhs_341,46,0.84,2.4,0.1,2,0,84,91,65,-0.008,0,0.39,22694,64092,0.279,0.00198921,675.906,-0.12639,-4.81188,1078.1,1487.65,0.626943
traj_lhs_342,56,1.03,1.8,0.1,0,1,53,229,75,-0.0174,0,0.39,71767,71339,0.432,0.00119619,626.696,0.0220982,0.0,1064.53,1395.52,0.588706
traj_lhs_343,45,1.01,2.0,0.09,0,0,89,217,95,-0.025,0,0.2,18077,40897,0.469,0.00110182,626.696,0.0590983,0.0,1076.77,1425.6,0.582016
traj_lhs_344,40,0.95,2.0,0.06,0,2,29,210,21,-0.0104,0,0.28,2030,18713,0.514,0.00100536,626.696,0.0987431,0.0,1059.21,1425.63,0.591662
traj_lhs_345,46,1.02,2.0,0.21,0,0,83,246,82,0.0154,1,0.42,31510,85561,0.182,0.00307691,680.694,-0.22339,-9.36527,1070.65,1425.52,0.635776
traj_lhs_346,59,0.81,2.1,0.1,2,0,57,203,21,-0.0096,1,0.24,94303,45067,0.354,0.00155738,671.118,-0.0513901,-1.5597,1094.86,1442.16,0.612974
traj_lhs_347,61,0.99,1.2,0.17,1,0,82,180,42,0.0007,1,0.27,85381,24951,0.187,0.00296785,675.906,-0.21839,-9.17843,1082.89,1307.16,0.624171
traj_lhs_348,58,0.86,2.5,0.2,2,1,27,172,91,-0.0211,1,0.16,56185,97811,0.312,0.00178931,679.896,-0.0933901,-3.30187,1111.88,1503.03,0.611483
traj_lhs_349,48,1.09,1.8,0.22,1,1,57,134,64,0.0146,0,0.44,69946,61621,0.505,0.00102328,626.696,0.0915431,0.0,1078.9,1395.52,0.580868
traj_lhs_350,56,1.19,1.4,0.07,0,1,55,95,98,-0.0267,0,0.27,48317,14676,0.266,0.00214654,692.398,-0.139363,-5.36406,1120.39,1337.15,0.617996
