trajectory_id,param_CLK_PERIOD,param_CELL_PAD_IN_SITES_DETAIL_PLACEMENT,param_CELL_PAD_IN_SITES_GLOBAL_PLACEMENT,param_CORE_ASPECT_RATIO,param_CORE_MARGIN,param_CORE_UTILIZATION,param_CTS_CLUSTER_DIAMETER,param_CTS_CLUSTER_SIZE,param_ENABLE_PLACE_REPAIR_TIMING,param_GPL_RANDOM_SEED,param_GRT_SEED,param_PLACE_DENSITY_LB_ADDON,param_ROUTING_LAYER_ADJUSTMENT,param_SETUP_SLACK_MARGIN,param_TNS_END_PERCENT,final__power,final__area,final__wns,final__tns,floorplan__power,floorplan__area,floorplan__wns,floorplan__tns,placement__power,placement__area,placement__wns,placement__tns,cts__power,cts__area,cts__wns,cts__tns,routing__power,routing__area,routing__wns,routing__tns
traj_lhs_001,0.254,0,0,1.1,1.5,63,102,97,1,32184,7773,0.17,0.15,-0.0076,42,0.00583117,888.972,-0.154763,-6.8093,0.002185,675.906,-0.15139,-5.97583,0.00280621,849.072,-0.14734,-6.44865,0.0031466,870.618,-0.150381,-6.66549,0.00323094,888.972,-0.165845,-7.31025
traj_lhs_002,0.229,0,0,1.24,1.3,50,167,60,0,21905,17521,0.21,0.37,-0.0146,20,0.00628037,872.48,-0.179138,-7.83793,0.00240964,672.182,-0.17639,-7.18413,0.00293196,809.172,-0.177067,-7.77656,0.00331137,840.294,-0.177028,-7.86058,0.00348037,872.48,-0.188599,-8.27732
traj_lhs_003,0.409,1,1,0.92,1.9,54,128,53,1,74648,93546,0.11,0.19,0.0148,63,0.00209453,676.438,0.0646532,0.0,0.000941267,626.696,0.126743,0.0,0.000995541,667.926,0.0802133,0.0,0.00110115,676.438,0.0660118,0.0,0.00110331,676.438,0.0528483,0.0
traj_lhs_005,0.19,0,1,1.15,1.9,61,105,77,0,36400,46062,0.2,0.36,-0.0252,95,0.00440591,880.46,-0.0813455,-3.2679,0.00167647,679.896,-0.0723901,-2.40306,0.00209336,821.674,-0.0691655,-2.87501,0.00230902,841.358,-0.0773983,-3.21922,0.00241955,880.46,-0.0890519,-3.66737
traj_lhs_006,0.615,1,1,1.2,2.4,41,236,61,0,81276,59259,0.06,0.28,0.0092,80,0.00182177,674.576,0.126965,0.0,0.000840253,626.696,0.179543,0.0,0.00088972,667.128,0.130618,0.0,0.0009773,674.576,0.126865,0.0,0.000979157,674.576,0.110302,0.0
traj_lhs_007,0.421,0,1,1.22,2.3,45,233,26,0,12162,64204,0.19,0.25,0.0064,95,0.00326347,801.458,-0.00034181,-0.000932532,0.00122745,626.696,0.0110982,0.0,0.00144441,718.2,-0.00780395,-0.025493,0.00169912,764.75,-0.00257513,-0.00669828,0.00179408,801.458,-0.0128733,-0.334462
traj_lhs_010,0.599,1,0,1.05,1.6,40,144,74,0,34332,57470,0.17,0.23,-0.0166,69,0.00224028,673.778,0.0407233,0.0,0.00101325,626.696,0.095543,0.0,0.00107255,665.532,0.0497491,0.0,0.00118604,673.778,0.0406559,0.0,0.00118817,673.778,0.02088,0.0
traj_lhs_011,0.527,1,0,0.91,1.4,40,167,52,0,93474,91056,0.12,0.45,0.0093,99,0.00214767,677.236,0.0522448,0.0,0.000980561,626.696,0.109143,0.0,0.00103746,668.192,0.0637113,0.0,0.00115346,677.236,0.0527638,0.0,0.0011558,677.236,0.0326701,0.0
traj_lhs_012,0.45,1,1,0.82,1.7,53,193,66,0,59766,19982,0.15,0.34,-0.0013,30,0.00268868,704.368,-0.00366784,-0.00568171,0.00114834,626.696,0.0400982,0.0,0.00123381,673.246,0.00479403,0.0,0.00136797,682.556,-0.00337738,-0.00389222,0.00141066,704.368,-0.0156569,-0.0828947
traj_lhs_013,0.265,0,0,0.98,2.3,53,207,30,1,4715,69637,0.2,0.17,0.0089,38,0.00543956,872.48,-0.146489,-6.29551,0.00209406,675.906,-0.14039,-5.4682,0.00267808,834.974,-0.136854,-5.93227,0.00295901,857.318,-0.139808,-6.21964,0.00303395,872.48,-0.159837,-6.85237
traj_lhs_016,0.262,0,0,1.01,2.4,44,164,65,0,27866,60815,0.05,0.24,-0.0272,29,0.00294153,768.474,0.0132308,0.0,0.00117444,626.696,0.0300982,0.0,0.00126613,674.842,0.00639064,0.0,0.00144219,706.762,0.0085944,0.0,0.00158726,768.474,0.00131223,0.0
traj_lhs_019,0.212,2,1,0.91,1.2,55,203,25,1,89637,92137,0.11,0.4,-0.0131,39,0.00197058,672.98,0.0805893,0.0,0.00089559,626.696,0.149143,0.0,0.000946867,665.532,0.100844,0.0,0.00104079,672.98,0.083724,0.0,0.00104283,672.98,0.0665651,0.0
traj_lhs_020,0.538,1,1,0.85,1.4,53,143,51,0,52399,32200,0.25,0.37,-0.0284,92,0.00206995,674.31,0.0649635,0.0,0.000960512,626.696,0.117943,0.0,0.00101554,666.862,0.0714936,0.0,0.00111582,674.31,0.0660803,0.0,0.00111823,674.31,0.0505248,0.0
traj_lhs_024,0.562,0,1,0.92,1.3,43,189,67,1,86897,15046,0.06,0.34,-0.0209,88,0.00198185,674.842,0.0868496,0.0,0.000919494,626.696,0.137143,0.0,0.000971342,665.798,0.0953684,0.0,0.00107986,674.842,0.0888627,0.0,0.00108184,674.842,0.0675409,0.0
traj_lhs_025,0.527,1,1,0.87,2.4,59,220,54,1,44244,40377,0.17,0.36,0.0155,64,0.00213823,674.576,0.0547148,0.0,0.000980561,626.696,0.109143,0.0,0.00103791,666.064,0.059703,0.0,0.00114729,674.576,0.0538424,0.0,0.0011495,674.576,0.0280049,0.0
traj_lhs_028,0.208,0,0,0.87,1.3,40,240,67,1,17350,13007,0.27,0.42,-0.0051,34,0.00707621,887.642,-0.201,-9.00794,0.00266792,675.906,-0.19739,-8.18415,0.00345245,841.358,-0.195094,-8.82313,0.00378852,859.712,-0.199776,-9.08715,0.0039684,887.642,-0.209913,-9.5207
traj_lhs_030,0.574,1,1,0.9,1.2,48,197,48,0,89378,70618,0.12,0.34,-0.0155,91,0.00224162,677.768,0.0380463,0.0,0.00100732,626.696,0.0979431,0.0,0.00106544,668.724,0.0531955,0.0,0.0011852,677.768,0.0383978,0.0,0.00118747,677.768,0.0235687,0.0
traj_lhs_031,0.497,1,1,1.12,1.2,44,91,36,0,21299,88133,0.21,0.16,0.0059,62,0.00230396,679.896,0.0267654,0.0,0.00103975,626.696,0.0851431,0.0,0.0011002,670.32,0.0363951,0.0,0.00122392,679.364,0.0166795,0.0,0.00122757,679.896,0.00956779,0.0
traj_lhs_032,0.414,2,1,1.21,2.0,56,157,85,1,4995,30729,0.27,0.33,0.0129,48,0.0020873,673.778,0.0673873,0.0,0.000962301,626.696,0.117143,0.0,0.00101717,665.798,0.0740741,0.0,0.0011212,673.778,0.0681236,0.0,0.00112339,673.778,0.0473623,0.0
traj_lhs_037,0.44,0,1,0.9,1.8,48,234,87,0,84826,18625,0.18,0.45,0.003,45,0.00273876,726.18,0.0131373,0.0,0.00117444,626.696,0.0300982,0.0,0.00126705,675.906,0.0038155,0.0,0.00139798,690.802,0.000906303,0.0,0.0014911,726.18,-0.000269895,-0.000338618
traj_lhs_039,0.258,0,0,1.12,1.4,56,132,27,1,767,64187,0.19,0.37,-0.0169,87,0.00566929,890.568,-0.153182,-6.65804,0.00217054,680.694,-0.14739,-5.74515,0.00279542,851.998,-0.144947,-6.36161,0.00304402,865.298,-0.150638,-6.64012,0.00316959,890.568,-0.166999,-7.19007
traj_lhs_041,0.404,0,0,1.05,1.5,56,86,72,0,37990,29746,0.23,0.27,0.0028,44,0.002171,675.64,0.0465056,0.0,0.000997598,626.696,0.101943,0.0,0.00105562,667.128,0.0572025,0.0,0.00116689,675.64,0.0475052,0.0,0.00116904,675.64,0.0296065,0.0
traj_lhs_042,0.55,1,0,0.82,1.5,55,209,47,0,45990,94634,0.25,0.44,-0.0135,62,0.00211746,675.374,0.0620136,0.0,0.000939555,626.696,0.127543,0.0,0.00099306,665.798,0.0843649,0.0,0.00111155,675.374,0.0651032,0.0,0.00111379,675.374,0.0464704,0.0
traj_lhs_044,0.464,1,1,1.19,1.5,60,230,83,0,43851,10980,0.15,0.16,0.0172,60,0.00231321,678.034,0.0140944,0.0,0.00105032,626.696,0.0811431,0.0,0.0011106,669.788,0.0367169,0.0,0.00122795,678.034,0.0224384,0.0,0.00123008,678.034,0.00687578,0.0
traj_lhs_046,0.596,1,0,0.83,1.9,60,183,36,0,20549,99155,0.07,0.26,-0.003,97,0.00192032,673.512,0.108227,0.0,0.00086704,626.696,0.164343,0.0,0.000916601,664.734,0.118038,0.0,0.00101689,673.512,0.110344,0.0,0.00101919,673.512,0.0887792,0.0
traj_lhs_048,0.322,2,1,1.02,2.2,48,100,71,1,95980,96270,0.23,0.21,0.01,88,0.00650843,876.736,-0.190117,-8.41571,0.00251126,675.906,-0.18439,-7.55323,0.00307419,819.546,-0.192628,-8.11548,0.00348837,856.254,-0.185055,-8.3426,0.00360977,876.736,-0.197364,-8.82954
traj_lhs_049,0.536,0,0,1.0,1.4,57,104,76,1,99665,59788,0.09,0.3,-0.0297,54,0.00207878,675.108,0.0681835,0.0,0.000964096,626.696,0.116343,0.0,0.00101926,667.128,0.071966,0.0,0.00112333,675.108,0.0654678,0.0,0.00112539,675.108,0.0489171,0.0
traj_lhs_050,0.282,1,0,1.22,2.4,42,200,91,1,69234,80212,0.22,0.43,-0.0152,87,0.00199984,677.236,0.0883321,0.0,0.000916233,626.696,0.138743,0.0,0.000968369,668.192,0.0947611,0.0,0.00107697,677.236,0.0887369,0.0,0.00107898,677.236,0.070788,0.0
traj_lhs_052,0.419,0,1,1.15,1.8,52,187,34,1,77245,78334,0.15,0.31,-0.021,77,0.00299018,745.864,-0.00762113,-0.0340253,0.00123331,626.696,0.00909825,0.0,0.00148295,723.786,-0.00898398,-0.0225703,0.00162511,732.564,-0.0172272,-0.0946134,0.00166453,745.864,-0.0242062,-0.54718
traj_lhs_053,0.536,1,0,1.15,1.0,52,235,30,0,8221,23000,0.21,0.44,-0.0069,55,0.00214213,676.438,0.0463321,0.0,0.000964096,626.696,0.116343,0.0,0.0010205,667.926,0.0718234,0.0,0.00112859,676.438,0.054038,0.0,0.00113071,676.438,0.0350058,0.0
traj_lhs_054,0.588,1,1,1.25,2.3,42,170,80,1,64283,53874,0.07,0.19,0.0027,65,0.00195389,676.704,0.0960242,0.0,0.000878836,626.696,0.157943,0.0,0.000930669,667.128,0.110728,0.0,0.00104097,676.704,0.0953183,0.0,0.00104323,676.704,0.0788186,0.0
traj_lhs_055,0.584,1,0,0.84,1.9,49,141,81,0,44653,8183,0.21,0.24,0.0087,39,0.00196352,672.98,0.0944891,0.0,0.000884855,626.696,0.154743,0.0,0.000936009,664.468,0.10943,0.0,0.0010351,672.98,0.0983935,0.0,0.00103736,672.98,0.0775358,0.0
traj_lhs_056,0.592,1,0,1.25,2.1,41,104,58,0,6660,50051,0.13,0.26,0.0079,74,0.00194845,676.438,0.0931212,0.0,0.000872898,626.696,0.161143,0.0,0.000924274,667.394,0.113243,0.0,0.00102821,676.438,0.0951007,0.0,0.00103031,676.438,0.0804619,0.0
traj_lhs_057,0.608,1,2,1.05,1.3,64,178,98,0,19974,82894,0.23,0.42,-0.0299,29,0.00248984,685.216,0.0111188,0.0,0.00109482,626.696,0.0620982,0.0,0.00116255,669.788,0.0171815,0.0,0.00127719,677.236,0.00642805,0.0,0.00129617,685.216,-0.00235126,-0.00312206
traj_lhs_061,0.2,1,1,1.02,1.3,58,238,61,0,3487,93873,0.16,0.22,0.0179,26,0.00212291,675.906,0.0595922,0.0,0.000967707,626.696,0.114743,0.0,0.00102368,667.128,0.0674289,0.0,0.00113511,675.906,0.0595904,0.0,0.00113739,675.906,0.0390535,0.0
traj_lhs_063,0.414,0,1,1.06,1.2,60,177,31,1,84197,13822,0.13,0.32,-0.0141,69,0.0030432,759.164,-0.0103843,-0.103985,0.0012482,626.696,0.00409825,0.0,0.00149527,732.298,-0.00428055,-0.0157023,0.00163892,741.076,-0.0126534,-0.119661,0.00168706,759.164,-0.0219532,-0.566721
traj_lhs_066,0.519,0,0,0.86,1.7,52,103,90,1,79261,33723,0.11,0.21,0.0156,97,0.00216018,674.576,0.0527216,0.0,0.000995675,626.696,0.102743,0.0,0.00105219,665.532,0.0608022,0.0,0.00116969,674.576,0.0540032,0.0,0.00117259,674.576,0.0361676,0.0
traj_lhs_068,0.417,1,1,0.85,1.4,42,240,38,1,730,43957,0.18,0.41,0.0037,92,0.00205471,676.97,0.0747027,0.0,0.000951667,626.696,0.121943,0.0,0.00100682,667.926,0.0794509,0.0,0.00111914,676.97,0.0733783,0.0,0.00112151,676.97,0.0552986,0.0
traj_lhs_073,0.371,2,2,1.24,1.7,48,202,98,0,7023,26437,0.21,0.44,0.0084,93,0.00188182,671.65,0.110903,0.0,0.000880333,626.696,0.157143,0.0,0.000930676,664.202,0.115581,0.0,0.00102231,671.65,0.110287,0.0,0.00102459,671.65,0.0865044,0.0
traj_lhs_076,0.513,1,1,1.22,1.4,49,169,91,1,51006,1753,0.14,0.44,-0.0291,85,0.00222362,678.3,0.0396743,0.0,0.00100732,626.696,0.0979431,0.0,0.00106566,669.256,0.0537591,0.0,0.00118515,678.3,0.0426471,0.0,0.0011872,678.3,0.0287246,0.0
traj_lhs_078,0.551,0,0,1.18,2.0,55,194,33,1,90326,21540,0.22,0.17,0.0039,71,0.00203808,676.97,0.0812901,0.0,0.00093785,626.696,0.128343,0.0,0.00099164,667.926,0.0876486,0.0,0.0011026,676.97,0.0794207,0.0,0.00110513,676.97,0.0576851,0.0
traj_lhs_084,0.256,0,0,1.12,1.5,48,243,62,1,98422,87957,0.26,0.19,0.008,44,0.00557472,872.746,-0.153813,-6.68719,0.00216793,675.906,-0.14939,-5.88023,0.00271102,826.196,-0.147231,-6.40617,0.00302973,861.308,-0.152421,-6.67474,0.00309397,872.746,-0.165889,-7.17741
traj_lhs_091,0.276,0,0,1.09,2.0,59,249,99,0,75987,23413,0.07,0.33,0.0075,98,0.00547429,896.42,-0.130293,-5.72855,0.00207079,692.93,-0.129307,-4.89034,0.00248457,821.674,-0.126445,-5.50651,0.00296463,882.854,-0.127914,-5.6584,0.00303914,896.42,-0.14369,-6.20851
traj_lhs_093,0.442,1,1,1.12,2.4,58,114,99,1,10309,96146,0.18,0.4,-0.0245,24,0.00260579,688.142,-0.00408523,-0.00948552,0.00116913,626.696,0.0320982,0.0,0.0012558,678.566,0.00680833,0.0,0.00140257,688.142,-0.00403963,-0.0102044,0.00140506,688.142,-0.0207008,-0.16559
traj_lhs_096,0.544,1,1,1.22,1.1,55,241,95,1,24719,77859,0.26,0.4,-0.0292,46,0.00211391,678.832,0.0663745,0.0,0.000949918,626.696,0.122743,0.0,0.00100564,669.256,0.0785446,0.0,0.00112503,678.832,0.0685459,0.0,0.00112705,678.832,0.0565797,0.0
traj_lhs_099,0.463,1,1,1.06,1.5,62,93,60,1,68031,56845,0.19,0.23,-0.0001,42,0.00206568,674.31,0.0757353,0.0,0.000927748,626.696,0.133143,0.0,0.000982549,665.798,0.0847006,0.0,0.00108657,674.31,0.077582,0.0,0.00108887,674.31,0.0583317,0.0
traj_lhs_100,0.528,1,1,1.12,2.4,56,168,46,1,39047,94396,0.11,0.37,-0.0005,74,0.00215609,677.236,0.0577131,0.0,0.000978704,626.696,0.109943,0.0,0.00103443,667.926,0.0653534,0.0,0.00115373,677.236,0.0576787,0.0,0.00115585,677.236,0.0427378,0.0
traj_lhs_101,0.496,1,1,1.05,2.3,58,138,97,0,90722,12754,0.09,0.34,0.0065,63,0.00229865,677.502,0.031516,0.0,0.00104185,626.696,0.0843431,0.0,0.00110223,668.99,0.0415432,0.0,0.001219,677.502,0.0317794,0.0,0.00122166,677.502,0.00795652,0.0
traj_lhs_106,0.239,2,0,1.25,1.1,62,201,88,1,90116,58878,0.26,0.33,-0.0162,40,0.0028526,720.594,-0.00617761,-0.0236514,0.00117981,626.696,0.0280982,0.0,0.0012773,676.97,-0.00800832,-0.00873829,0.00142091,693.462,-0.00799277,-0.0215761,0.00149328,720.594,-0.0224021,-0.274189
traj_lhs_107,0.427,0,1,1.18,2.2,48,84,75,0,2891,45448,0.11,0.34,-0.0246,47,0.00241961,678.832,0.00756004,0.0,0.00112338,626.696,0.0500982,0.0,0.00119917,671.384,0.0138558,0.0,0.0013161,678.832,0.00833897,0.0,0.00131882,678.832,-0.0130423,-0.0374772
traj_lhs_110,0.514,1,0,1.17,1.1,54,227,68,0,56052,84636,0.07,0.3,-0.0176,77,0.00223314,678.034,0.0396613,0.0,0.00100536,626.696,0.0987431,0.0,0.00106351,668.99,0.0507543,0.0,0.00118302,678.034,0.039475,0.0,0.00118517,678.034,0.026928,0.0
traj_lhs_111,0.288,0,2,0.94,2.1,47,220,90,1,51990,64697,0.15,0.37,-0.0257,51,0.00285563,751.982,0.0191078,0.0,0.00116649,626.696,0.0330982,0.0,0.00125676,675.906,0.00697681,0.0,0.00142293,702.506,0.00799011,0.0,0.00155283,751.982,0.0050944,0.0
traj_lhs_113,0.582,0,1,0.87,2.2,50,145,72,0,72604,69316,0.17,0.17,-0.0294,90,0.00190869,672.448,0.10363,0.0,0.000887896,626.696,0.153143,0.0,0.000938611,664.468,0.111758,0.0,0.00103441,672.448,0.106162,0.0,0.00103662,672.448,0.0827276,0.0
traj_lhs_115,0.524,1,0,0.85,1.9,59,117,74,0,84077,13493,0.16,0.22,-0.0219,31,0.00220279,674.842,0.0476387,0.0,0.000986175,626.696,0.106743,0.0,0.00104283,665.798,0.0617197,0.0,0.00115995,674.842,0.0504265,0.0,0.00116249,674.842,0.0304844,0.0
traj_lhs_117,0.605,0,0,1.18,1.2,47,124,77,1,94563,87200,0.21,0.45,-0.0241,70,0.00185086,675.64,0.125111,0.0,0.000854141,626.696,0.171543,0.0,0.000902125,666.596,0.132143,0.0,0.00100312,675.64,0.124328,0.0,0.00100514,675.64,0.109137,0.0
traj_lhs_122,0.259,1,2,0.89,1.4,60,93,58,1,33308,76871,0.24,0.38,0.0077,59,0.00419457,837.9,-0.0889359,-3.55049,0.00171247,679.896,-0.0793901,-2.70267,0.00201757,792.946,-0.0793277,-3.24044,0.0022778,824.866,-0.0820518,-3.43503,0.00232299,837.9,-0.0953452,-3.98247
traj_lhs_126,0.507,1,1,0.83,2.5,45,168,47,1,67844,44447,0.15,0.32,-0.0154,97,0.00762351,874.076,-0.221733,-10.1199,0.00297871,680.694,-0.21739,-9.07847,0.00367577,824.334,-0.213713,-9.90835,0.00419688,864.234,-0.222274,-10.1455,0.00428807,874.076,-0.231396,-10.6914
traj_lhs_131,0.218,0,0,0.88,1.3,54,157,28,1,24059,78139,0.13,0.3,-0.0052,66,0.00669216,895.356,-0.189974,-8.46101,0.00254582,675.906,-0.18739,-7.69663,0.00330978,846.678,-0.182651,-8.21182,0.00361882,862.372,-0.186238,-8.42657,0.00373474,895.356,-0.19871,-9.00755
traj_lhs_132,0.512,0,0,0.96,1.9,50,163,87,0,51315,4119,0.2,0.24,0.0183,82,0.00320901,776.454,-0.0200326,-0.354051,0.00129189,626.696,-0.00990177,-0.133923,0.00160061,759.164,-0.0148322,-0.224892,0.00174456,767.676,-0.0213941,-0.357491,0.00177863,776.454,-0.0322087,-0.846087
traj_lhs_133,0.316,0,1,0.85,1.5,58,171,82,1,84673,6811,0.14,0.34,0.0042,81,0.00197165,674.842,0.0898712,0.0,0.000889425,626.696,0.152343,0.0,0.000941748,666.33,0.106375,0.0,0.00104147,674.842,0.0936112,0.0,0.00104351,674.842,0.0768513,0.0
traj_lhs_136,0.5,1,0,0.83,1.1,49,155,73,1,34462,37886,0.22,0.31,0.0009,58,0.00231016,675.374,0.020778,0.0,0.00103351,626.696,0.0875431,0.0,0.00109456,666.33,0.0383431,0.0,0.00121751,675.374,0.0216202,0.0,0.00121972,675.374,0.00198563,0.0
traj_lhs_137,0.397,1,1,1.12,1.0,42,87,45,1,79952,99929,0.22,0.29,-0.0014,97,0.00233132,680.694,0.0292578,0.0,0.00107434,626.696,0.0710982,0.0,0.00113497,667.66,0.0282867,0.0,0.00125464,676.172,0.0219909,0.0,0.0012662,680.694,0.0148347,0.0
traj_lhs_139,0.358,0,0,1.21,2.3,46,137,97,0,53069,52436,0.2,0.36,0.0044,24,0.00376687,819.812,-0.0599737,-2.26733,0.00154136,672.182,-0.0473901,-1.39784,0.00180495,780.444,-0.0521406,-2.08565,0.00206681,816.088,-0.0582001,-2.20706,0.00208381,819.812,-0.0736481,-2.72369
traj_lhs_141,0.313,1,0,0.91,1.3,64,245,80,1,60535,75457,0.26,0.44,-0.0184,87,0.00349339,841.092,-0.00453082,-0.0254539,0.0012422,626.696,0.00609821,0.0,0.00150018,729.106,-0.00593298,-0.0233496,0.00174234,778.582,-0.00610823,-0.0204253,0.00190935,841.092,-0.0152606,-0.212288
traj_lhs_144,0.22,0,0,0.96,2.5,53,246,50,0,9511,79841,0.07,0.35,-0.0281,75,0.00659319,900.144,-0.199288,-8.88417,0.00253745,679.364,-0.18539,-7.55038,0.0030572,808.906,-0.187165,-8.25931,0.00340793,833.91,-0.191529,-8.6036,0.0036481,900.144,-0.210978,-9.39092
traj_lhs_146,0.228,1,1,1.06,1.2,63,144,33,1,39370,21653,0.24,0.21,-0.0035,95,0.00291819,711.55,-0.026456,-0.596106,0.00120737,626.696,0.0180982,0.0,0.00136277,691.866,-0.00738426,-0.0436445,0.00151383,706.762,-0.0313523,-0.585723,0.00152772,711.55,-0.0368013,-0.856203
traj_lhs_148,0.579,1,1,0.95,1.0,44,109,72,1,97431,40417,0.19,0.37,-0.0196,74,0.00194451,674.31,0.0952592,0.0,0.000892497,626.696,0.150743,0.0,0.00094344,665.798,0.107884,0.0,0.00104311,674.31,0.0959464,0.0,0.00104518,674.31,0.0826568,0.0
traj_lhs_150,0.27,0,0,1.22,1.6,55,197,55,0,67082,65406,0.08,0.19,0.0049,40,0.00520832,859.978,-0.136963,-5.86345,0.0020554,675.906,-0.13539,-5.23244,0.00249784,813.96,-0.133646,-5.8123,0.00282811,845.88,-0.135511,-5.83255,0.00290047,859.978,-0.156073,-6.4273
traj_lhs_152,0.401,0,0,1.13,2.5,52,208,90,0,58459,62266,0.17,0.17,-0.022,85,0.00314365,766.08,-0.0212982,-0.406195,0.00128867,626.696,-0.0089018,-0.112923,0.00153741,735.224,-0.0269994,-0.328909,0.00170856,751.184,-0.0244331,-0.515333,0.00175311,766.08,-0.0324703,-0.835127
traj_lhs_155,0.413,2,1,0.93,1.4,48,187,77,1,60808,58737,0.24,0.45,-0.0017,57,0.00205255,674.044,0.0714588,0.0,0.000951667,626.696,0.121943,0.0,0.00100676,665.532,0.0784719,0.0,0.00111277,674.044,0.0722084,0.0,0.00111569,674.044,0.0466415,0.0
traj_lhs_161,0.556,0,1,1.16,2.4,40,198,39,1,26598,73648,0.24,0.31,0.0172,62,0.00201727,676.438,0.0786912,0.0,0.000929416,626.696,0.132343,0.0,0.0009822,667.66,0.0878765,0.0,0.00108915,676.438,0.0808874,0.0,0.00109151,676.438,0.0633359,0.0
traj_lhs_162,0.585,0,1,0.89,1.3,49,188,99,1,80580,46148,0.19,0.19,0.0021,60,0.0019,673.778,0.110603,0.0,0.000883343,626.696,0.155543,0.0,0.000934156,665.266,0.115072,0.0,0.00103253,673.778,0.109144,0.0,0.0010348,673.778,0.0877942,0.0
traj_lhs_165,0.389,1,2,0.89,1.6,47,169,88,0,52406,49237,0.11,0.23,-0.0242,77,0.00471741,875.406,-0.103394,-4.3828,0.00179588,675.906,-0.0963901,-3.47357,0.0024024,856.786,-0.0965135,-4.01074,0.00259102,868.756,-0.0998813,-4.28484,0.00261669,875.406,-0.116479,-4.91275
traj_lhs_166,0.352,0,0,1.03,1.8,43,160,62,0,78293,37405,0.09,0.25,0.0099,40,0.00394788,833.112,-0.064315,-2.40766,0.0015765,675.906,-0.0533901,-1.63646,0.00185044,785.232,-0.0604679,-2.28884,0.00209251,810.236,-0.0633123,-2.3344,0.00219242,833.112,-0.0760872,-2.88487
traj_lhs_168,0.586,0,0,0.99,2.2,52,146,53,0,83892,62029,0.24,0.18,-0.014,45,0.00188232,672.182,0.111281,0.0,0.000881835,626.696,0.156343,0.0,0.000932495,664.734,0.115723,0.0,0.00102429,672.182,0.109827,0.0,0.00102657,672.182,0.0920557,0.0
traj_lhs_169,0.444,1,1,0.98,2.2,46,131,80,1,83893,90117,0.11,0.24,-0.0044,34,0.00279508,719.264,-0.00871528,-0.0269298,0.00116386,626.696,0.0340982,0.0,0.00125151,674.842,0.0016484,0.0,0.00138419,684.418,-0.00818204,-0.0261773,0.00146028,719.264,-0.0161904,-0.191544
traj_lhs_171,0.366,0,1,1.24,1.3,43,110,71,0,22661,88474,0.23,0.26,0.0181,29,0.00212378,675.906,0.0618452,0.0,0.000965898,626.696,0.115543,0.0,0.00102126,667.128,0.0722744,0.0,0.00113284,675.906,0.061381,0.0,0.00113516,675.906,0.0413357,0.0
traj_lhs_172,0.21,0,0,1.02,1.1,55,206,76,1,22822,71977,0.17,0.39,-0.0221,41,0.00675898,871.416,-0.199994,-8.97128,0.00264266,675.906,-0.19539,-8.08379,0.00340866,839.762,-0.19348,-8.71967,0.00378232,863.702,-0.19729,-8.89377,0.00382498,871.416,-0.212929,-9.4823
traj_lhs_177,0.475,0,1,1.06,1.2,45,206,42,0,37305,35805,0.16,0.21,-0.0137,94,0.00235819,679.63,0.0187152,0.0,0.00108791,626.696,0.0650982,0.0,0.00115483,671.118,0.0276942,0.0,0.00127625,679.63,0.0199478,0.0,0.00127883,679.63,0.00238243,0.0
traj_lhs_178,0.51,1,1,1.21,2.2,56,92,40,0,70058,38604,0.16,0.3,0.0112,40,0.00279006,710.22,-0.0141059,-0.119863,0.00118251,626.696,0.0270982,0.0,0.00128486,678.034,0.00182354,0.0,0.00142988,691.6,-0.0122335,-0.0459545,0.00147246,710.22,-0.0245965,-0.407258
traj_lhs_179,0.445,0,1,1.07,1.4,43,105,40,0,52670,5339,0.11,0.15,-0.0116,93,0.00252323,685.748,0.00281886,0.0,0.00116125,626.696,0.0350982,0.0,0.0012529,676.172,0.00326233,0.0,0.00137381,683.62,-0.000991984,-0.000991984,0.00137955,685.748,-0.0107117,-0.0800193
traj_lhs_180,0.373,1,1,1.17,2.4,50,200,55,1,90882,22249,0.07,0.42,-0.0071,53,0.00183677,671.118,0.130096,0.0,0.000834823,626.696,0.182743,0.0,0.000883453,663.67,0.142605,0.0,0.000971268,671.118,0.131129,0.0,0.000973661,671.118,0.109062,0.0
traj_lhs_182,0.181,1,1,0.89,1.6,47,90,78,0,29878,84975,0.09,0.17,-0.0148,38,0.00227329,677.236,0.0326445,0.0,0.00102939,626.696,0.0891431,0.0,0.00108905,668.192,0.0427719,0.0,0.00121105,677.236,0.0352157,0.0,0.00121347,677.236,0.0135078,0.0
traj_lhs_183,0.477,1,1,0.97,2.2,51,213,95,1,86171,22866,0.12,0.33,0.0119,62,0.002491,691.068,0.0130171,0.0,0.00108335,626.696,0.0670982,0.0,0.00115209,670.054,0.029981,0.0,0.00128096,679.098,0.0159371,0.0,0.00130497,691.068,0.00339662,0.0
traj_lhs_186,0.392,1,2,1.0,1.2,52,151,26,0,7959,6042,0.09,0.32,0.0132,77,0.00805202,909.454,-0.224078,-10.5352,0.00302702,680.694,-0.22039,-9.22187,0.00377047,825.398,-0.220811,-10.1241,0.00428145,865.032,-0.22194,-10.3497,0.0044805,909.454,-0.234882,-11.0047
traj_lhs_188,0.603,1,1,1.03,1.9,61,229,46,0,25595,47888,0.19,0.18,-0.025,42,0.00209646,674.044,0.0616516,0.0,0.000971345,626.696,0.113143,0.0,0.00102677,665.532,0.0697867,0.0,0.0011349,674.044,0.0643318,0.0,0.00113786,674.044,0.0405374,0.0
traj_lhs_192,0.495,1,1,1.23,2.1,61,111,92,1,8689,86905,0.2,0.31,0.0123,33,0.00232779,678.566,0.0232854,0.0,0.00104395,626.696,0.0835431,0.0,0.00110632,668.99,0.0375556,0.0,0.0012303,678.034,0.0215918,0.0,0.00123428,678.566,0.00631367,0.0
traj_lhs_194,0.54,1,1,1.16,1.1,65,228,35,1,78082,3935,0.06,0.34,0.0139,50,0.00211506,677.768,0.0602497,0.0,0.000956954,626.696,0.119543,0.0,0.00101221,668.724,0.0705008,0.0,0.00112579,677.768,0.0594149,0.0,0.00112793,677.768,0.0452735,0.0
traj_lhs_195,0.596,2,1,0.97,2.5,54,142,64,0,55463,99388,0.08,0.37,0.0124,88,0.00480784,855.456,-0.119927,-5.0038,0.00190697,675.906,-0.11439,-4.27597,0.00245353,840.826,-0.112392,-4.69725,0.00266928,852.796,-0.118004,-4.95242,0.00268646,855.456,-0.133343,-5.58414
traj_lhs_196,0.606,1,0,1.13,2.0,46,155,48,1,16905,32003,0.1,0.38,0.0157,28,0.00188737,675.64,0.111688,0.0,0.000852732,626.696,0.172343,0.0,0.000902962,666.862,0.127278,0.0,0.00100133,675.64,0.111935,0.0,0.00100315,675.64,0.0979238,0.0
traj_lhs_203,0.55,0,2,1.1,1.8,61,81,49,1,11914,60414,0.18,0.24,-0.0186,58,0.00238351,677.236,0.015299,0.0,0.00108335,626.696,0.0670982,0.0,0.00114741,668.724,0.0238101,0.0,0.0012646,676.704,0.013526,0.0,0.00126783,677.236,-0.00243588,-0.00472375
traj_lhs_204,0.478,1,0,0.99,1.8,42,133,81,1,6111,60881,0.21,0.33,0.0145,85,0.00256237,704.9,0.00148054,0.0,0.00108108,626.696,0.0680982,0.0,0.00114456,669.788,0.023781,0.0,0.00127349,682.024,0.0166669,0.0,0.00132012,704.9,-0.00285727,-0.00533537
traj_lhs_205,0.261,2,0,0.86,2.1,46,133,95,1,96712,81843,0.08,0.23,-0.0093,22,0.00187059,675.374,0.117069,0.0,0.000868496,626.696,0.163543,0.0,0.000918242,666.862,0.123382,0.0,0.0010152,675.374,0.115201,0.0,0.00101721,675.374,0.0918772,0.0
traj_lhs_207,0.602,1,1,0.89,2.3,53,149,66,1,86654,98729,0.07,0.32,0.0111,59,0.00187262,671.916,0.116035,0.0,0.000858398,626.696,0.169143,0.0,0.000907247,664.468,0.127308,0.0,0.000997066,671.916,0.116018,0.0,0.00099914,671.916,0.0973326,0.0
traj_lhs_208,0.447,1,0,1.08,1.2,42,108,95,0,97091,8877,0.13,0.39,-0.0191,83,0.00259829,685.216,-0.00984857,-0.0743607,0.00115605,626.696,0.0370982,0.0,0.00123864,673.512,-0.00196657,-0.00196657,0.00137568,682.556,-0.0171025,-0.0324882,0.00138227,685.216,-0.0215594,-0.314803
traj_lhs_210,0.573,0,0,1.19,1.9,46,131,46,0,76030,5225,0.08,0.41,0.0169,76,0.00197522,675.64,0.0953844,0.0,0.000901842,626.696,0.145943,0.0,0.000953017,666.596,0.102964,0.0,0.00106001,675.64,0.0950916,0.0,0.00106226,675.64,0.0790885,0.0
traj_lhs_212,0.491,0,1,1.15,1.2,54,242,42,0,85474,20397,0.21,0.41,0.0034,21,0.0022797,678.566,0.0294445,0.0,0.00105245,626.696,0.080343,0.0,0.00111412,669.522,0.0371687,0.0,0.00123858,678.566,0.028472,0.0,0.00124106,678.566,0.0146271,0.0
traj_lhs_216,0.501,1,0,1.11,1.7,61,97,65,0,44500,32146,0.19,0.22,0.0112,43,0.00231068,680.162,0.0216597,0.0,0.00103145,626.696,0.088343,0.0,0.0010929,670.054,0.0419612,0.0,0.00121547,679.098,0.0219152,0.0,0.00121993,680.162,0.00581218,0.0
traj_lhs_217,0.435,1,1,1.18,1.3,52,147,96,1,87807,29528,0.27,0.29,-0.0225,97,0.00275602,704.9,-0.0172406,-0.097626,0.00118794,626.696,0.0250982,0.0,0.00130197,686.014,0.00202505,0.0,0.00144424,695.59,-0.0210425,-0.0613679,0.00146913,704.9,-0.0307504,-0.37814
traj_lhs_218,0.235,0,0,0.96,1.1,51,109,71,0,27080,41414,0.16,0.26,0.0167,25,0.00597156,865.032,-0.174479,-7.64408,0.00236139,675.906,-0.17039,-6.89355,0.002861,808.374,-0.172941,-7.54624,0.00323145,844.018,-0.172342,-7.51987,0.00335156,865.032,-0.185834,-8.20263
traj_lhs_222,0.486,0,0,1.03,1.4,43,121,49,1,47657,67967,0.27,0.26,0.0133,21,0.00578301,883.652,-0.15633,-6.82,0.00221523,679.364,-0.15339,-6.02386,0.00266635,807.842,-0.151333,-6.58347,0.00308172,853.062,-0.156101,-6.8555,0.00320474,883.652,-0.165248,-7.33829
traj_lhs_225,0.583,1,0,1.12,2.3,63,176,36,0,73864,79297,0.28,0.44,-0.0281,84,0.00198049,675.64,0.0960237,0.0,0.000886373,626.696,0.153943,0.0,0.000936737,666.862,0.108681,0.0,0.00103951,675.64,0.0965881,0.0,0.00104158,675.64,0.0733529,0.0
traj_lhs_226,0.619,1,1,0.97,1.9,60,101,58,0,18274,66148,0.07,0.35,0.0054,55,0.00180068,673.246,0.132191,0.0,0.000834823,626.696,0.182743,0.0,0.000882764,665.798,0.138453,0.0,0.000969842,673.246,0.131589,0.0,0.000971887,673.246,0.115205,0.0
traj_lhs_227,0.315,1,0,0.84,2.2,53,149,61,1,13824,30085,0.25,0.38,-0.0063,64,0.00198936,673.512,0.0850756,0.0,0.000905001,626.696,0.144343,0.0,0.000956543,665.0,0.0954874,0.0,0.00105758,673.512,0.0862347,0.0,0.00105945,673.512,0.069168,0.0
traj_lhs_228,0.29,0,0,1.15,1.8,44,112,69,1,14990,45008,0.09,0.15,0.019,49,0.00530768,918.232,-0.118692,-5.05017,0.00191375,675.906,-0.11539,-4.31184,0.00245936,842.688,-0.110656,-4.72016,0.002744,871.416,-0.114664,-4.95353,0.00293046,918.232,-0.127798,-5.48244
traj_lhs_230,0.606,1,0,0.9,2.1,48,152,52,0,83151,22677,0.1,0.4,-0.0223,65,0.00187115,673.778,0.116485,0.0,0.000852732,626.696,0.172343,0.0,0.000902345,665.266,0.127243,0.0,0.000997585,673.778,0.117395,0.0,0.00099966,673.778,0.101571,0.0
traj_lhs_231,0.484,0,1,0.9,1.2,56,244,79,1,39119,51858,0.19,0.36,-0.0082,80,0.00231089,675.906,0.0235744,0.0,0.00106768,626.696,0.0740983,0.0,0.00112966,666.862,0.0270573,0.0,0.00125558,675.906,0.0219482,0.0,0.00125826,675.906,0.000425299,0.0
traj_lhs_233,0.517,0,1,1.04,2.2,57,195,94,0,10774,61609,0.18,0.23,-0.0297,86,0.00216414,675.64,0.0532432,0.0,0.000999527,626.696,0.101143,0.0,0.00105625,667.128,0.0595308,0.0,0.00116775,675.64,0.0530723,0.0,0.0011703,675.64,0.0313367,0.0
traj_lhs_245,0.455,1,0,1.14,2.1,61,170,90,1,89156,8775,0.07,0.23,-0.0084,75,0.00257971,687.344,-0.00770101,-0.0654133,0.00113573,626.696,0.0450982,0.0,0.00120664,673.512,0.0113433,0.0,0.00133426,682.024,-0.00751665,-0.00751665,0.00134864,687.344,-0.0190579,-0.309699
traj_lhs_249,0.457,0,0,1.15,2.2,65,188,44,0,57621,5228,0.07,0.19,-0.0263,96,0.00245248,683.088,0.0102515,0.0,0.00113076,626.696,0.0470982,0.0,0.00121107,674.044,0.0153746,0.0,0.00134461,683.088,0.00755834,0.0,0.00134729,683.088,-0.0109113,-0.0356145
traj_lhs_259,0.58,1,1,0.88,2.3,56,204,49,0,23023,2651,0.08,0.4,0.0096,60,0.0019539,674.044,0.0959918,0.0,0.000890958,626.696,0.151543,0.0,0.000941935,665.266,0.106353,0.0,0.00104457,674.044,0.0965749,0.0,0.00104694,674.044,0.0802185,0.0
traj_lhs_270,0.529,0,0,1.16,2.2,47,93,47,0,46366,76794,0.09,0.26,-0.0053,32,0.00212096,676.97,0.0623108,0.0,0.000976853,626.696,0.110743,0.0,0.00103201,667.926,0.067553,0.0,0.00114761,676.97,0.0590309,0.0,0.00114987,676.97,0.0440493,0.0
traj_lhs_274,0.455,0,1,0.89,2.5,53,192,79,0,33490,95860,0.18,0.33,0.0031,68,0.00253765,695.59,0.0172517,0.0,0.00113573,626.696,0.0450982,0.0,0.00121387,670.852,0.0111067,0.0,0.00133204,678.3,0.00543063,0.0,0.00137807,695.59,0.00324824,0.0
traj_lhs_275,0.561,1,0,1.11,1.2,59,96,74,1,37216,55279,0.09,0.28,-0.0044,96,0.00202384,676.704,0.0810255,0.0,0.000921133,626.696,0.136343,0.0,0.000973008,667.66,0.0934168,0.0,0.0010823,676.704,0.0825247,0.0,0.00108424,676.704,0.0658199,0.0
traj_lhs_280,0.473,1,0,1.23,2.3,41,202,87,0,66630,84090,0.13,0.23,-0.0042,71,0.00244109,680.96,0.00750486,0.0,0.00109251,626.696,0.0630982,0.0,0.00115691,670.852,0.018595,0.0,0.00129443,680.428,0.00927419,0.0,0.00129766,680.96,-0.00617167,-0.0146957
traj_lhs_286,0.522,1,1,1.21,1.1,44,128,73,0,91613,47710,0.1,0.42,-0.0093,54,0.00217158,676.438,0.0509545,0.0,0.000989953,626.696,0.105143,0.0,0.00104872,667.394,0.0587171,0.0,0.00116586,676.438,0.0506102,0.0,0.0011679,676.438,0.034013,0.0
traj_lhs_289,0.545,1,1,1.14,2.2,57,94,48,0,23290,50326,0.2,0.18,-0.0079,65,0.00208864,676.97,0.0695868,0.0,0.000948175,626.696,0.123543,0.0,0.00100261,667.926,0.0765031,0.0,0.00111512,676.97,0.0672213,0.0,0.00111742,676.97,0.0524887,0.0
traj_lhs_290,0.546,1,1,0.92,1.3,42,243,26,1,76494,80955,0.16,0.17,-0.0141,37,0.00205706,674.842,0.0733543,0.0,0.000946439,626.696,0.124343,0.0,0.0010002,665.798,0.0778132,0.0,0.00111205,674.842,0.0707762,0.0,0.00111457,674.842,0.0558828,0.0
traj_lhs_296,0.465,1,0,0.85,2.3,43,138,26,1,57298,26559,0.18,0.27,-0.0167,36,0.00245737,676.172,-0.00289102,-0.00289102,0.0011113,626.696,0.0550982,0.0,0.00117621,668.192,0.00878037,0.0,0.00129251,675.64,-0.000666078,-0.000666078,0.00129587,676.172,-0.0172083,-0.0642456
traj_lhs_297,0.568,1,0,1.06,1.5,58,178,51,1,38451,76460,0.16,0.31,-0.015,76,0.00204724,674.576,0.0823198,0.0,0.000909781,626.696,0.141943,0.0,0.000962797,665.798,0.0974518,0.0,0.0010685,674.576,0.0830981,0.0,0.0010709,674.576,0.0639827,0.0
traj_lhs_299,0.549,1,1,0.85,1.2,47,104,96,0,46143,62417,0.13,0.36,-0.0231,48,0.00205388,674.842,0.0738429,0.0,0.000941267,626.696,0.126743,0.0,0.000995235,665.798,0.0824568,0.0,0.00110643,674.842,0.075166,0.0,0.00110867,674.842,0.0586781,0.0
traj_lhs_300,0.418,0,0,1.09,1.4,59,189,69,0,44365,4286,0.15,0.36,-0.0158,82,0.0029475,739.48,-0.00675712,-0.0460822,0.00123626,626.696,0.00809822,0.0,0.0014522,712.614,-0.00849168,-0.0250919,0.00158995,721.126,-0.0149983,-0.0924318,0.00164198,739.48,-0.0217608,-0.476497
traj_lhs_306,0.54,1,0,1.19,1.6,54,96,45,1,74596,25133,0.11,0.25,0.0104,66,0.00215048,676.97,0.0542707,0.0,0.000956954,626.696,0.119543,0.0,0.00101312,667.66,0.075591,0.0,0.00113057,676.97,0.0560237,0.0,0.001133,676.97,0.040184,0.0
traj_lhs_308,0.344,0,0,1.25,2.5,54,158,45,1,96450,92584,0.17,0.32,0.018,26,0.00435938,902.006,-0.0813385,-3.0582,0.00160549,673.246,-0.0613901,-1.978,0.00195018,805.448,-0.0650376,-2.54891,0.00220357,851.2,-0.0732691,-2.84548,0.0023603,902.006,-0.0885914,-3.44746
traj_lhs_316,0.592,1,1,0.8,1.3,60,221,68,1,25568,3105,0.11,0.43,0.0116,94,0.00190645,673.778,0.100885,0.0,0.000872898,626.696,0.161143,0.0,0.000923163,664.734,0.116495,0.0,0.00102633,673.778,0.105109,0.0,0.00102829,673.778,0.0896246,0.0
traj_lhs_323,0.447,0,0,0.84,1.6,62,164,41,1,41097,95128,0.19,0.18,-0.0055,58,0.00254307,688.142,0.00810962,0.0,0.00115605,626.696,0.0370982,0.0,0.00123821,671.916,0.00680031,0.0,0.00136689,680.428,0.00026254,0.0,0.0013848,688.142,-0.00943215,-0.025822
traj_lhs_327,0.492,1,0,1.05,2.4,47,199,59,1,36285,19973,0.14,0.22,0.019,80,0.00230539,676.438,0.0263308,0.0,0.00105032,626.696,0.0811431,0.0,0.00111025,667.394,0.0361282,0.0,0.00122397,675.374,0.0282767,0.0,0.0012288,676.438,0.0110167,0.0
traj_lhs_331,0.553,1,1,1.19,2.4,51,193,96,0,42680,1433,0.08,0.43,-0.0029,47,0.00206662,677.236,0.0737152,0.0,0.000934459,626.696,0.129943,0.0,0.000988579,668.192,0.0828947,0.0,0.00109961,677.236,0.0720851,0.0,0.00110149,677.236,0.0590172,0.0
traj_lhs_333,0.511,0,1,0.81,2.4,54,152,37,1,55091,6615,0.16,0.16,0.0058,56,0.00218646,675.64,0.0462436,0.0,0.00101126,626.696,0.0963431,0.0,0.00106951,667.128,0.0515817,0.0,0.00118211,675.64,0.0459371,0.0,0.001185,675.64,0.0223067,0.0
traj_lhs_338,0.436,1,1,1.13,2.1,51,212,28,0,3385,63385,0.12,0.18,-0.0232,33,0.00270098,698.516,-0.0081419,-0.0412367,0.00118522,626.696,0.0260982,0.0,0.00130146,687.344,0.00199418,0.0,0.00143453,695.856,-0.0158898,-0.0671533,0.0014429,698.516,-0.0241284,-0.325362
traj_lhs_343,0.469,0,0,1.01,2.0,45,217,89,0,18077,40897,0.09,0.2,-0.025,95,0.0023889,680.694,0.016839,0.0,0.00110182,626.696,0.0590983,0.0,0.0011766,672.182,0.0230318,0.0,0.00129931,680.694,0.0167518,0.0,0.00130249,680.694,-0.00849937,-0.0212263
traj_lhs_345,0.182,0,0,1.02,2.0,46,246,83,1,31510,85561,0.21,0.42,0.0154,82,0.00841199,912.912,-0.228431,-10.5199,0.00307691,680.694,-0.22339,-9.36527,0.00407361,863.17,-0.220797,-10.1636,0.00461178,903.602,-0.226296,-10.4758,0.00469121,912.912,-0.242703,-11.0058
