trajectory_id,param_CELL_PAD_IN_SITES_DETAIL_PLACEMENT,param_CELL_PAD_IN_SITES_GLOBAL_PLACEMENT,param_CLK_PERIOD,param_CORE_ASPECT_RATIO,param_CORE_MARGIN,param_CORE_UTILIZATION,param_CTS_CLUSTER_DIAMETER,param_CTS_CLUSTER_SIZE,param_ENABLE_PLACE_REPAIR_TIMING,param_GPL_RANDOM_SEED,param_GRT_SEED,param_PLACE_DENSITY_LB_ADDON,param_ROUTING_LAYER_ADJUSTMENT,param_SETUP_SLACK_MARGIN,param_TNS_END_PERCENT,final_power,final_fmax,final_area,floorplan__power,floorplan__fmax,floorplan__area,floorplan__setup_ws,floorplan__hp__core_area,floorplan__hp__utilization,floorplan__hp__aspect_ratio,placement__power,placement__fmax,placement__area,placement__setup_ws,placement__hp__hpwl,placement__hp__placement_density,placement__hp__estimated_congestion,placement__hp__inv_fmax,cts__power,cts__fmax,cts__area,cts__setup_ws,cts__hp__inv_fmax,cts__hp__total_negative_slack,cts__hp__clock_skew,cts__hp__buffer_inverter_count,routing__power,routing__fmax,routing__area,routing__setup_ws,routing__hp__routed_wirelength,routing__hp__inv_fmax,routing__hp__total_negative_slack,routing__hp__congestion,routing__hp__drc_violation_count
traj_lhs_001,0,0,0.254,1.1,1.5,63,102,97,1,32184,7773,0.17,0.15,-0.0076,42,0.00583117,2446410000.0,888.972,0.002185,2466760000.0,675.906,-0.15139,1078.9,0.626479,1.2524608397441837,0.00280621,2491650000.0,849.072,-0.14734,3707.07,0.786982,0.723099,4.013404771938274e-10,0.0031466,2472910000.0,870.618,-0.150381,4.0438188207415554e-10,-6.66549,0.000858744,4.0,0.00323094,2381830000.0,888.972,-0.165845,4081.0,4.1984524504267726e-10,-7.31025,0.723099,0.0
traj_lhs_002,0,0,0.229,1.24,1.3,50,167,60,0,21905,17521,0.21,0.37,-0.0146,20,0.00628037,2450150000.0,872.48,0.00240964,2466760000.0,672.182,-0.17639,1099.64,0.611272,1.24,0.00293196,2462650000.0,809.172,-0.177067,3548.2,0.735849,0.687726,4.0606663553489125e-10,0.00331137,2462890000.0,840.294,-0.177028,4.0602706576420384e-10,-7.86058,0.00144686,1.0,0.00348037,2394640000.0,872.48,-0.188599,3950.0,4.175993051147563e-10,-8.27732,0.687726,0.0
traj_lhs_003,1,1,0.409,0.92,1.9,54,128,53,1,74648,93546,0.11,0.19,0.0148,63,0.00209453,2090060000.0,676.438,0.000941267,2439610000.0,626.696,0.126743,1117.2,0.560952,1.1443698532044397,0.000995541,2186870000.0,667.926,0.0802133,4132.37,0.597857,0.675222,4.5727455221389475e-10,0.00110115,2116240000.0,676.438,0.0660118,4.725361962726344e-10,0.0,0.00145577,0.0,0.00110331,2052990000.0,676.438,0.0528483,4995.0,4.870944329977253e-10,0.0,0.675222,0.0
traj_lhs_005,0,1,0.19,1.15,1.9,61,105,77,0,36400,46062,0.2,0.36,-0.0252,95,0.00440591,2413450000.0,880.46,0.00167647,2466760000.0,679.896,-0.0723901,1082.89,0.627856,1.193805465005679,0.00209336,2486540000.0,821.674,-0.0691655,3480.89,0.758782,0.75322,4.021652577477137e-10,0.00230902,2436660000.0,841.358,-0.0773983,4.10397839665772e-10,-3.21922,0.000655635,3.0,0.00241955,2371860000.0,880.46,-0.0890519,3863.0,4.216100444376987e-10,-3.66737,0.75322,0.0
traj_lhs_006,1,1,0.615,1.2,2.4,41,236,61,0,81276,59259,0.06,0.28,0.0092,80,0.00182177,2140290000.0,674.576,0.000840253,2439610000.0,626.696,0.179543,1113.48,0.562828,1.336341919028631,0.00088972,2186030000.0,667.128,0.130618,3930.93,0.59914,0.650676,4.57450263720077e-10,0.0009773,2154200000.0,674.576,0.126865,4.6420945130442854e-10,0.0,0.00364275,0.0,0.000979157,2079880000.0,674.576,0.110302,4276.0,4.807969690559071e-10,0.0,0.650676,0.0
traj_lhs_007,0,1,0.421,1.22,2.3,45,233,26,0,12162,64204,0.19,0.25,0.0064,95,0.00326347,2373370000.0,801.458,0.00122745,2439610000.0,626.696,0.0110982,1099.64,0.569908,1.3392382961696554,0.00144441,2369390000.0,718.2,-0.00780395,3562.53,0.65312,0.683154,4.2204955705898984e-10,0.00169912,2360860000.0,764.75,-0.00257513,4.2357446015435054e-10,-0.00669828,0.00166407,11.0,0.00179408,2309800000.0,801.458,-0.0128733,3950.0,4.329379167027448e-10,-0.334462,0.683154,0.0
traj_lhs_010,1,0,0.599,1.05,1.6,40,144,74,0,34332,57470,0.17,0.23,-0.0166,69,0.00224028,2144810000.0,673.778,0.00101325,2439610000.0,626.696,0.095543,1083.68,0.578301,1.2069614646390079,0.00107255,2226920000.0,665.532,0.0497491,4104.14,0.614138,0.714943,4.490507068058125e-10,0.00118604,2159570000.0,673.778,0.0406559,4.630551452372463e-10,0.0,0.00209772,0.0,0.00118817,2100610000.0,673.778,0.02088,4780.0,4.760521943625899e-10,0.0,0.714943,0.0
traj_lhs_011,1,0,0.527,0.91,1.4,40,167,52,0,93474,91056,0.12,0.45,0.0093,99,0.00214767,2180590000.0,677.236,0.000980561,2439610000.0,626.696,0.109143,1131.83,0.553702,1.180804537783943,0.00103746,2220710000.0,668.192,0.0637113,3785.69,0.590364,0.726746,4.503064335280158e-10,0.00115346,2197580000.0,677.236,0.0527638,4.5504600515112076e-10,0.0,0.000965783,0.0,0.0011558,2112570000.0,677.236,0.0326701,4259.0,4.733570958595455e-10,0.0,0.726746,0.0
traj_lhs_012,1,1,0.45,0.82,1.7,53,193,66,0,59766,19982,0.15,0.34,-0.0013,30,0.00268868,2204260000.0,704.368,0.00114834,2439610000.0,626.696,0.0400982,1094.86,0.5724,1.2618325630674243,0.00123381,2276910000.0,673.246,0.00479403,3970.72,0.614917,0.661882,4.3919171157401917e-10,0.00136797,2228240000.0,682.556,-0.00337738,4.487846910566187e-10,-0.00389222,0.00118253,0.0,0.00141066,2172760000.0,704.368,-0.0156569,5403.0,4.602441134777886e-10,-0.0828947,0.661882,0.0
traj_lhs_013,0,0,0.265,0.98,2.3,53,207,30,1,4715,69637,0.2,0.17,0.0089,38,0.00543956,2430200000.0,872.48,0.00209406,2466760000.0,675.906,-0.14039,1089.0,0.620664,1.3509458218549129,0.00267808,2488470000.0,834.974,-0.136854,3613.37,0.766732,0.651822,4.018533476393125e-10,0.00295901,2470310000.0,857.318,-0.139808,4.0480749379632516e-10,-6.21964,0.000900578,2.0,0.00303395,2353840000.0,872.48,-0.159837,4094.0,4.2483771199401827e-10,-6.85237,0.651822,0.0
traj_lhs_016,0,0,0.262,1.01,2.4,44,164,65,0,27866,60815,0.05,0.24,-0.0272,29,0.00294153,2343190000.0,768.474,0.00117444,2439610000.0,626.696,0.0300982,1117.73,0.560685,1.1570683438755334,0.00126613,2330880000.0,674.842,0.00639064,3104.06,0.60376,0.684905,4.2902251510159253e-10,0.00144219,2349900000.0,706.762,0.0085944,4.255500234052513e-10,0.0,0.00136376,13.0,0.00158726,2307910000.0,768.474,0.00131223,3661.0,4.3329245941132886e-10,0.0,0.684905,0.0
traj_lhs_019,2,1,0.212,0.91,1.2,55,203,25,1,89637,92137,0.11,0.4,-0.0131,39,0.00197058,2100840000.0,672.98,0.00089559,2439610000.0,626.696,0.149143,1089.0,0.575476,1.2541230486685033,0.000946867,2186910000.0,665.532,0.100844,4194.56,0.611138,0.660153,4.5726618836623366e-10,0.00104079,2138520000.0,672.98,0.083724,4.676131156126667e-10,0.0,0.000676847,0.0,0.00104283,2068830000.0,672.98,0.0665651,4914.0,4.833649937404233e-10,0.0,0.660153,0.0
traj_lhs_020,1,1,0.538,0.85,1.4,53,143,51,0,52399,32200,0.25,0.37,-0.0284,92,0.00206995,2144540000.0,674.31,0.000960512,2439610000.0,626.696,0.117943,1123.58,0.557765,1.1899108207693267,0.00101554,2183730000.0,666.862,0.0714936,3661.54,0.593513,0.703456,4.579320703566833e-10,0.00111582,2166010000.0,674.31,0.0660803,4.6167838560302123e-10,0.0,0.000609735,0.0,0.00111823,2099190000.0,674.31,0.0505248,4098.0,4.763742205326816e-10,0.0,0.703456,0.0
traj_lhs_024,0,1,0.562,0.92,1.3,43,189,67,1,86897,15046,0.06,0.34,-0.0209,88,0.00198185,2194570000.0,674.842,0.000919494,2439610000.0,626.696,0.137143,1131.83,0.553702,1.1679139093326738,0.000971342,2216500000.0,665.798,0.0953684,3214.71,0.588249,0.729318,4.511617414843221e-10,0.00107986,2198260000.0,674.842,0.0888627,4.5490524323783356e-10,0.0,0.000634666,0.0,0.00108184,2122580000.0,674.842,0.0675409,3511.0,4.711247632598064e-10,0.0,0.729318,0.0
traj_lhs_025,1,1,0.527,0.87,2.4,59,220,54,1,44244,40377,0.17,0.36,0.0155,64,0.00213823,2172280000.0,674.576,0.000980561,2439610000.0,626.696,0.109143,1111.88,0.563636,1.3376623376623376,0.00103791,2220620000.0,666.064,0.059703,3601.79,0.599043,0.656148,4.503246840972341e-10,0.00114729,2185980000.0,674.576,0.0538424,4.5746072699658737e-10,0.0,0.00113862,0.0,0.0011495,2108620000.0,674.576,0.0280049,4032.0,4.742438182318293e-10,0.0,0.656148,0.0
traj_lhs_028,0,0,0.208,0.87,1.3,40,240,67,1,17350,13007,0.27,0.42,-0.0051,34,0.00707621,2444990000.0,887.642,0.00266792,2466760000.0,675.906,-0.19739,1111.88,0.607895,1.1891211281793,0.00345245,2480810000.0,841.358,-0.195094,3629.25,0.756699,0.747551,4.030941507007792e-10,0.00378852,2452330000.0,859.712,-0.199776,4.0777546251931835e-10,-9.08715,0.0013293,0.0,0.0039684,2392840000.0,887.642,-0.209913,3847.0,4.17913441767941e-10,-9.5207,0.747551,0.0
traj_lhs_030,1,1,0.574,0.9,1.2,48,197,48,0,89378,70618,0.12,0.34,-0.0155,91,0.00224162,2105470000.0,677.768,0.00100732,2439610000.0,626.696,0.0979431,1103.9,0.567711,1.278132077180904,0.00106544,2174840000.0,668.724,0.0531955,4081.95,0.605783,0.652113,4.598039396001545e-10,0.0011852,2133620000.0,677.768,0.0383978,4.686870201816631e-10,0.0,0.00139379,0.0,0.00118747,2049870000.0,677.768,0.0235687,4997.0,4.878358139784474e-10,0.0,0.652113,0.0
traj_lhs_031,1,1,0.497,1.12,1.2,44,91,36,0,21299,88133,0.21,0.16,0.0059,62,0.00230396,2149380000.0,679.896,0.00103975,2439610000.0,626.696,0.0851431,1110.55,0.564311,1.1773445590022962,0.0011002,2209210000.0,670.32,0.0363951,3882.86,0.603593,0.707656,4.5265049497331626e-10,0.00122392,2164190000.0,679.364,0.0166795,4.620666392507127e-10,0.0,0.00266401,0.0,0.00122757,2112300000.0,679.896,0.00956779,4488.0,4.7341760166643e-10,0.0,0.707656,0.0
traj_lhs_032,2,1,0.414,1.21,2.0,56,157,85,1,4995,30729,0.27,0.33,0.0129,48,0.0020873,2173200000.0,673.778,0.000962301,2439610000.0,626.696,0.117143,1101.24,0.569082,1.2134866150884456,0.00101717,2206940000.0,665.798,0.0740741,3590.55,0.604589,0.694541,4.531160792771892e-10,0.0011212,2179910000.0,673.778,0.0681236,4.5873453491199177e-10,0.0,0.00129264,0.0,0.00112339,2128360000.0,673.778,0.0473623,4013.0,4.698453269183785e-10,0.0,0.694541,0.0
traj_lhs_037,0,1,0.44,0.9,1.8,48,234,87,0,84826,18625,0.18,0.45,0.003,45,0.00273876,2353870000.0,726.18,0.00117444,2439610000.0,626.696,0.0300982,1088.47,0.575758,1.2823412680184112,0.00126705,2294230000.0,675.906,0.0038155,3277.44,0.620968,0.702861,4.358760891453778e-10,0.00139798,2332920000.0,690.802,0.000906303,4.286473603895547e-10,0.0,0.000463213,4.0,0.0014911,2271330000.0,726.18,-0.000269895,3688.0,4.402706784130884e-10,-0.000338618,0.702861,0.0
traj_lhs_039,0,0,0.258,1.12,1.4,56,132,27,1,767,64187,0.19,0.37,-0.0169,87,0.00566929,2432010000.0,890.568,0.00217054,2466760000.0,680.694,-0.14739,1110.55,0.612934,1.2035658007293684,0.00279542,2481720000.0,851.998,-0.144947,3560.71,0.767186,0.685319,4.029463436648776e-10,0.00304402,2447160000.0,865.298,-0.150638,4.086369505876199e-10,-6.64012,0.00213082,1.0,0.00316959,2352950000.0,890.568,-0.166999,3905.0,4.249984062559765e-10,-7.19007,0.685319,0.0
traj_lhs_041,0,0,0.404,1.05,1.5,56,86,72,0,37990,29746,0.23,0.27,0.0028,44,0.002171,2195270000.0,675.64,0.000997598,2439610000.0,626.696,0.101943,1110.82,0.564176,1.189922759763058,0.00105562,2261380000.0,667.128,0.0572025,3626.35,0.600575,0.704479,4.42207855380343e-10,0.00116689,2211290000.0,675.64,0.0475052,4.5222471950761774e-10,0.0,0.00127095,0.0,0.00116904,2154500000.0,675.64,0.0296065,3986.0,4.641448131817127e-10,0.0,0.704479,0.0
traj_lhs_042,1,0,0.55,0.82,1.5,55,209,47,0,45990,94634,0.25,0.44,-0.0135,62,0.00211746,2101700000.0,675.374,0.000939555,2439610000.0,626.696,0.127543,1042.72,0.60102,1.2964458339726868,0.00099306,2170980000.0,665.798,0.0843649,4342.0,0.63852,0.699089,4.6062147048798237e-10,0.00111155,2139810000.0,675.374,0.0651032,4.673312116496324e-10,0.0,0.00244437,0.0,0.00111379,2082540000.0,675.374,0.0464704,4864.0,4.801828536306626e-10,0.0,0.699089,0.0
traj_lhs_044,1,1,0.464,1.19,1.5,60,230,83,0,43851,10980,0.15,0.16,0.0172,60,0.00231321,2092460000.0,678.034,0.00105032,2439610000.0,626.696,0.0811431,1097.25,0.571152,1.19,0.0011106,2211320000.0,669.788,0.0367169,4115.47,0.610424,0.70297,4.5221858437494347e-10,0.00122795,2129650000.0,678.034,0.0224384,4.695607259408823e-10,0.0,0.00143985,0.0,0.00123008,2061330000.0,678.034,0.00687578,4805.0,4.85123682282798e-10,0.0,0.70297,0.0
traj_lhs_046,1,0,0.596,0.83,1.9,60,183,36,0,20549,99155,0.07,0.26,-0.003,97,0.00192032,2113030000.0,673.512,0.00086704,2439610000.0,626.696,0.164343,1089.27,0.575336,1.2958862357358598,0.000916601,2197540000.0,664.734,0.118038,3877.82,0.610256,0.710774,4.550542879765556e-10,0.00101689,2147490000.0,673.512,0.110344,4.656599099413734e-10,0.0,0.00177068,0.0,0.00101919,2078610000.0,673.512,0.0887792,4856.0,4.810907289005633e-10,0.0,0.710774,0.0
traj_lhs_048,2,1,0.322,1.02,2.2,48,100,71,1,95980,96270,0.23,0.21,0.01,88,0.00650843,2432400000.0,876.736,0.00251126,2466760000.0,675.906,-0.18439,1092.73,0.618549,1.3480548717432486,0.00307419,2417630000.0,819.546,-0.192628,3675.38,0.75,0.67547,4.1362822268088997e-10,0.00348837,2462720000.0,856.254,-0.185055,4.0605509355509353e-10,-8.3426,0.00107356,3.0,0.00360977,2390260000.0,876.736,-0.197364,4029.0,4.183645293817409e-10,-8.82954,0.67547,0.0
traj_lhs_049,0,0,0.536,1.0,1.4,57,104,76,1,99665,59788,0.09,0.3,-0.0297,54,0.00207878,2221720000.0,675.108,0.000964096,2439610000.0,626.696,0.116343,1129.97,0.554614,1.1825712187049213,0.00101926,2260290000.0,667.128,0.071966,3239.29,0.590395,0.723684,4.424211052564052e-10,0.00112333,2239360000.0,675.108,0.0654678,4.4655615890254356e-10,0.0,0.0012492,0.0,0.00112539,2163960000.0,675.108,0.0489171,3550.0,4.6211575075324865e-10,0.0,0.723684,0.0
traj_lhs_050,1,0,0.282,1.22,2.4,42,200,91,1,69234,80212,0.22,0.43,-0.0152,87,0.00199984,2157440000.0,677.236,0.000916233,2439610000.0,626.696,0.138743,1113.48,0.562828,1.22,0.000968369,2190520000.0,668.192,0.0947611,3359.38,0.600096,0.698029,4.565126088782572e-10,0.00107697,2154290000.0,677.236,0.0887369,4.6419005797733825e-10,0.0,0.00292137,0.0,0.00107898,2116070000.0,677.236,0.070788,3798.0,4.725741586998539e-10,0.0,0.698029,0.0
traj_lhs_052,0,1,0.419,1.15,1.8,52,187,34,1,77245,78334,0.15,0.31,-0.021,77,0.00299018,2381490000.0,745.864,0.00123331,2439610000.0,626.696,0.00909825,1097.25,0.571152,1.2722533606744133,0.00148295,2362760000.0,723.786,-0.00898398,3397.71,0.659636,0.67864,4.2323384516413007e-10,0.00162511,2340530000.0,732.564,-0.0172272,4.2725365622316313e-10,-0.0946134,0.00119302,0.0,0.00166453,2288800000.0,745.864,-0.0242062,3721.0,4.3691017126878714e-10,-0.54718,0.67864,0.0
traj_lhs_053,1,0,0.536,1.15,1.0,52,235,30,0,8221,23000,0.21,0.44,-0.0069,55,0.00214213,2077010000.0,676.438,0.000964096,2439610000.0,626.696,0.116343,1090.6,0.574634,1.172510544654319,0.0010205,2171110000.0,667.926,0.0718234,4141.77,0.612439,0.698936,4.6059388976145845e-10,0.00112859,2108190000.0,676.438,0.054038,4.743405480530692e-10,0.0,0.00239122,0.0,0.00113071,2044610000.0,676.438,0.0350058,5032.0,4.890908290578643e-10,0.0,0.698936,0.0
traj_lhs_054,1,1,0.588,1.25,2.3,42,170,80,1,64283,53874,0.07,0.19,0.0027,65,0.00195389,2158950000.0,676.704,0.000878836,2439610000.0,626.696,0.157943,1092.73,0.573515,1.3480091147859032,0.000930669,2214120000.0,667.128,0.110728,3997.98,0.610516,0.66664,4.5164670388235506e-10,0.00104097,2182310000.0,676.704,0.0953183,4.5823004064500463e-10,0.0,0.0019828,0.0,0.00104323,2107140000.0,676.704,0.0788186,4428.0,4.745769146805623e-10,0.0,0.66664,0.0
traj_lhs_055,1,0,0.584,0.84,1.9,49,141,81,0,44653,8183,0.21,0.24,0.0087,39,0.00196352,2118680000.0,672.98,0.000884855,2439610000.0,626.696,0.154743,1078.1,0.581298,1.3090436879695762,0.000936009,2186010000.0,664.468,0.10943,4129.65,0.616334,0.671894,4.574544489732435e-10,0.0010351,2133010000.0,672.98,0.0983935,4.688210556912532e-10,0.0,0.00095958,0.0,0.00103736,2058990000.0,672.98,0.0775358,4985.0,4.856750154201817e-10,0.0,0.671894,0.0
traj_lhs_056,1,0,0.592,1.25,2.1,41,104,58,0,6660,50051,0.13,0.26,0.0079,74,0.00194845,2149530000.0,676.438,0.000872898,2439610000.0,626.696,0.161143,1085.81,0.577168,1.328335528315267,0.000924274,2212750000.0,667.394,0.113243,4206.26,0.61465,0.698055,4.519263360072308e-10,0.00102821,2175340000.0,676.438,0.0951007,4.5969825406603105e-10,0.0,0.000978002,0.0,0.00103031,2105930000.0,676.438,0.0804619,5158.0,4.748495913919266e-10,0.0,0.698055,0.0
traj_lhs_057,1,2,0.608,1.05,1.3,64,178,98,0,19974,82894,0.23,0.42,-0.0299,29,0.00248984,2181430000.0,685.216,0.00109482,2439610000.0,626.696,0.0620982,1078.9,0.580868,1.3076188710723884,0.00116255,2264670000.0,669.788,0.0171815,4402.96,0.620809,0.658719,4.415654377900533e-10,0.00127719,2213450000.0,677.236,0.00642805,4.517834150308342e-10,0.0,0.000929291,0.0,0.00129617,2126540000.0,685.216,-0.00235126,5680.0,4.702474442051407e-10,-0.00312206,0.658719,0.0
traj_lhs_061,1,1,0.2,1.02,1.3,58,238,61,0,3487,93873,0.16,0.22,0.0179,26,0.00212291,2197690000.0,675.906,0.000967707,2439610000.0,626.696,0.114743,1100.18,0.569632,1.310003817557127,0.00102368,2236160000.0,667.128,0.0674289,3688.3,0.606383,0.689886,4.471951917572982e-10,0.00113511,2193150000.0,675.906,0.0595904,4.5596516426145044e-10,0.0,0.00210496,0.0,0.00113739,2119980000.0,675.906,0.0390535,4177.0,4.717025632317286e-10,0.0,0.689886,0.0
traj_lhs_063,0,1,0.414,1.06,1.2,60,177,31,1,84197,13822,0.13,0.32,-0.0141,69,0.0030432,2356350000.0,759.164,0.0012482,2439610000.0,626.696,0.00409825,1091.66,0.574074,1.1975340307421722,0.00149527,2409620000.0,732.298,-0.00428055,3368.23,0.670809,0.726962,4.150031955246055e-10,0.00163892,2384730000.0,741.076,-0.0126534,4.193346835910145e-10,-0.119661,0.00155978,0.0,0.00168706,2293820000.0,759.164,-0.0219532,3645.0,4.3595399813411687e-10,-0.566721,0.726962,0.0
traj_lhs_066,0,0,0.519,0.86,1.7,52,103,90,1,79261,33723,0.11,0.21,0.0156,97,0.00216018,2221310000.0,674.576,0.000995675,2439610000.0,626.696,0.102743,1066.93,0.587385,1.2946116427506957,0.00105219,2268030000.0,665.532,0.0608022,3184.65,0.623785,0.70268,4.409112754240464e-10,0.00116969,2242850000.0,674.576,0.0540032,4.458612925518871e-10,0.0,0.000354251,0.0,0.00117259,2164150000.0,674.576,0.0361676,3590.0,4.6207517963172606e-10,0.0,0.70268,0.0
traj_lhs_068,1,1,0.417,0.85,1.4,42,240,38,1,730,43957,0.18,0.41,0.0037,92,0.00205471,2213500000.0,676.97,0.000951667,2439610000.0,626.696,0.121943,1098.05,0.570736,1.3258867993260781,0.00100682,2240530000.0,667.926,0.0794509,3194.11,0.608285,0.654932,4.463229682262679e-10,0.00111914,2219390000.0,676.97,0.0733783,4.5057425689040684e-10,0.0,0.00125491,0.0,0.00112151,2141390000.0,676.97,0.0552986,3527.0,4.669863966862646e-10,0.0,0.654932,0.0
traj_lhs_073,2,2,0.371,1.24,1.7,48,202,98,0,7023,26437,0.21,0.44,0.0084,93,0.00188182,2201670000.0,671.65,0.000880333,2439610000.0,626.696,0.157143,1106.03,0.566619,1.24,0.000930676,2237650000.0,664.202,0.115581,3190.49,0.600529,0.722723,4.4689741469845595e-10,0.00102231,2215290000.0,671.65,0.110287,4.514081677793878e-10,0.0,0.000679068,0.0,0.00102459,2147440000.0,671.65,0.0865044,3497.0,4.656707521513989e-10,0.0,0.722723,0.0
traj_lhs_076,1,1,0.513,1.22,1.4,49,169,91,1,51006,1753,0.14,0.44,-0.0291,85,0.00222362,2112710000.0,678.3,0.00100732,2439610000.0,626.696,0.0979431,1106.56,0.566346,1.22,0.00106566,2200810000.0,669.256,0.0537591,4034.39,0.604808,0.691522,4.5437816076808084e-10,0.00118515,2126060000.0,678.3,0.0426471,4.703536118453853e-10,0.0,0.00317527,0.0,0.0011872,2084620000.0,678.3,0.0287246,4702.0,4.797037349732805e-10,0.0,0.691522,0.0
traj_lhs_078,0,0,0.551,1.18,2.0,55,194,33,1,90326,21540,0.22,0.17,0.0039,71,0.00203808,2187690000.0,676.97,0.00093785,2439610000.0,626.696,0.128343,1083.95,0.57816,1.316020111628765,0.00099164,2233560000.0,667.926,0.0876486,3128.62,0.616196,0.660696,4.4771575422195954e-10,0.0011026,2197980000.0,676.97,0.0794207,4.5496319347764766e-10,0.0,0.00234403,0.0,0.00110513,2127860000.0,676.97,0.0576851,3540.0,4.69955730170218e-10,0.0,0.660696,0.0
traj_lhs_084,0,0,0.256,1.12,1.5,48,243,62,1,98422,87957,0.26,0.19,0.008,44,0.00557472,2440130000.0,872.746,0.00216793,2466760000.0,675.906,-0.14939,1066.13,0.633982,1.26749083132451,0.00271102,2479970000.0,826.196,-0.147231,3615.65,0.77495,0.707096,4.032306842421481e-10,0.00302973,2448450000.0,861.308,-0.152421,4.0842165451612245e-10,-6.67474,0.00126054,0.0,0.00309397,2370290000.0,872.746,-0.165889,3955.0,4.2188930468423697e-10,-7.17741,0.707096,0.0
traj_lhs_091,0,0,0.276,1.09,2.0,59,249,99,0,75987,23413,0.07,0.33,0.0075,98,0.00547429,2461280000.0,896.42,0.00207079,2467270000.0,692.93,-0.129307,1078.9,0.642258,1.3213365464825284,0.00248457,2484810000.0,821.674,-0.126445,3586.47,0.761588,0.630409,4.0244525738386437e-10,0.00296463,2475780000.0,882.854,-0.127914,4.0391311021173125e-10,-5.6584,0.00228331,4.0,0.00303914,2384540000.0,896.42,-0.14369,3988.0,4.193680961527171e-10,-6.20851,0.630409,0.0
traj_lhs_093,1,1,0.442,1.12,2.4,58,114,99,1,10309,96146,0.18,0.4,-0.0245,24,0.00260579,2285860000.0,688.142,0.00116913,2439610000.0,626.696,0.0320982,1110.55,0.564311,1.3390302102561793,0.0012558,2330410000.0,678.566,0.00680833,3905.66,0.611018,0.642515,4.291090408983827e-10,0.00140257,2297060000.0,688.142,-0.00403963,4.353390856137846e-10,-0.0102044,0.00074641,0.0,0.00140506,2229280000.0,688.142,-0.0207008,4243.0,4.4857532476853514e-10,-0.16559,0.642515,0.0
traj_lhs_096,1,1,0.544,1.22,1.1,55,241,95,1,24719,77859,0.26,0.4,-0.0292,46,0.00211391,2153360000.0,678.832,0.000949918,2439610000.0,626.696,0.122743,1106.56,0.566346,1.22,0.00100564,2200930000.0,669.256,0.0785446,4017.54,0.604808,0.744843,4.543533869773232e-10,0.00112503,2159550000.0,678.832,0.0685459,4.6305943367831264e-10,0.0,0.00195908,0.0,0.00112705,2074410000.0,678.832,0.0565797,4334.0,4.820647798651183e-10,0.0,0.744843,0.0
traj_lhs_099,1,1,0.463,1.06,1.5,62,93,60,1,68031,56845,0.19,0.23,-0.0001,42,0.00206568,2092330000.0,674.31,0.000927748,2439610000.0,626.696,0.133143,1089.0,0.575476,1.3509458218549129,0.000982549,2188000000.0,665.798,0.0847006,4175.24,0.611383,0.677123,4.570383912248629e-10,0.00108657,2118450000.0,674.31,0.077582,4.720432391607071e-10,0.0,0.0012019,0.0,0.00108887,2025060000.0,674.31,0.0583317,5176.0,4.938125290114861e-10,0.0,0.677123,0.0
traj_lhs_100,1,1,0.528,1.12,2.4,56,168,46,1,39047,94396,0.11,0.37,-0.0005,74,0.00215609,2156580000.0,677.236,0.000978704,2439610000.0,626.696,0.109943,1110.55,0.564311,1.3390302102561793,0.00103443,2193610000.0,667.926,0.0653534,3911.19,0.601437,0.662699,4.5586954837003844e-10,0.00115373,2173770000.0,677.236,0.0576787,4.6003026999176544e-10,0.0,0.00127392,0.0,0.00115585,2092240000.0,677.236,0.0427378,4290.0,4.779566397736397e-10,0.0,0.662699,0.0
traj_lhs_101,1,1,0.496,1.05,2.3,58,138,97,0,90722,12754,0.09,0.34,0.0065,63,0.00229865,2198320000.0,677.502,0.00104185,2439610000.0,626.696,0.0843431,1098.05,0.570736,1.3398205910477665,0.00110223,2269730000.0,668.99,0.0415432,4061.06,0.609254,0.660333,4.405810382732748e-10,0.001219,2210840000.0,677.502,0.0317794,4.5231676647789983e-10,0.0,0.00335369,0.0,0.00122166,2152260000.0,677.502,0.00795652,4733.0,4.6462787953128337e-10,0.0,0.660333,0.0
traj_lhs_106,2,0,0.239,1.25,1.1,62,201,88,1,90116,58878,0.26,0.33,-0.0162,40,0.0028526,2262810000.0,720.594,0.00117981,2439610000.0,626.696,0.0280982,1111.88,0.563636,1.3100064755189407,0.0012773,2242110000.0,676.97,-0.00800832,3885.93,0.608852,0.736995,4.4600844739999377e-10,0.00142091,2291660000.0,693.462,-0.00799277,4.363649057888168e-10,-0.0215761,0.00158257,4.0,0.00149328,2204240000.0,720.594,-0.0224021,5638.0,4.536711065945632e-10,-0.274189,0.736995,0.0
traj_lhs_107,0,1,0.427,1.18,2.2,48,84,75,0,2891,45448,0.11,0.34,-0.0246,47,0.00241961,2245690000.0,678.832,0.00112338,2439610000.0,626.696,0.0500982,1094.32,0.572679,1.35888040061408,0.00119917,2288820000.0,671.384,0.0138558,3310.94,0.613515,0.640937,4.3690635349219247e-10,0.0013161,2267060000.0,678.832,0.00833897,4.4109992677741213e-10,0.0,0.000637566,0.0,0.00131882,2196500000.0,678.832,-0.0130423,3562.0,4.5526974732529023e-10,-0.0374772,0.640937,0.0
traj_lhs_110,1,0,0.514,1.17,1.1,54,227,68,0,56052,84636,0.07,0.3,-0.0176,77,0.00223314,2108200000.0,678.034,0.00100536,2439610000.0,626.696,0.0987431,1090.6,0.574634,1.1856867779204108,0.00106351,2173390000.0,668.99,0.0507543,3957.2,0.613415,0.684614,4.60110702635054e-10,0.00118302,2128140000.0,678.034,0.039475,4.698938979578411e-10,0.0,0.00219917,0.0,0.00118517,2061280000.0,678.034,0.026928,4787.0,4.85135449817589e-10,0.0,0.684614,0.0
traj_lhs_111,0,2,0.288,0.94,2.1,47,220,90,1,51990,64697,0.15,0.37,-0.0257,51,0.00285563,2373720000.0,751.982,0.00116649,2439610000.0,626.696,0.0330982,1091.66,0.574074,1.3197790520858141,0.00125676,2336310000.0,675.906,0.00697681,3324.91,0.619152,0.641498,4.2802539046616245e-10,0.00142293,2366930000.0,702.506,0.00799011,4.224882020169587e-10,0.0,0.000823619,12.0,0.00155283,2295630000.0,751.982,0.0050944,3768.0,4.3561026820524216e-10,0.0,0.641498,0.0
traj_lhs_113,0,1,0.582,0.87,2.2,50,145,72,0,72604,69316,0.17,0.17,-0.0294,90,0.00190869,2195780000.0,672.448,0.000887896,2439610000.0,626.696,0.153143,1111.88,0.563636,1.3100064755189407,0.000938611,2230050000.0,664.468,0.111758,3229.17,0.597608,0.668152,4.484204390036098e-10,0.00103441,2210080000.0,672.448,0.106162,4.524723086947079e-10,0.0,0.00126626,0.0,0.00103662,2123380000.0,672.448,0.0827276,3556.0,4.709472633254528e-10,0.0,0.668152,0.0
traj_lhs_115,1,0,0.524,0.85,1.9,59,117,74,0,84077,13493,0.16,0.22,-0.0219,31,0.00220279,2101280000.0,674.842,0.000986175,2439610000.0,626.696,0.106743,1072.51,0.584325,1.3158758426494859,0.00104283,2238170000.0,665.798,0.0617197,4303.03,0.620784,0.704597,4.467935858312818e-10,0.00115995,2158940000.0,674.842,0.0504265,4.6319026929882256e-10,0.0,0.000225445,0.0,0.00116249,2087470000.0,674.842,0.0304844,5260.0,4.790488007013274e-10,0.0,0.704597,0.0
traj_lhs_117,0,0,0.605,1.18,1.2,47,124,77,1,94563,87200,0.21,0.45,-0.0241,70,0.00185086,2177660000.0,675.64,0.000854141,2439610000.0,626.696,0.171543,1120.39,0.559354,1.18,0.000902125,2228460000.0,666.596,0.132143,3103.4,0.594967,0.658207,4.487403857372356e-10,0.00100312,2206280000.0,675.64,0.124328,4.5325162717334154e-10,0.0,0.00259357,0.0,0.00100514,2142310000.0,675.64,0.109137,3480.0,4.667858526543777e-10,0.0,0.658207,0.0
traj_lhs_122,1,2,0.259,0.89,1.4,60,93,58,1,33308,76871,0.24,0.38,0.0077,59,0.00419457,2410010000.0,837.9,0.00171247,2466760000.0,679.896,-0.0793901,1064.53,0.638681,1.3533296384319842,0.00201757,2479320000.0,792.946,-0.0793277,3402.85,0.744878,0.677215,4.0333639868996337e-10,0.0022778,2450670000.0,824.866,-0.0820518,4.080516756642061e-10,-3.43503,0.00104278,2.0,0.00232299,2373350000.0,837.9,-0.0953452,3839.0,4.2134535572081654e-10,-3.98247,0.677215,0.0
traj_lhs_126,1,1,0.507,0.83,2.5,45,168,47,1,67844,44447,0.15,0.32,-0.0154,97,0.00762351,2440610000.0,874.076,0.00297871,2466760000.0,680.694,-0.21739,1078.9,0.630917,1.3495041245713226,0.00367577,2489340000.0,824.334,-0.213713,3679.34,0.764053,0.685191,4.0171290382189656e-10,0.00419688,2437400000.0,864.234,-0.222274,4.102732419791581e-10,-10.1455,0.00124883,4.0,0.00428807,2384380000.0,874.076,-0.231396,4014.0,4.1939623717696003e-10,-10.6914,0.685191,0.0
traj_lhs_131,0,0,0.218,0.88,1.3,54,157,28,1,24059,78139,0.13,0.3,-0.0052,66,0.00669216,2451130000.0,895.356,0.00254582,2466760000.0,675.906,-0.18739,1106.03,0.611111,1.195374447347721,0.00330978,2495940000.0,846.678,-0.182651,3572.2,0.765512,0.69186,4.0065065666642625e-10,0.00361882,2473790000.0,862.372,-0.186238,4.042380315224817e-10,-8.42657,0.000386365,1.0,0.00373474,2399750000.0,895.356,-0.19871,3812.0,4.167100739660381e-10,-9.00755,0.69186,0.0
traj_lhs_132,0,0,0.512,0.96,1.9,50,163,87,0,51315,4119,0.2,0.24,0.0183,82,0.00320901,2380770000.0,776.454,0.00129189,2439610000.0,626.696,-0.00990177,1106.03,0.566619,1.3446561124020144,0.00160061,2418400000.0,759.164,-0.0148322,3494.56,0.686388,0.704033,4.134965266291763e-10,0.00174456,2391660000.0,767.676,-0.0213941,4.181196323892192e-10,-0.357491,0.000580903,0.0,0.00177863,2321050000.0,776.454,-0.0322087,3714.0,4.3083949074772194e-10,-0.846087,0.704033,0.0
traj_lhs_133,0,1,0.316,0.85,1.5,58,171,82,1,84673,6811,0.14,0.34,0.0042,81,0.00197165,2101780000.0,674.842,0.000889425,2439610000.0,626.696,0.152343,1104.43,0.567437,1.1836784585713898,0.000941748,2191700000.0,666.33,0.106375,3982.77,0.603324,0.69676,4.5626682483916594e-10,0.00104147,2113660000.0,674.842,0.0936112,4.731129888439958e-10,0.0,0.00134941,0.0,0.00104351,2060800000.0,674.842,0.0768513,4811.0,4.85248447204969e-10,0.0,0.69676,0.0
traj_lhs_136,1,0,0.5,0.83,1.1,49,155,73,1,34462,37886,0.22,0.31,0.0009,58,0.00231016,2170010000.0,675.374,0.00103351,2439610000.0,626.696,0.0875431,1083.68,0.578301,1.1935995865938285,0.00109456,2243010000.0,666.33,0.0383431,4099.68,0.614875,0.6783,4.458294880539989e-10,0.00121751,2193130000.0,675.374,0.0216202,4.5596932238399e-10,0.0,0.00167093,0.0,0.00121972,2117470000.0,675.374,0.00198563,5032.0,4.722617085484092e-10,0.0,0.6783,0.0
traj_lhs_137,1,1,0.397,1.12,1.0,42,87,45,1,79952,99929,0.22,0.29,-0.0014,97,0.00233132,2232830000.0,680.694,0.00107434,2439610000.0,626.696,0.0710982,1094.32,0.572679,1.2755135609328168,0.00113497,2271700000.0,667.66,0.0282867,3211.14,0.610112,0.681704,4.4019896993441037e-10,0.00125464,2250120000.0,676.172,0.0219909,4.4442074200487083e-10,0.0,0.00100782,0.0,0.0012662,2183980000.0,680.694,0.0148347,3539.0,4.5787965091255415e-10,0.0,0.681704,0.0
traj_lhs_139,0,0,0.358,1.21,2.3,46,137,97,0,53069,52436,0.2,0.36,0.0044,24,0.00376687,2392490000.0,819.812,0.00154136,2466760000.0,672.182,-0.0473901,1106.56,0.607452,1.3306463273568538,0.00180495,2438190000.0,780.444,-0.0521406,3629.04,0.705288,0.64616,4.101403089997088e-10,0.00206681,2409180000.0,816.088,-0.0582001,4.150789895317079e-10,-2.20706,0.00104932,1.0,0.00208381,2318210000.0,819.812,-0.0736481,3855.0,4.313673049464889e-10,-2.72369,0.64616,0.0
traj_lhs_141,1,0,0.313,0.91,1.3,64,245,80,1,60535,75457,0.26,0.44,-0.0184,87,0.00349339,2377950000.0,841.092,0.0012422,2439610000.0,626.696,0.00609821,1097.25,0.571152,1.299630895420369,0.00150018,2378170000.0,729.106,-0.00593298,3467.18,0.664485,0.699267,4.20491386233953e-10,0.00174234,2398860000.0,778.582,-0.00610823,4.1686467738842615e-10,-0.0204253,0.000468806,7.0,0.00190935,2335620000.0,841.092,-0.0152606,3999.0,4.281518397684555e-10,-0.212288,0.699267,0.0
traj_lhs_144,0,0,0.22,0.96,2.5,53,246,50,0,9511,79841,0.07,0.35,-0.0281,75,0.00659319,2385000000.0,900.144,0.00253745,2466760000.0,679.364,-0.18539,1101.24,0.616908,1.3639715230104246,0.0030572,2456000000.0,808.906,-0.187165,3556.87,0.734541,0.674003,4.071661237785016e-10,0.00340793,2429960000.0,833.91,-0.191529,4.115294078914879e-10,-8.6036,0.0015371,3.0,0.0036481,2320310000.0,900.144,-0.210978,4184.0,4.309768953286414e-10,-9.39092,0.674003,0.0
traj_lhs_146,1,1,0.228,1.06,1.2,63,144,33,1,39370,21653,0.24,0.21,-0.0035,95,0.00291819,2215740000.0,711.55,0.00120737,2439610000.0,626.696,0.0180982,1103.9,0.567711,1.3056073919739106,0.00136277,2296820000.0,691.866,-0.00738426,4567.98,0.626747,0.671439,4.3538457519527e-10,0.00151383,2209840000.0,706.762,-0.0313523,4.525214495167071e-10,-0.585723,0.0015296,4.0,0.00152772,2170670000.0,711.55,-0.0368013,6531.0,4.6068725324438997e-10,-0.856203,0.671439,0.0
traj_lhs_148,1,1,0.579,0.95,1.0,44,109,72,1,97431,40417,0.19,0.37,-0.0196,74,0.00194451,2160360000.0,674.31,0.000892497,2439610000.0,626.696,0.150743,1107.36,0.565938,1.1546019361363966,0.00094344,2210380000.0,665.798,0.107884,3706.5,0.601249,0.72415,4.524108976737032e-10,0.00104311,2167800000.0,674.31,0.0959464,4.612971676353907e-10,0.0,0.000552128,0.0,0.00104518,2107960000.0,674.31,0.0826568,4135.0,4.743923034592687e-10,0.0,0.72415,0.0
traj_lhs_150,0,0,0.27,1.22,1.6,55,197,55,0,67082,65406,0.08,0.19,0.0049,40,0.00520832,2457230000.0,859.978,0.0020554,2466760000.0,675.906,-0.13539,1064.0,0.63525,1.2845582706766918,0.00249784,2477420000.0,813.96,-0.133646,3630.39,0.765,0.683937,4.036457282172583e-10,0.00282811,2466020000.0,845.88,-0.135511,4.055117152334531e-10,-5.83255,0.000533365,1.0,0.00290047,2376390000.0,859.978,-0.156073,3902.0,4.208063491261956e-10,-6.4273,0.683937,0.0
traj_lhs_152,0,0,0.401,1.13,2.5,52,208,90,0,58459,62266,0.17,0.17,-0.022,85,0.00314365,2369960000.0,766.08,0.00128867,2439610000.0,626.696,-0.0089018,1103.9,0.567711,1.3612917836760574,0.00153741,2439050000.0,735.224,-0.0269994,3374.51,0.666024,0.703076,4.0999569504520204e-10,0.00170856,2409770000.0,751.184,-0.0244331,4.1497736298484916e-10,-0.515333,0.0023628,1.0,0.00175311,2312450000.0,766.08,-0.0324703,3705.0,4.324417825250276e-10,-0.835127,0.703076,0.0
traj_lhs_155,2,1,0.413,0.93,1.4,48,187,77,1,60808,58737,0.24,0.45,-0.0017,57,0.00205255,2208430000.0,674.044,0.000951667,2439610000.0,626.696,0.121943,1089.27,0.575336,1.3518503217751339,0.00100676,2233990000.0,665.532,0.0784719,3282.82,0.610989,0.675547,4.476295775719676e-10,0.00111277,2212620000.0,674.044,0.0722084,4.5195288843090996e-10,0.0,0.00152064,0.0,0.00111569,2133280000.0,674.044,0.0466415,3644.0,4.687617190429761e-10,0.0,0.675547,0.0
traj_lhs_161,0,1,0.556,1.16,2.4,40,198,39,1,26598,73648,0.24,0.31,0.0172,62,0.00201727,2185920000.0,676.438,0.000929416,2439610000.0,626.696,0.132343,1090.6,0.574634,1.3637814047313406,0.0009822,2217920000.0,667.66,0.0878765,3306.2,0.612195,0.659479,4.508728899148752e-10,0.00108915,2194370000.0,676.438,0.0808874,4.5571166211714523e-10,0.0,0.00133434,0.0,0.00109151,2102620000.0,676.438,0.0633359,3733.0,4.755971121743349e-10,0.0,0.659479,0.0
traj_lhs_162,0,1,0.585,0.89,1.3,49,188,99,1,80580,46148,0.19,0.19,0.0021,60,0.0019,2207220000.0,673.778,0.000883343,2439610000.0,626.696,0.155543,1100.18,0.569632,1.2016215528368084,0.000934156,2232590000.0,665.266,0.115072,3188.18,0.604691,0.714385,4.4791027461378936e-10,0.00103253,2209930000.0,673.778,0.109144,4.5250302045766156e-10,0.0,0.00116193,0.0,0.0010348,2128950000.0,673.778,0.0877942,3517.0,4.697151177810658e-10,0.0,0.714385,0.0
traj_lhs_165,1,2,0.389,0.89,1.6,47,169,88,0,52406,49237,0.11,0.23,-0.0242,77,0.00471741,2424870000.0,875.406,0.00179588,2466760000.0,675.906,-0.0963901,1117.2,0.605,1.3306211958467598,0.0024024,2466010000.0,856.786,-0.0965135,3732.73,0.766905,0.708907,4.0551335963763327e-10,0.00259102,2445700000.0,868.756,-0.0998813,4.088808929958703e-10,-4.28484,0.000917183,0.0,0.00261669,2350290000.0,875.406,-0.116479,3920.0,4.2547940892400514e-10,-4.91275,0.708907,0.0
traj_lhs_166,0,0,0.352,1.03,1.8,43,160,62,0,78293,37405,0.09,0.25,0.0099,40,0.00394788,2418430000.0,833.112,0.0015765,2466760000.0,675.906,-0.0533901,1064.53,0.634933,1.3109259485406706,0.00185044,2449660000.0,785.232,-0.0604679,3562.5,0.737631,0.670575,4.082199162332732e-10,0.00209251,2436210000.0,810.236,-0.0633123,4.1047364553958815e-10,-2.3344,0.00144482,0.0,0.00219242,2351590000.0,833.112,-0.0760872,3866.0,4.2524419647982854e-10,-2.88487,0.670575,0.0
traj_lhs_168,0,0,0.586,0.99,2.2,52,146,53,0,83892,62029,0.24,0.18,-0.014,45,0.00188232,2218390000.0,672.182,0.000881835,2439610000.0,626.696,0.156343,1089.0,0.575476,1.3368044077134986,0.000932495,2235130000.0,664.734,0.115723,3130.85,0.610405,0.648719,4.4740126972480347e-10,0.00102429,2216910000.0,672.182,0.109827,4.510783026825627e-10,0.0,0.000595572,0.0,0.00102657,2148810000.0,672.182,0.0920557,3440.0,4.653738580888957e-10,0.0,0.648719,0.0
traj_lhs_169,1,1,0.444,0.98,2.2,46,131,80,1,83893,90117,0.11,0.24,-0.0044,34,0.00279508,2230270000.0,719.264,0.00116386,2439610000.0,626.696,0.0340982,1095.12,0.572261,1.3294250858353425,0.00125151,2300280000.0,674.842,0.0016484,3756.38,0.616225,0.692497,4.347296850818161e-10,0.00138419,2220040000.0,684.418,-0.00818204,4.5044233437235366e-10,-0.0261773,0.000657391,0.0,0.00146028,2173010000.0,719.264,-0.0161904,5444.0,4.601911634092802e-10,-0.191544,0.692497,0.0
traj_lhs_171,0,1,0.366,1.24,1.3,43,110,71,0,22661,88474,0.23,0.26,0.0181,29,0.00212378,2192610000.0,675.906,0.000965898,2439610000.0,626.696,0.115543,1104.43,0.567437,1.3182727741912117,0.00102126,2256900000.0,667.128,0.0722744,3741.45,0.604046,0.647697,4.430856484558465e-10,0.00113284,2204480000.0,675.906,0.061381,4.5362171577877775e-10,0.0,0.00240372,0.0,0.00113516,2138620000.0,675.906,0.0413357,4395.0,4.675912504325219e-10,0.0,0.647697,0.0
traj_lhs_172,0,0,0.21,1.02,1.1,55,206,76,1,22822,71977,0.17,0.39,-0.0221,41,0.00675898,2439060000.0,871.416,0.00264266,2466760000.0,675.906,-0.19539,1117.2,0.605,1.157205513784461,0.00340866,2478440000.0,839.762,-0.19348,3541.8,0.751667,0.726061,4.034796081406046e-10,0.00378232,2455260000.0,863.702,-0.19729,4.072888411003315e-10,-8.89377,0.00169179,2.0,0.00382498,2364460000.0,871.416,-0.212929,3774.0,4.2292954839582824e-10,-9.4823,0.726061,0.0
traj_lhs_177,0,1,0.475,1.06,1.2,45,206,42,0,37305,35805,0.16,0.21,-0.0137,94,0.00235819,2245380000.0,679.63,0.00108791,2439610000.0,626.696,0.0650982,1091.66,0.574074,1.1975340307421722,0.00115483,2285340000.0,671.118,0.0276942,3248.17,0.614766,0.671718,4.3757165235807363e-10,0.00127625,2261440000.0,679.63,0.0199478,4.421961228243951e-10,0.0,0.00348149,0.0,0.00127883,2181700000.0,679.63,0.00238243,3605.0,4.583581610670578e-10,0.0,0.671718,0.0
traj_lhs_178,1,1,0.51,1.21,2.2,56,92,40,0,70058,38604,0.16,0.3,0.0112,40,0.00279006,2235560000.0,710.22,0.00118251,2439610000.0,626.696,0.0270982,1117.2,0.560952,1.21,0.00128486,2297920000.0,678.034,0.00182354,3788.02,0.606905,0.715487,4.351761593092884e-10,0.00142988,2272490000.0,691.6,-0.0122335,4.4004594079621914e-10,-0.0459545,0.00148172,4.0,0.00147246,2194160000.0,710.22,-0.0245965,5603.0,4.5575527764611514e-10,-0.407258,0.715487,0.0
traj_lhs_179,0,1,0.445,1.07,1.4,43,105,40,0,52670,5339,0.11,0.15,-0.0116,93,0.00252323,2290160000.0,685.748,0.00116125,2439610000.0,626.696,0.0350982,1091.66,0.574074,1.2242181631643552,0.0012529,2332800000.0,676.172,0.00326233,3241.59,0.619396,0.708713,4.2866941015089164e-10,0.00137381,2309600000.0,683.62,-0.000991984,4.329754069968826e-10,-0.000991984,0.000596204,0.0,0.00137955,2218740000.0,685.748,-0.0107117,3592.0,4.5070625670425557e-10,-0.0800193,0.708713,0.0
traj_lhs_180,1,1,0.373,1.17,2.4,50,200,55,1,90882,22249,0.07,0.42,-0.0071,53,0.00183677,2135240000.0,671.118,0.000834823,2439610000.0,626.696,0.182743,1100.44,0.569495,1.2829413689069826,0.000883453,2203580000.0,663.67,0.142605,3962.8,0.603094,0.651239,4.5380698681236897e-10,0.000971268,2156460000.0,671.118,0.131129,4.6372295335874536e-10,0.0,0.000990992,0.0,0.000973661,2095170000.0,671.118,0.109062,4878.0,4.772882391404993e-10,0.0,0.651239,0.0
traj_lhs_182,1,1,0.181,0.89,1.6,47,90,78,0,29878,84975,0.09,0.17,-0.0148,38,0.00227329,2198290000.0,677.236,0.00102939,2439610000.0,626.696,0.0891431,1091.66,0.574074,1.3618983932726305,0.00108905,2251960000.0,668.192,0.0427719,3970.81,0.612086,0.634703,4.4405762091689017e-10,0.00121105,2201420000.0,677.236,0.0352157,4.5425225536244787e-10,0.0,0.00102892,0.0,0.00121347,2148270000.0,677.236,0.0135078,4674.0,4.654908368128773e-10,0.0,0.634703,0.0
traj_lhs_183,1,1,0.477,0.97,2.2,51,213,95,1,86171,22866,0.12,0.33,0.0119,62,0.002491,2184470000.0,691.068,0.00108335,2439610000.0,626.696,0.0670982,1095.12,0.572261,1.3294616115128937,0.00115209,2271290000.0,670.054,0.029981,3763.51,0.611853,0.69109,4.402784320804477e-10,0.00128096,2200450000.0,679.098,0.0159371,4.5445249835260967e-10,0.0,0.000788702,0.0,0.00130497,2132710000.0,691.068,0.00339662,5223.0,4.68887002921166e-10,0.0,0.69109,0.0
traj_lhs_186,1,2,0.392,1.0,1.2,52,151,26,0,7959,6042,0.09,0.32,0.0132,77,0.00805202,2444520000.0,909.454,0.00302702,2466760000.0,680.694,-0.22039,1117.2,0.609286,1.1574203365556748,0.00377047,2464200000.0,825.398,-0.220811,3621.35,0.73881,0.735208,4.058112166220274e-10,0.00428145,2457370000.0,865.032,-0.22194,4.069391259761452e-10,-10.3497,0.0015201,2.0,0.0044805,2381620000.0,909.454,-0.234882,4138.0,4.198822650128904e-10,-11.0047,0.735208,0.0
traj_lhs_188,1,1,0.603,1.03,1.9,61,229,46,0,25595,47888,0.19,0.18,-0.025,42,0.00209646,2233780000.0,674.044,0.000971345,2439610000.0,626.696,0.113143,1050.17,0.596758,1.286734528695354,0.00102677,2275040000.0,665.532,0.0697867,3131.22,0.633739,0.701986,4.3955271116112244e-10,0.0011349,2253380000.0,674.044,0.0643318,4.43777791584198e-10,0.0,0.000791263,0.0,0.00113786,2190360000.0,674.044,0.0405374,3470.0,4.565459559159225e-10,0.0,0.701986,0.0
traj_lhs_192,1,1,0.495,1.23,2.1,61,111,92,1,8689,86905,0.2,0.31,0.0123,33,0.00232779,2129480000.0,678.566,0.00104395,2439610000.0,626.696,0.0835431,1099.64,0.569908,1.3113655378123747,0.00110632,2221030000.0,668.99,0.0375556,3865.11,0.60837,0.666625,4.502415545940397e-10,0.0012303,2150910000.0,678.034,0.0215918,4.6491949918871545e-10,0.0,0.00202004,0.0,0.00123428,2080410000.0,678.566,0.00631367,4736.0,4.80674482433751e-10,0.0,0.666625,0.0
traj_lhs_194,1,1,0.54,1.16,1.1,65,228,35,1,78082,3935,0.06,0.34,0.0139,50,0.00211506,2131460000.0,677.768,0.000956954,2439610000.0,626.696,0.119543,1090.6,0.574634,1.185705116449661,0.00101221,2194470000.0,668.724,0.0705008,3957.39,0.613171,0.681414,4.556908957515938e-10,0.00112579,2159200000.0,677.768,0.0594149,4.6313449425713225e-10,0.0,0.00271192,0.0,0.00112793,2102760000.0,677.768,0.0452735,4543.0,4.755654473168597e-10,0.0,0.681414,0.0
traj_lhs_195,2,1,0.596,0.97,2.5,54,142,64,0,55463,99388,0.08,0.37,0.0124,88,0.00480784,2433520000.0,855.456,0.00190697,2466760000.0,675.906,-0.11439,1047.51,0.645251,1.303834808259587,0.00245353,2478980000.0,840.826,-0.112392,3586.26,0.802692,0.661693,4.0339171756125504e-10,0.00266928,2444960000.0,852.796,-0.118004,4.0900464629278186e-10,-4.95242,0.000865107,0.0,0.00268646,2356590000.0,855.456,-0.133343,3702.0,4.2434195171837276e-10,-5.58414,0.661693,0.0
traj_lhs_196,1,0,0.606,1.13,2.0,46,155,48,1,16905,32003,0.1,0.38,0.0157,28,0.00188737,2143330000.0,675.64,0.000852732,2439610000.0,626.696,0.172343,1103.9,0.567711,1.2918652051816286,0.000902962,2185250000.0,666.862,0.127278,4072.37,0.604096,0.675295,4.576135453609427e-10,0.00100133,2159220000.0,675.64,0.111935,4.6313020442567223e-10,0.0,0.000446317,0.0,0.00100315,2079760000.0,675.64,0.0979238,4549.0,4.808247105435242e-10,0.0,0.675295,0.0
traj_lhs_203,0,2,0.55,1.1,1.8,61,81,49,1,11914,60414,0.18,0.24,-0.0186,58,0.00238351,2189750000.0,677.236,0.00108335,2439610000.0,626.696,0.0670982,1076.77,0.582016,1.2960520816887544,0.00114741,2232360000.0,668.724,0.0238101,4186.98,0.621047,0.678476,4.479564227991901e-10,0.0012646,2200710000.0,676.704,0.013526,4.543988076575287e-10,0.0,0.00193202,0.0,0.00126783,2122650000.0,677.236,-0.00243588,4646.0,4.711092266742045e-10,-0.00472375,0.678476,0.0
traj_lhs_204,1,0,0.478,0.99,1.8,42,133,81,1,6111,60881,0.21,0.33,0.0145,85,0.00256237,2169960000.0,704.9,0.00108108,2439610000.0,626.696,0.0680982,1089.0,0.575476,1.281331496786042,0.00114456,2258890000.0,669.788,0.023781,4228.1,0.615046,0.647297,4.426953061016694e-10,0.00127349,2209430000.0,682.024,0.0166669,4.526054231181798e-10,0.0,0.00111985,0.0,0.00132012,2126550000.0,704.9,-0.00285727,6032.0,4.702452328889516e-10,-0.00533537,0.647297,0.0
traj_lhs_205,2,0,0.261,0.86,2.1,46,133,95,1,96712,81843,0.08,0.23,-0.0093,22,0.00187059,2193870000.0,675.374,0.000868496,2439610000.0,626.696,0.163543,1070.65,0.585342,1.3752860411899313,0.000918242,2217420000.0,666.862,0.123382,3179.91,0.622857,0.664006,4.509745560155496e-10,0.0010152,2197910000.0,675.374,0.115201,4.5497768334463193e-10,0.0,0.00220197,0.0,0.00101721,2128050000.0,675.374,0.0918772,3533.0,4.699137708230539e-10,0.0,0.664006,0.0
traj_lhs_207,1,1,0.602,0.89,2.3,53,149,66,1,86654,98729,0.07,0.32,0.0111,59,0.00187262,2140710000.0,671.916,0.000858398,2439610000.0,626.696,0.169143,1094.32,0.572679,1.344807734483515,0.000907247,2228060000.0,664.468,0.127308,3726.93,0.607195,0.698318,4.4882094737125574e-10,0.000997066,2167160000.0,671.916,0.116018,4.614333967035198e-10,0.0,0.000641896,0.0,0.00099914,2105250000.0,671.916,0.0973326,4564.0,4.750029687685548e-10,0.0,0.698318,0.0
traj_lhs_208,1,0,0.447,1.08,1.2,42,108,95,0,97091,8877,0.13,0.39,-0.0191,83,0.00259829,2188910000.0,685.216,0.00115605,2439610000.0,626.696,0.0370982,1085.28,0.577451,1.2045739348370927,0.00123864,2266090000.0,673.512,-0.00196657,4366.47,0.620588,0.689839,4.412887396352307e-10,0.00137568,2214100000.0,682.556,-0.0171025,4.5165078361410957e-10,-0.0324882,0.000783387,0.0,0.00138227,2150090000.0,685.216,-0.0215594,4918.0,4.650968099009809e-10,-0.314803,0.689839,0.0
traj_lhs_210,0,0,0.573,1.19,1.9,46,131,46,0,76030,5225,0.08,0.41,0.0169,76,0.00197522,2172270000.0,675.64,0.000901842,2439610000.0,626.696,0.145943,1077.3,0.581728,1.3102385593613664,0.000953017,2213990000.0,666.596,0.102964,3338.93,0.618765,0.697803,4.516732234562938e-10,0.00106001,2184220000.0,675.64,0.0950916,4.578293395353948e-10,0.0,0.00214585,0.0,0.00106226,2100720000.0,675.64,0.0790885,3781.0,4.760272668418447e-10,0.0,0.697803,0.0
traj_lhs_212,0,1,0.491,1.15,1.2,54,242,42,0,85474,20397,0.21,0.41,0.0034,21,0.0022797,2237450000.0,678.566,0.00105245,2439610000.0,626.696,0.080343,1090.6,0.574634,1.1989547038327526,0.00111412,2276520000.0,669.522,0.0371687,3287.64,0.613902,0.653443,4.3926695131165113e-10,0.00123858,2247880000.0,678.566,0.028472,4.448636048187626e-10,0.0,0.00279922,0.0,0.00124106,2164090000.0,678.566,0.0146271,3622.0,4.6208799079520723e-10,0.0,0.653443,0.0
traj_lhs_216,1,0,0.501,1.11,1.7,61,97,65,0,44500,32146,0.19,0.22,0.0112,43,0.00231068,2093590000.0,680.162,0.00103145,2439610000.0,626.696,0.088343,1072.51,0.584325,1.287559090358132,0.0010929,2227900000.0,670.054,0.0419612,4205.76,0.624752,0.657897,4.488531801247812e-10,0.00121547,2135420000.0,679.098,0.0219152,4.68291951934514e-10,0.0,0.00139409,0.0,0.00121993,2076400000.0,680.162,0.00581218,5197.0,4.816027740319785e-10,0.0,0.657897,0.0
traj_lhs_217,1,1,0.435,1.18,1.3,52,147,96,1,87807,29528,0.27,0.29,-0.0225,97,0.00275602,2250930000.0,704.9,0.00118794,2439610000.0,626.696,0.0250982,1127.31,0.555923,1.18,0.00130197,2321510000.0,686.014,0.00202505,3954.23,0.608542,0.662849,4.30754121240055e-10,0.00144424,2292650000.0,695.59,-0.0210425,4.3617647700259527e-10,-0.0613679,0.00188322,0.0,0.00146913,2217810000.0,704.9,-0.0307504,5038.0,4.508952525238862e-10,-0.37814,0.662849,0.0
traj_lhs_218,0,0,0.235,0.96,1.1,51,109,71,0,27080,41414,0.16,0.26,0.0167,25,0.00597156,2442120000.0,865.032,0.00236139,2466760000.0,675.906,-0.17039,1107.36,0.610377,1.1674884409767374,0.002861,2451340000.0,808.374,-0.172941,3488.7,0.730002,0.72478,4.0794014702162897e-10,0.00323145,2454940000.0,844.018,-0.172342,4.0734193096368953e-10,-7.51987,0.00105112,0.0,0.00335156,2376240000.0,865.032,-0.185834,3726.0,4.208329125004208e-10,-8.20263,0.72478,0.0
traj_lhs_222,0,0,0.486,1.03,1.4,43,121,49,1,47657,67967,0.27,0.26,0.0133,21,0.00578301,2449000000.0,883.652,0.00221523,2466760000.0,679.364,-0.15339,1123.58,0.60464,1.1768899410811868,0.00266635,2479340000.0,807.842,-0.151333,3535.25,0.718987,0.688871,4.0333314511119897e-10,0.00308172,2450370000.0,853.062,-0.156101,4.0810163363083944e-10,-6.8555,0.000936348,2.0,0.00320474,2396660000.0,883.652,-0.165248,3936.0,4.172473358757604e-10,-7.33829,0.688871,0.0
traj_lhs_225,1,0,0.583,1.12,2.3,63,176,36,0,73864,79297,0.28,0.44,-0.0281,84,0.00198049,2113960000.0,675.64,0.000886373,2439610000.0,626.696,0.153943,1103.9,0.567711,1.3331461183078177,0.000936737,2174940000.0,666.862,0.108681,4308.2,0.604096,0.650638,4.5978279860593856e-10,0.00103951,2134000000.0,675.64,0.0965881,4.686035613870665e-10,0.0,0.00147749,0.0,0.00104158,2062240000.0,675.64,0.0733529,5188.0,4.849096128481651e-10,0.0,0.650638,0.0
traj_lhs_226,1,1,0.619,0.97,1.9,60,101,58,0,18274,66148,0.07,0.35,0.0054,55,0.00180068,2179140000.0,673.246,0.000834823,2439610000.0,626.696,0.182743,1101.24,0.569082,1.2808198031310158,0.000882764,2236580000.0,665.798,0.138453,3688.19,0.604589,0.695454,4.471112144434807e-10,0.000969842,2198800000.0,673.246,0.131589,4.5479352374022194e-10,0.0,0.000603594,0.0,0.000971887,2110660000.0,673.246,0.115205,4024.0,4.737854509963708e-10,0.0,0.695454,0.0
traj_lhs_227,1,0,0.315,0.84,2.2,53,149,61,1,13824,30085,0.25,0.38,-0.0063,64,0.00198936,2143230000.0,673.512,0.000905001,2439610000.0,626.696,0.144343,1065.06,0.588412,1.268567029087563,0.000956543,2194990000.0,665.0,0.0954874,4146.31,0.624376,0.693684,4.5558294115235147e-10,0.00105758,2161850000.0,673.512,0.0862347,4.625667830793071e-10,0.0,0.00138825,0.0,0.00105945,2095620000.0,673.512,0.069168,4676.0,4.771857493247822e-10,0.0,0.693684,0.0
traj_lhs_228,0,0,0.29,1.15,1.8,44,112,69,1,14990,45008,0.09,0.15,0.019,49,0.00530768,2446830000.0,918.232,0.00191375,2466760000.0,675.906,-0.11539,1097.25,0.616,1.2722533606744133,0.00245936,2495910000.0,842.688,-0.110656,3624.17,0.768,0.678933,4.006554723527691e-10,0.002744,2471870000.0,871.416,-0.114664,4.0455201932140446e-10,-4.95353,0.00194204,2.0,0.00293046,2393550000.0,918.232,-0.127798,4088.0,4.177894758831025e-10,-5.48244,0.678933,0.0
traj_lhs_230,1,0,0.606,0.9,2.1,48,152,52,0,83151,22677,0.1,0.4,-0.0223,65,0.00187115,2155500000.0,673.778,0.000852732,2439610000.0,626.696,0.172343,1088.47,0.575758,1.323904195797771,0.000902345,2206480000.0,665.266,0.127243,3942.16,0.611193,0.72584,4.5321054349008377e-10,0.000997585,2169660000.0,673.778,0.117395,4.6090170810173025e-10,0.0,0.00100747,0.0,0.00099966,2106800000.0,673.778,0.101571,4463.0,4.746535029428518e-10,0.0,0.72584,0.0
traj_lhs_231,0,1,0.484,0.9,1.2,56,244,79,1,39119,51858,0.19,0.36,-0.0082,80,0.00231089,2226970000.0,675.906,0.00106768,2439610000.0,626.696,0.0740983,1088.47,0.575758,1.2011906621220612,0.00112966,2259950000.0,666.862,0.0270573,3162.54,0.612659,0.736728,4.424876656563198e-10,0.00125558,2240230000.0,675.906,0.0219482,4.463827374867759e-10,0.0,0.00100202,0.0,0.00125826,2163470000.0,675.906,0.000425299,3478.0,4.6222041442682357e-10,0.0,0.736728,0.0
traj_lhs_233,0,1,0.517,1.04,2.2,57,195,94,0,10774,61609,0.18,0.23,-0.0297,86,0.00216414,2233860000.0,675.64,0.000999527,2439610000.0,626.696,0.101143,1104.43,0.567437,1.3182727741912117,0.00105625,2258960000.0,667.128,0.0595308,3236.96,0.604046,0.65592,4.4268158798739245e-10,0.00116775,2237980000.0,675.64,0.0530723,4.4683151770793303e-10,0.0,0.00269764,0.0,0.0011703,2166110000.0,675.64,0.0313367,3585.0,4.616570718938558e-10,0.0,0.65592,0.0
traj_lhs_245,1,0,0.455,1.14,2.1,61,170,90,1,89156,8775,0.07,0.23,-0.0084,75,0.00257971,2161220000.0,687.344,0.00113573,2439610000.0,626.696,0.0450982,1097.25,0.571152,1.3134654818865346,0.00120664,2298410000.0,673.512,0.0113433,3787.52,0.613818,0.696772,4.3508338373049194e-10,0.00133426,2214790000.0,682.024,-0.00751665,4.515100754473336e-10,-0.00751665,0.00314754,0.0,0.00134864,2109450000.0,687.344,-0.0190579,5581.0,4.740572187062978e-10,-0.309699,0.696772,0.0
traj_lhs_249,0,0,0.457,1.15,2.2,65,188,44,0,57621,5228,0.07,0.19,-0.0263,96,0.00245248,2288310000.0,683.088,0.00113076,2439610000.0,626.696,0.0470982,1097.25,0.571152,1.3274367737525632,0.00121107,2326580000.0,674.044,0.0153746,3218.95,0.614303,0.663785,4.298154372512443e-10,0.00134461,2302360000.0,683.088,0.00755834,4.343369412255251e-10,0.0,0.000856683,0.0,0.00134729,2220570000.0,683.088,-0.0109113,3563.0,4.5033482394160056e-10,-0.0356145,0.663785,0.0
traj_lhs_259,1,1,0.58,0.88,2.3,56,204,49,0,23023,2651,0.08,0.4,0.0096,60,0.0019539,2146830000.0,674.044,0.000890958,2439610000.0,626.696,0.151543,1100.18,0.569632,1.3377992692104927,0.000941935,2203370000.0,665.266,0.106353,3805.86,0.604691,0.712146,4.538502384983003e-10,0.00104457,2166520000.0,674.044,0.0965749,4.6156970625703894e-10,0.0,0.00149389,0.0,0.00104694,2079840000.0,674.044,0.0802185,4261.0,4.808062158627587e-10,0.0,0.712146,0.0
traj_lhs_270,0,0,0.529,1.16,2.2,47,93,47,0,46366,76794,0.09,0.26,-0.0053,32,0.00212096,2174940000.0,676.97,0.000976853,2439610000.0,626.696,0.110743,1090.6,0.574634,1.3355767467449111,0.00103201,2213530000.0,667.926,0.067553,3178.56,0.612439,0.678619,4.517670869606466e-10,0.00114761,2184640000.0,676.97,0.0590309,4.577413212245496e-10,0.0,0.00298771,0.0,0.00114987,2114320000.0,676.97,0.0440493,3618.0,4.729653032653525e-10,0.0,0.678619,0.0
traj_lhs_274,0,1,0.455,0.89,2.5,53,192,79,0,33490,95860,0.18,0.33,0.0031,68,0.00253765,2291770000.0,695.59,0.00113573,2439610000.0,626.696,0.0450982,1094.32,0.572679,1.373035309598655,0.00121387,2310940000.0,670.852,0.0111067,3292.09,0.613029,0.665183,4.327243459371511e-10,0.00133204,2292210000.0,678.3,0.00543063,4.362602030354985e-10,0.0,0.00156258,0.0,0.00137807,2227310000.0,695.59,0.00324824,3642.0,4.4897207842644265e-10,0.0,0.665183,0.0
traj_lhs_275,1,0,0.561,1.11,1.2,59,96,74,1,37216,55279,0.09,0.28,-0.0044,96,0.00202384,2100980000.0,676.704,0.000921133,2439610000.0,626.696,0.136343,1110.55,0.564311,1.1773535635495926,0.000973008,2200860000.0,667.66,0.0934168,3850.97,0.601198,0.675804,4.543678380269531e-10,0.0010823,2119490000.0,676.704,0.0825247,4.718116150583395e-10,0.0,0.000447788,0.0,0.00108424,2057780000.0,676.704,0.0658199,4352.0,4.859605983146886e-10,0.0,0.675804,0.0
traj_lhs_280,1,0,0.473,1.23,2.3,41,202,87,0,66630,84090,0.13,0.23,-0.0042,71,0.00244109,2172910000.0,680.96,0.00109251,2439610000.0,626.696,0.0630982,1099.64,0.569908,1.3392564839401986,0.00115691,2246690000.0,670.852,0.018595,4132.59,0.610063,0.674347,4.4509923487441527e-10,0.00129443,2202260000.0,680.428,0.00927419,4.540789915813755e-10,0.0,0.00162376,0.0,0.00129766,2137330000.0,680.96,-0.00617167,4679.0,4.678734682992331e-10,-0.0146957,0.674347,0.0
traj_lhs_286,1,1,0.522,1.21,1.1,44,128,73,0,91613,47710,0.1,0.42,-0.0093,54,0.00217158,2219140000.0,676.438,0.000989953,2439610000.0,626.696,0.105143,1113.48,0.562828,1.21,0.00104872,2262510000.0,667.394,0.0587171,3788.69,0.599379,0.712687,4.4198699674255584e-10,0.00116586,2225310000.0,676.438,0.0506102,4.4937559261406274e-10,0.0,0.00263696,0.0,0.0011679,2129180000.0,676.438,0.034013,4170.0,4.696643778355987e-10,0.0,0.712687,0.0
traj_lhs_289,1,1,0.545,1.14,2.2,57,94,48,0,23290,50326,0.2,0.18,-0.0079,65,0.00208864,2135870000.0,676.97,0.000948175,2439610000.0,626.696,0.123543,1097.25,0.571152,1.3273638642059695,0.00100261,2189370000.0,667.926,0.0765031,3748.98,0.608727,0.64626,4.567523990919762e-10,0.00111512,2153480000.0,676.97,0.0672213,4.643646562772814e-10,0.0,0.00339015,0.0,0.00111742,2091330000.0,676.97,0.0524887,4503.0,4.781646129496541e-10,0.0,0.64626,0.0
traj_lhs_290,1,1,0.546,0.92,1.3,42,243,26,1,76494,80955,0.16,0.17,-0.0141,37,0.00205706,2184290000.0,674.842,0.000946439,2439610000.0,626.696,0.124343,1131.83,0.553702,1.1679139093326738,0.0010002,2209310000.0,665.798,0.0778132,3555.92,0.588249,0.702561,4.526300066536611e-10,0.00111205,2176500000.0,674.842,0.0707762,4.5945325063174824e-10,0.0,0.000996793,0.0,0.00111457,2114140000.0,674.842,0.0558828,3994.0,4.730055720056383e-10,0.0,0.702561,0.0
traj_lhs_296,1,0,0.465,0.85,2.3,43,138,26,1,57298,26559,0.18,0.27,-0.0167,36,0.00245737,2137250000.0,676.172,0.0011113,2439610000.0,626.696,0.0550982,1066.93,0.587385,1.37984685030883,0.00117621,2283120000.0,668.192,0.00878037,4371.58,0.626278,0.660138,4.379971267388486e-10,0.00129251,2147460000.0,675.64,-0.000666078,4.656664152068025e-10,-0.000666078,0.000939408,0.0,0.00129587,2095820000.0,676.172,-0.0172083,5204.0,4.771402124228225e-10,-0.0642456,0.660138,0.0
traj_lhs_297,1,0,0.568,1.06,1.5,58,178,51,1,38451,76460,0.16,0.31,-0.015,76,0.00204724,2096420000.0,674.576,0.000909781,2439610000.0,626.696,0.141943,1052.3,0.595551,1.2839114321011118,0.000962797,2200380000.0,665.798,0.0974518,4119.94,0.63271,0.696021,4.544669557076505e-10,0.0010685,2142210000.0,674.576,0.0830981,4.668076425747242e-10,0.0,0.00195248,0.0,0.0010709,2065580000.0,674.576,0.0639827,5178.0,4.841255240658798e-10,0.0,0.696021,0.0
traj_lhs_299,1,1,0.549,0.85,1.2,47,104,96,0,46143,62417,0.13,0.36,-0.0231,48,0.00205388,2162450000.0,674.842,0.000941267,2439610000.0,626.696,0.126743,1123.58,0.557765,1.1639402623756208,0.000995235,2198770000.0,665.798,0.0824568,3698.77,0.592566,0.70693,4.547997289393616e-10,0.00110643,2153160000.0,674.842,0.075166,4.644336695833101e-10,0.0,0.00138706,0.0,0.00110867,2107410000.0,674.842,0.0586781,4127.0,4.745161121945895e-10,0.0,0.70693,0.0
traj_lhs_300,0,0,0.418,1.09,1.4,59,189,69,0,44365,4286,0.15,0.36,-0.0158,82,0.0029475,2354290000.0,739.48,0.00123626,2439610000.0,626.696,0.00809822,1123.85,0.557633,1.189082172887841,0.0014522,2362110000.0,712.614,-0.00849168,3288.52,0.634083,0.674154,4.2335030968075153e-10,0.00158995,2337960000.0,721.126,-0.0149983,4.2772331434241817e-10,-0.0924318,0.000851395,0.0,0.00164198,2293890000.0,739.48,-0.0217608,3569.0,4.359406946279028e-10,-0.476497,0.674154,0.0
traj_lhs_306,1,0,0.54,1.19,1.6,54,96,45,1,74596,25133,0.11,0.25,0.0104,66,0.00215048,2119740000.0,676.97,0.000956954,2439610000.0,626.696,0.119543,1077.3,0.581728,1.2685881370091898,0.00101312,2181080000.0,667.66,0.075591,4151.05,0.619753,0.658465,4.5848845526069655e-10,0.00113057,2138590000.0,676.97,0.0560237,4.67597809771859e-10,0.0,0.00184011,0.0,0.001133,2063350000.0,676.97,0.040184,5036.0,4.846487508178447e-10,0.0,0.658465,0.0
traj_lhs_308,0,0,0.344,1.25,2.5,54,158,45,1,96450,92584,0.17,0.32,0.018,26,0.00435938,2351070000.0,902.006,0.00160549,2466760000.0,673.246,-0.0613901,1092.73,0.616115,1.3763875797314982,0.00195018,2444760000.0,805.448,-0.0650376,3592.25,0.737098,0.704378,4.0903810598995404e-10,0.00220357,2404560000.0,851.2,-0.0732691,4.1587650131416974e-10,-2.84548,0.00219501,3.0,0.0023603,2323820000.0,902.006,-0.0885914,4322.0,4.3032592885851745e-10,-3.44746,0.704378,0.0
traj_lhs_316,1,1,0.592,0.8,1.3,60,221,68,1,25568,3105,0.11,0.43,0.0116,94,0.00190645,2155850000.0,673.778,0.000872898,2439610000.0,626.696,0.161143,1106.03,0.566619,1.1959440521504843,0.000923163,2200950000.0,664.734,0.116495,3720.59,0.60101,0.756339,4.543492582748359e-10,0.00102633,2169630000.0,673.778,0.105109,4.6090808110138596e-10,0.0,0.000594851,0.0,0.00102829,2112220000.0,673.778,0.0896246,4231.0,4.73435532283569e-10,0.0,0.756339,0.0
traj_lhs_323,0,0,0.447,0.84,1.6,62,164,41,1,41097,95128,0.19,0.18,-0.0055,58,0.00254307,2288640000.0,688.142,0.00115605,2439610000.0,626.696,0.0370982,1078.1,0.581298,1.2674334477321214,0.00123821,2339510000.0,671.916,0.00680031,3174.29,0.623242,0.725131,4.274399340032742e-10,0.00136689,2316510000.0,680.428,0.00026254,4.3168386926885705e-10,0.0,0.000613849,0.0,0.0013848,2228410000.0,688.142,-0.00943215,3488.0,4.4875045435983504e-10,-0.025822,0.725131,0.0
traj_lhs_327,1,0,0.492,1.05,2.4,47,199,59,1,36285,19973,0.14,0.22,0.019,80,0.00230539,2182400000.0,676.438,0.00105032,2439610000.0,626.696,0.0811431,1104.43,0.567437,1.346015591753212,0.00111025,2227910000.0,667.394,0.0361282,3993.37,0.604287,0.657487,4.488511654420511e-10,0.00122397,2189620000.0,675.374,0.0282767,4.5670024935833616e-10,0.0,0.00180683,0.0,0.0012288,2122380000.0,676.438,0.0110167,4510.0,4.711691591515186e-10,0.0,0.657487,0.0
