param,design,stage,knob_first_stage,verdict,verdict_rank,verdict_code,best_spearman_rho,best_pearson_r,best_metric,matters
ABC_AREA,aes,cts,synth,param_flat,3,PF,,,wns_ns,False
ABC_AREA,aes,finish,synth,param_flat,3,PF,,,wns_ns,False
ABC_AREA,aes,floorplan,synth,param_flat,3,PF,,,wns_ns,False
ABC_AREA,aes,place,synth,param_flat,3,PF,,,wns_ns,False
ABC_AREA,aes,route,synth,param_flat,3,PF,,,wns_ns,False
ABC_AREA,aes,synth,synth,param_flat,3,PF,,,cell_count,False
ABC_AREA,gcd,cts,synth,param_flat,3,PF,,,wns_ns,False
ABC_AREA,gcd,finish,synth,param_flat,3,PF,,,wns_ns,False
ABC_AREA,gcd,floorplan,synth,param_flat,3,PF,,,wns_ns,False
ABC_AREA,gcd,place,synth,param_flat,3,PF,,,wns_ns,False
ABC_AREA,gcd,route,synth,param_flat,3,PF,,,wns_ns,False
ABC_AREA,gcd,synth,synth,param_flat,3,PF,,,cell_count,False
ABC_AREA,jpeg,cts,synth,param_flat,3,PF,,,wns_ns,False
ABC_AREA,jpeg,finish,synth,param_flat,3,PF,,,wns_ns,False
ABC_AREA,jpeg,floorplan,synth,param_flat,3,PF,,,wns_ns,False
ABC_AREA,jpeg,place,synth,param_flat,3,PF,,,wns_ns,False
ABC_AREA,jpeg,route,synth,param_flat,3,PF,,,wns_ns,False
ABC_AREA,jpeg,synth,synth,param_flat,3,PF,,,cell_count,False
CELL_PAD_IN_SITES_DETAIL_PLACEMENT,aes,cts,floorplan,moderate,6,M,0.24883220454576058,0.24930842840555678,core_area_um2,True
CELL_PAD_IN_SITES_DETAIL_PLACEMENT,aes,finish,floorplan,moderate,6,M,-0.24652303699237538,-0.2603601606783894,drc_violations,True
CELL_PAD_IN_SITES_DETAIL_PLACEMENT,aes,floorplan,floorplan,moderate,6,M,-0.2552915713674692,-0.24206855325940502,utilization_pct,True
CELL_PAD_IN_SITES_DETAIL_PLACEMENT,aes,place,floorplan,strong,7,S,-0.3119952684118165,-0.3971320601231809,fmax_mhz,True
CELL_PAD_IN_SITES_DETAIL_PLACEMENT,aes,route,floorplan,moderate,6,M,0.24883220454576058,0.24930842840555678,core_area_um2,True
CELL_PAD_IN_SITES_DETAIL_PLACEMENT,aes,synth,floorplan,wrong_stage,0,WS,-0.16773080155935002,-0.14182956463416274,cell_count,False
CELL_PAD_IN_SITES_DETAIL_PLACEMENT,gcd,cts,floorplan,weak,5,W,-0.1263429957398716,0.020165220220745565,fmax_mhz,True
CELL_PAD_IN_SITES_DETAIL_PLACEMENT,gcd,finish,floorplan,strong,7,S,-0.5206734540743045,-0.5249968743216644,utilization_pct,True
CELL_PAD_IN_SITES_DETAIL_PLACEMENT,gcd,floorplan,floorplan,weak,5,W,-0.09240250365597207,-0.12683141884755197,power_total_w,True
CELL_PAD_IN_SITES_DETAIL_PLACEMENT,gcd,place,floorplan,weak,5,W,-0.14964450761817755,-0.07703094007014682,fmax_mhz,True
CELL_PAD_IN_SITES_DETAIL_PLACEMENT,gcd,route,floorplan,strong,7,S,-0.5326392231213251,-0.5335609854573014,utilization_pct,True
CELL_PAD_IN_SITES_DETAIL_PLACEMENT,gcd,synth,floorplan,wrong_stage,0,WS,-0.026485114899316653,-0.027533718632561547,cell_count,False
CELL_PAD_IN_SITES_DETAIL_PLACEMENT,jpeg,cts,floorplan,moderate,6,M,-0.16388580591707155,-0.11110511282012556,tns_ns,True
CELL_PAD_IN_SITES_DETAIL_PLACEMENT,jpeg,finish,floorplan,strong,7,S,-0.3351769831728908,-0.3019532223563573,utilization_pct,True
CELL_PAD_IN_SITES_DETAIL_PLACEMENT,jpeg,floorplan,floorplan,insensitive,4,I,0.04688164215381543,0.0546987346033387,core_area_um2,False
CELL_PAD_IN_SITES_DETAIL_PLACEMENT,jpeg,place,floorplan,moderate,6,M,-0.22771518764137022,-0.1979931904816839,fmax_mhz,True
CELL_PAD_IN_SITES_DETAIL_PLACEMENT,jpeg,route,floorplan,strong,7,S,-0.3351769831728908,-0.3019532223563573,utilization_pct,True
CELL_PAD_IN_SITES_DETAIL_PLACEMENT,jpeg,synth,floorplan,wrong_stage,0,WS,-0.08485289437466312,-0.07374821375404997,seq_area_pct,False
CELL_PAD_IN_SITES_GLOBAL_PLACEMENT,aes,cts,floorplan,moderate,6,M,0.23970340118544245,0.2663630115140749,core_area_um2,True
CELL_PAD_IN_SITES_GLOBAL_PLACEMENT,aes,finish,floorplan,moderate,6,M,-0.22673833000991672,-0.2012234003606922,drc_violations,True
CELL_PAD_IN_SITES_GLOBAL_PLACEMENT,aes,floorplan,floorplan,moderate,6,M,-0.2455170576388465,-0.26503515030379016,utilization_pct,True
CELL_PAD_IN_SITES_GLOBAL_PLACEMENT,aes,place,floorplan,moderate,6,M,-0.252913676701093,-0.3042270082326012,fmax_mhz,True
CELL_PAD_IN_SITES_GLOBAL_PLACEMENT,aes,route,floorplan,moderate,6,M,0.23970340118544245,0.2663630115140749,core_area_um2,True
CELL_PAD_IN_SITES_GLOBAL_PLACEMENT,aes,synth,floorplan,wrong_stage,0,WS,-0.13547864608724106,-0.1033617832851528,cell_count,False
CELL_PAD_IN_SITES_GLOBAL_PLACEMENT,gcd,cts,floorplan,moderate,6,M,-0.17764681609575372,-0.08132986646310471,fmax_mhz,True
CELL_PAD_IN_SITES_GLOBAL_PLACEMENT,gcd,finish,floorplan,strong,7,S,-0.33427402110197685,-0.25684988303760403,fmax_mhz,True
CELL_PAD_IN_SITES_GLOBAL_PLACEMENT,gcd,floorplan,floorplan,weak,5,W,-0.11986131622475503,-0.1591750367763405,power_total_w,True
CELL_PAD_IN_SITES_GLOBAL_PLACEMENT,gcd,place,floorplan,insensitive,4,I,-0.0741168216719324,-0.045779500607883036,fmax_mhz,False
CELL_PAD_IN_SITES_GLOBAL_PLACEMENT,gcd,route,floorplan,moderate,6,M,-0.29572636615967945,-0.3106460309597549,utilization_pct,True
CELL_PAD_IN_SITES_GLOBAL_PLACEMENT,gcd,synth,floorplan,wrong_stage,0,WS,-0.014494082628566942,-0.015229209501856578,cell_count,False
CELL_PAD_IN_SITES_GLOBAL_PLACEMENT,jpeg,cts,floorplan,moderate,6,M,-0.1853920284302105,-0.07326245240606112,tns_ns,True
CELL_PAD_IN_SITES_GLOBAL_PLACEMENT,jpeg,finish,floorplan,moderate,6,M,-0.2512111253946955,-0.26390959901921446,wns_ns,True
CELL_PAD_IN_SITES_GLOBAL_PLACEMENT,jpeg,floorplan,floorplan,weak,5,W,0.09804792079626688,0.11248817045248144,core_area_um2,True
CELL_PAD_IN_SITES_GLOBAL_PLACEMENT,jpeg,place,floorplan,moderate,6,M,-0.17426344714062955,-0.13076078233769586,tns_ns,True
CELL_PAD_IN_SITES_GLOBAL_PLACEMENT,jpeg,route,floorplan,moderate,6,M,-0.22028504606142185,-0.2349139269263122,tns_ns,True
CELL_PAD_IN_SITES_GLOBAL_PLACEMENT,jpeg,synth,floorplan,wrong_stage,0,WS,-0.03538097469873531,-0.033677188389168486,seq_area_pct,False
CLUSTER_FLOPS,aes,cts,route,wrong_stage,0,WS,,,wns_ns,False
CLUSTER_FLOPS,aes,finish,route,param_flat,3,PF,,,wns_ns,False
CLUSTER_FLOPS,aes,floorplan,route,wrong_stage,0,WS,,,wns_ns,False
CLUSTER_FLOPS,aes,place,route,wrong_stage,0,WS,,,wns_ns,False
CLUSTER_FLOPS,aes,route,route,param_flat,3,PF,,,wns_ns,False
CLUSTER_FLOPS,aes,synth,route,wrong_stage,0,WS,,,cell_count,False
CLUSTER_FLOPS,gcd,cts,route,wrong_stage,0,WS,,,wns_ns,False
CLUSTER_FLOPS,gcd,finish,route,param_flat,3,PF,,,wns_ns,False
CLUSTER_FLOPS,gcd,floorplan,route,wrong_stage,0,WS,,,wns_ns,False
CLUSTER_FLOPS,gcd,place,route,wrong_stage,0,WS,,,wns_ns,False
CLUSTER_FLOPS,gcd,route,route,param_flat,3,PF,,,wns_ns,False
CLUSTER_FLOPS,gcd,synth,route,wrong_stage,0,WS,,,cell_count,False
CLUSTER_FLOPS,jpeg,cts,route,wrong_stage,0,WS,,,wns_ns,False
CLUSTER_FLOPS,jpeg,finish,route,param_flat,3,PF,,,wns_ns,False
CLUSTER_FLOPS,jpeg,floorplan,route,wrong_stage,0,WS,,,wns_ns,False
CLUSTER_FLOPS,jpeg,place,route,wrong_stage,0,WS,,,wns_ns,False
CLUSTER_FLOPS,jpeg,route,route,param_flat,3,PF,,,wns_ns,False
CLUSTER_FLOPS,jpeg,synth,route,wrong_stage,0,WS,,,cell_count,False
CORE_ASPECT_RATIO,aes,cts,floorplan,moderate,6,M,-0.1705940493010793,0.048935025855666864,fmax_mhz,True
CORE_ASPECT_RATIO,aes,finish,floorplan,strong,7,S,-0.40378153632057456,-0.1350545689751901,drc_violations,True
CORE_ASPECT_RATIO,aes,floorplan,floorplan,moderate,6,M,-0.22496989693755115,-0.03965477893886385,fmax_mhz,True
CORE_ASPECT_RATIO,aes,place,floorplan,weak,5,W,-0.1452517497343679,-0.18339397061645282,fmax_mhz,True
CORE_ASPECT_RATIO,aes,route,floorplan,strong,7,S,-0.4148185855867217,-0.1347907553246045,fmax_mhz,True
CORE_ASPECT_RATIO,aes,synth,floorplan,wrong_stage,0,WS,-0.19616572709049343,-0.1341209197240099,cell_count,False
CORE_ASPECT_RATIO,gcd,cts,floorplan,moderate,6,M,-0.16572179206440507,-0.09718977139108634,clock_insertion_delay_ns,True
CORE_ASPECT_RATIO,gcd,finish,floorplan,strong,7,S,0.35452427281236354,0.3235682484081987,power_total_w,True
CORE_ASPECT_RATIO,gcd,floorplan,floorplan,moderate,6,M,0.1585052888934142,0.09524172131344505,power_total_w,True
CORE_ASPECT_RATIO,gcd,place,floorplan,insensitive,4,I,0.05786572799747258,0.0746188367643915,fmax_mhz,False
CORE_ASPECT_RATIO,gcd,route,floorplan,moderate,6,M,-0.2151950119128104,-0.2458773786466558,utilization_pct,True
CORE_ASPECT_RATIO,gcd,synth,floorplan,wrong_stage,0,WS,-0.06824863015566418,-0.06950314322777637,cell_count,False
CORE_ASPECT_RATIO,jpeg,cts,floorplan,moderate,6,M,0.20624001893830768,0.2990941009198921,core_area_um2,True
CORE_ASPECT_RATIO,jpeg,finish,floorplan,strong,7,S,-0.5278161307780876,-0.6753470450822745,utilization_pct,True
CORE_ASPECT_RATIO,jpeg,floorplan,floorplan,moderate,6,M,-0.21849724619472657,-0.30946143270078924,utilization_pct,True
CORE_ASPECT_RATIO,jpeg,place,floorplan,moderate,6,M,0.20624001893830768,0.2990941009198921,core_area_um2,True
CORE_ASPECT_RATIO,jpeg,route,floorplan,strong,7,S,-0.5278161307780876,-0.6753470450822745,utilization_pct,True
CORE_ASPECT_RATIO,jpeg,synth,floorplan,wrong_stage,0,WS,-0.03435042025086446,0.00597805499838811,seq_area_pct,False
CORE_MARGIN,aes,cts,floorplan,strong,7,S,0.39427102898147304,0.45868864484492217,fmax_mhz,True
CORE_MARGIN,aes,finish,floorplan,strong,7,S,0.5249426362595161,0.5899340957969429,fmax_mhz,True
CORE_MARGIN,aes,floorplan,floorplan,strong,7,S,0.3916847579183341,0.3378181376095239,fmax_mhz,True
CORE_MARGIN,aes,place,floorplan,strong,7,S,-0.35742155473036297,-0.21481179274915843,wns_ns,True
CORE_MARGIN,aes,route,floorplan,strong,7,S,0.5409786913603344,0.5778157768909814,fmax_mhz,True
CORE_MARGIN,aes,synth,floorplan,wrong_stage,0,WS,0.11943461334605866,0.10774202031583892,cell_count,False
CORE_MARGIN,gcd,cts,floorplan,weak,5,W,-0.10731648857368271,0.01650765092954176,tns_ns,True
CORE_MARGIN,gcd,finish,floorplan,strong,7,S,0.5580464197939892,0.3913414022262845,power_total_w,True
CORE_MARGIN,gcd,floorplan,floorplan,moderate,6,M,0.1874552960217294,0.08900487272509171,power_total_w,True
CORE_MARGIN,gcd,place,floorplan,insensitive,4,I,-0.06196673667598367,0.02057791740407247,wns_ns,False
CORE_MARGIN,gcd,route,floorplan,strong,7,S,-0.3044684814942609,-0.3006002603223767,utilization_pct,True
CORE_MARGIN,gcd,synth,floorplan,wrong_stage,0,WS,-0.0611758772032939,-0.05800770831954145,cell_count,False
CORE_MARGIN,jpeg,cts,floorplan,moderate,6,M,0.19881074022298564,0.2585791165740857,core_area_um2,True
CORE_MARGIN,jpeg,finish,floorplan,strong,7,S,-0.3472185666796323,-0.4260192889622284,utilization_pct,True
CORE_MARGIN,jpeg,floorplan,floorplan,moderate,6,M,-0.21626395497122192,-0.29106024391143054,utilization_pct,True
CORE_MARGIN,jpeg,place,floorplan,moderate,6,M,0.19881074022298564,0.2585791165740857,core_area_um2,True
CORE_MARGIN,jpeg,route,floorplan,strong,7,S,-0.3472185666796323,-0.4260192889622284,utilization_pct,True
CORE_MARGIN,jpeg,synth,floorplan,wrong_stage,0,WS,0.1595271995973187,0.08845399204220042,cell_count,False
CORE_UTILIZATION,aes,cts,floorplan,strong,7,S,-0.9959583988608273,-0.9276041673986016,core_area_um2,True
CORE_UTILIZATION,aes,finish,floorplan,strong,7,S,0.9911968118661292,0.9917399070582081,utilization_pct,True
CORE_UTILIZATION,aes,floorplan,floorplan,strong,7,S,0.9982657282848939,0.999112075428188,utilization_pct,True
CORE_UTILIZATION,aes,place,floorplan,strong,7,S,-0.9959583988608273,-0.9276041673986016,core_area_um2,True
CORE_UTILIZATION,aes,route,floorplan,strong,7,S,-0.9959583988608273,-0.9276041673986016,core_area_um2,True
CORE_UTILIZATION,aes,synth,floorplan,wrong_stage,0,WS,0.23057079562321559,0.21408061963836994,cell_count,False
CORE_UTILIZATION,gcd,cts,floorplan,strong,7,S,-0.9612072784213782,-0.8889916649218847,core_area_um2,True
CORE_UTILIZATION,gcd,finish,floorplan,strong,7,S,0.7949371877407427,0.7420814177793755,utilization_pct,True
CORE_UTILIZATION,gcd,floorplan,floorplan,strong,7,S,0.9886670318192203,0.9869915559284909,utilization_pct,True
CORE_UTILIZATION,gcd,place,floorplan,strong,7,S,-0.9612072784213782,-0.8889916649218847,core_area_um2,True
CORE_UTILIZATION,gcd,route,floorplan,strong,7,S,-0.9612072784213782,-0.8889916649218847,core_area_um2,True
CORE_UTILIZATION,gcd,synth,floorplan,wrong_stage,0,WS,-0.035381386496767135,-0.03505718791210136,cell_count,False
CORE_UTILIZATION,jpeg,cts,floorplan,strong,7,S,-0.8924929222590372,-0.8916564425842234,core_area_um2,True
CORE_UTILIZATION,jpeg,finish,floorplan,strong,7,S,0.9843577354005659,0.9930254298417382,utilization_pct,True
CORE_UTILIZATION,jpeg,floorplan,floorplan,strong,7,S,0.9850945619588213,0.9922638013123772,utilization_pct,True
CORE_UTILIZATION,jpeg,place,floorplan,strong,7,S,-0.8924929222590372,-0.8916564425842234,core_area_um2,True
CORE_UTILIZATION,jpeg,route,floorplan,strong,7,S,0.9843577354005659,0.9930254298417382,utilization_pct,True
CORE_UTILIZATION,jpeg,synth,floorplan,wrong_stage,0,WS,0.08737342736883329,0.07701056598580076,seq_area_pct,False
CORNERS,gcd,cts,synth,non_numeric,1,NN,,,wns_ns,False
CORNERS,gcd,finish,synth,non_numeric,1,NN,,,wns_ns,False
CORNERS,gcd,floorplan,synth,non_numeric,1,NN,,,wns_ns,False
CORNERS,gcd,place,synth,non_numeric,1,NN,,,wns_ns,False
CORNERS,gcd,route,synth,non_numeric,1,NN,,,wns_ns,False
CORNERS,gcd,synth,synth,non_numeric,1,NN,,,cell_count,False
CTS_CLUSTER_DIAMETER,aes,cts,cts,moderate,6,M,0.2492237960761727,0.29284152376675066,fmax_mhz,True
CTS_CLUSTER_DIAMETER,aes,finish,cts,strong,7,S,0.4776077879552057,0.5147684498680452,utilization_pct,True
CTS_CLUSTER_DIAMETER,aes,floorplan,cts,wrong_stage,0,WS,0.3199299297245585,0.26741907775284435,fmax_mhz,False
CTS_CLUSTER_DIAMETER,aes,place,cts,wrong_stage,0,WS,0.2299941372705297,0.2817586786720505,fmax_mhz,False
CTS_CLUSTER_DIAMETER,aes,route,cts,strong,7,S,0.4776077879552057,0.5147684498680452,utilization_pct,True
CTS_CLUSTER_DIAMETER,aes,synth,cts,wrong_stage,0,WS,0.281493915525307,0.279971125557092,cell_count,False
CTS_CLUSTER_DIAMETER,gcd,cts,cts,insensitive,4,I,-0.05227503977037357,-0.04283105683383723,fmax_mhz,False
CTS_CLUSTER_DIAMETER,gcd,finish,cts,moderate,6,M,-0.18315467045426606,-0.16666094052474048,fmax_mhz,True
CTS_CLUSTER_DIAMETER,gcd,floorplan,cts,wrong_stage,0,WS,0.011089659846580434,-0.0037028740789714198,power_total_w,False
CTS_CLUSTER_DIAMETER,gcd,place,cts,wrong_stage,0,WS,-0.021904198698406405,-0.0132032081202143,fmax_mhz,False
CTS_CLUSTER_DIAMETER,gcd,route,cts,weak,5,W,-0.08954021015130262,-0.07199031894157719,fmax_mhz,True
CTS_CLUSTER_DIAMETER,gcd,synth,cts,wrong_stage,0,WS,-0.021116838551625664,-0.020918283252526638,cell_count,False
CTS_CLUSTER_DIAMETER,jpeg,cts,cts,moderate,6,M,0.2428022361797352,0.2251553470888351,fmax_mhz,True
CTS_CLUSTER_DIAMETER,jpeg,finish,cts,strong,7,S,-0.32917987731876736,-0.2722298807208334,power_total_w,True
CTS_CLUSTER_DIAMETER,jpeg,floorplan,cts,wrong_stage,0,WS,0.17989379720342621,0.16347409396957335,fmax_mhz,False
CTS_CLUSTER_DIAMETER,jpeg,place,cts,wrong_stage,0,WS,0.2442630154838623,0.2336394574014287,fmax_mhz,False
CTS_CLUSTER_DIAMETER,jpeg,route,cts,moderate,6,M,0.24637109452741066,0.18846640035885187,fmax_mhz,True
CTS_CLUSTER_DIAMETER,jpeg,synth,cts,wrong_stage,0,WS,0.06462998862083112,0.04262236661539004,cell_count,False
CTS_CLUSTER_SIZE,aes,cts,cts,moderate,6,M,0.21766976333479557,0.285568733269494,fmax_mhz,True
CTS_CLUSTER_SIZE,aes,finish,cts,strong,7,S,0.4522159105878565,0.5178560808870611,utilization_pct,True
CTS_CLUSTER_SIZE,aes,floorplan,cts,wrong_stage,0,WS,0.2845549506811645,0.2381796326862163,fmax_mhz,False
CTS_CLUSTER_SIZE,aes,place,cts,wrong_stage,0,WS,0.1753579353236279,0.23187925181580424,fmax_mhz,False
CTS_CLUSTER_SIZE,aes,route,cts,strong,7,S,0.4522159105878565,0.5178560808870611,utilization_pct,True
CTS_CLUSTER_SIZE,aes,synth,cts,wrong_stage,0,WS,0.20696680194066783,0.19621103896574799,cell_count,False
CTS_CLUSTER_SIZE,gcd,cts,cts,weak,5,W,-0.1454319307761167,-0.12155367558481874,clock_insertion_delay_ns,True
CTS_CLUSTER_SIZE,gcd,finish,cts,moderate,6,M,0.27354608307710176,0.2464486351225119,tns_ns,True
CTS_CLUSTER_SIZE,gcd,floorplan,cts,wrong_stage,0,WS,0.03534809279623351,0.021042973185868334,wns_ns,False
CTS_CLUSTER_SIZE,gcd,place,cts,wrong_stage,0,WS,0.11445353718752745,0.10649513523003602,tns_ns,False
CTS_CLUSTER_SIZE,gcd,route,cts,moderate,6,M,-0.2315540148529312,-0.2139644420742567,utilization_pct,True
CTS_CLUSTER_SIZE,gcd,synth,cts,wrong_stage,0,WS,-0.03186509404627083,-0.031259791489692976,cell_count,False
CTS_CLUSTER_SIZE,jpeg,cts,cts,moderate,6,M,0.15436349159423618,0.067538783681347,tns_ns,True
CTS_CLUSTER_SIZE,jpeg,finish,cts,moderate,6,M,-0.16831450466194695,-0.11038751465251223,power_total_w,True
CTS_CLUSTER_SIZE,jpeg,floorplan,cts,wrong_stage,0,WS,0.08649574054535042,0.08434461404927539,utilization_pct,False
CTS_CLUSTER_SIZE,jpeg,place,cts,wrong_stage,0,WS,0.152609958287687,0.06019656546535878,tns_ns,False
CTS_CLUSTER_SIZE,jpeg,route,cts,weak,5,W,0.13462677417241567,0.09752504651523122,tns_ns,True
CTS_CLUSTER_SIZE,jpeg,synth,cts,wrong_stage,0,WS,-0.08632628978594692,-0.08328456885895891,seq_area_um2,False
DETAILED_ROUTE_END_ITERATION,aes,cts,route,wrong_stage,0,WS,-0.16729178557186297,-0.16313563735097988,core_area_um2,False
DETAILED_ROUTE_END_ITERATION,aes,finish,route,strong,7,S,-0.3453922470671671,-0.3310790853883018,power_total_w,True
DETAILED_ROUTE_END_ITERATION,aes,floorplan,route,wrong_stage,0,WS,0.1709763230488041,0.1660841790348237,utilization_pct,False
DETAILED_ROUTE_END_ITERATION,aes,place,route,wrong_stage,0,WS,-0.16729178557186297,-0.16313563735097988,core_area_um2,False
DETAILED_ROUTE_END_ITERATION,aes,route,route,strong,7,S,0.3154076274223231,0.308360571391753,utilization_pct,True
DETAILED_ROUTE_END_ITERATION,aes,synth,route,wrong_stage,0,WS,0.10541961033180233,0.13503456757474516,cell_count,False
DETAILED_ROUTE_END_ITERATION,gcd,cts,route,wrong_stage,0,WS,0.05664628216152363,0.04811559012062603,clock_skew_ns,False
DETAILED_ROUTE_END_ITERATION,gcd,finish,route,weak,5,W,0.13356522624587291,0.13655773606878974,utilization_pct,True
DETAILED_ROUTE_END_ITERATION,gcd,floorplan,route,wrong_stage,0,WS,-0.01935252254057731,-0.019500128632327498,utilization_pct,False
DETAILED_ROUTE_END_ITERATION,gcd,place,route,wrong_stage,0,WS,-0.020590138036967187,-0.017905676690532897,wns_ns,False
DETAILED_ROUTE_END_ITERATION,gcd,route,route,weak,5,W,0.12012188722042304,0.12409518916244884,utilization_pct,True
DETAILED_ROUTE_END_ITERATION,gcd,synth,route,wrong_stage,0,WS,-0.005404508849609852,-0.005203108714066274,cell_count,False
DETAILED_ROUTE_END_ITERATION,jpeg,cts,route,wrong_stage,0,WS,-0.11616919483484905,-0.0759724762274611,clock_skew_ns,False
DETAILED_ROUTE_END_ITERATION,jpeg,finish,route,strong,7,S,0.34269205856299695,0.008931669261445452,drc_violations,True
DETAILED_ROUTE_END_ITERATION,jpeg,floorplan,route,wrong_stage,0,WS,-0.10462527390453494,-0.07324955983242941,tns_ns,False
DETAILED_ROUTE_END_ITERATION,jpeg,place,route,wrong_stage,0,WS,0.08559514561587826,0.02335898799133057,core_area_um2,False
DETAILED_ROUTE_END_ITERATION,jpeg,route,route,strong,7,S,-0.3049436880141653,-0.2488993024889304,fmax_mhz,True
DETAILED_ROUTE_END_ITERATION,jpeg,synth,route,wrong_stage,0,WS,-0.1057204310567766,-0.08986407485608565,cell_count,False
DONT_BUFFER_PORTS,aes,cts,floorplan,param_flat,3,PF,,,wns_ns,False
DONT_BUFFER_PORTS,aes,finish,floorplan,param_flat,3,PF,,,wns_ns,False
DONT_BUFFER_PORTS,aes,floorplan,floorplan,param_flat,3,PF,,,wns_ns,False
DONT_BUFFER_PORTS,aes,place,floorplan,param_flat,3,PF,,,wns_ns,False
DONT_BUFFER_PORTS,aes,route,floorplan,param_flat,3,PF,,,wns_ns,False
DONT_BUFFER_PORTS,aes,synth,floorplan,wrong_stage,0,WS,,,cell_count,False
DONT_BUFFER_PORTS,gcd,cts,floorplan,param_flat,3,PF,,,wns_ns,False
DONT_BUFFER_PORTS,gcd,finish,floorplan,param_flat,3,PF,,,wns_ns,False
DONT_BUFFER_PORTS,gcd,floorplan,floorplan,param_flat,3,PF,,,wns_ns,False
DONT_BUFFER_PORTS,gcd,place,floorplan,param_flat,3,PF,,,wns_ns,False
DONT_BUFFER_PORTS,gcd,route,floorplan,param_flat,3,PF,,,wns_ns,False
DONT_BUFFER_PORTS,gcd,synth,floorplan,wrong_stage,0,WS,,,cell_count,False
DONT_BUFFER_PORTS,jpeg,cts,floorplan,param_flat,3,PF,,,wns_ns,False
DONT_BUFFER_PORTS,jpeg,finish,floorplan,param_flat,3,PF,,,wns_ns,False
DONT_BUFFER_PORTS,jpeg,floorplan,floorplan,param_flat,3,PF,,,wns_ns,False
DONT_BUFFER_PORTS,jpeg,place,floorplan,param_flat,3,PF,,,wns_ns,False
DONT_BUFFER_PORTS,jpeg,route,floorplan,param_flat,3,PF,,,wns_ns,False
DONT_BUFFER_PORTS,jpeg,synth,floorplan,wrong_stage,0,WS,,,cell_count,False
ENABLE_DPO,aes,cts,place,param_flat,3,PF,,,wns_ns,False
ENABLE_DPO,aes,finish,place,param_flat,3,PF,,,wns_ns,False
ENABLE_DPO,aes,floorplan,place,wrong_stage,0,WS,,,wns_ns,False
ENABLE_DPO,aes,place,place,param_flat,3,PF,,,wns_ns,False
ENABLE_DPO,aes,route,place,param_flat,3,PF,,,wns_ns,False
ENABLE_DPO,aes,synth,place,wrong_stage,0,WS,,,cell_count,False
ENABLE_DPO,gcd,cts,place,param_flat,3,PF,,,wns_ns,False
ENABLE_DPO,gcd,finish,place,param_flat,3,PF,,,wns_ns,False
ENABLE_DPO,gcd,floorplan,place,wrong_stage,0,WS,,,wns_ns,False
ENABLE_DPO,gcd,place,place,param_flat,3,PF,,,wns_ns,False
ENABLE_DPO,gcd,route,place,param_flat,3,PF,,,wns_ns,False
ENABLE_DPO,gcd,synth,place,wrong_stage,0,WS,,,cell_count,False
ENABLE_DPO,jpeg,cts,place,param_flat,3,PF,,,wns_ns,False
ENABLE_DPO,jpeg,finish,place,param_flat,3,PF,,,wns_ns,False
ENABLE_DPO,jpeg,floorplan,place,wrong_stage,0,WS,,,wns_ns,False
ENABLE_DPO,jpeg,place,place,param_flat,3,PF,,,wns_ns,False
ENABLE_DPO,jpeg,route,place,param_flat,3,PF,,,wns_ns,False
ENABLE_DPO,jpeg,synth,place,wrong_stage,0,WS,,,cell_count,False
FASTROUTE_TCL,aes,cts,floorplan,non_numeric,1,NN,,,wns_ns,False
FASTROUTE_TCL,aes,finish,floorplan,non_numeric,1,NN,,,wns_ns,False
FASTROUTE_TCL,aes,floorplan,floorplan,non_numeric,1,NN,,,wns_ns,False
FASTROUTE_TCL,aes,place,floorplan,non_numeric,1,NN,,,wns_ns,False
FASTROUTE_TCL,aes,route,floorplan,non_numeric,1,NN,,,wns_ns,False
FASTROUTE_TCL,aes,synth,floorplan,wrong_stage,0,WS,,,cell_count,False
FASTROUTE_TCL,gcd,cts,floorplan,non_numeric,1,NN,,,wns_ns,False
FASTROUTE_TCL,gcd,finish,floorplan,non_numeric,1,NN,,,wns_ns,False
FASTROUTE_TCL,gcd,floorplan,floorplan,non_numeric,1,NN,,,wns_ns,False
FASTROUTE_TCL,gcd,place,floorplan,non_numeric,1,NN,,,wns_ns,False
FASTROUTE_TCL,gcd,route,floorplan,non_numeric,1,NN,,,wns_ns,False
FASTROUTE_TCL,gcd,synth,floorplan,wrong_stage,0,WS,,,cell_count,False
FASTROUTE_TCL,jpeg,cts,floorplan,non_numeric,1,NN,,,wns_ns,False
FASTROUTE_TCL,jpeg,finish,floorplan,non_numeric,1,NN,,,wns_ns,False
FASTROUTE_TCL,jpeg,floorplan,floorplan,non_numeric,1,NN,,,wns_ns,False
FASTROUTE_TCL,jpeg,place,floorplan,non_numeric,1,NN,,,wns_ns,False
FASTROUTE_TCL,jpeg,route,floorplan,non_numeric,1,NN,,,wns_ns,False
FASTROUTE_TCL,jpeg,synth,floorplan,wrong_stage,0,WS,,,cell_count,False
GLOBAL_ROUTE_ARGS,aes,cts,route,wrong_stage,0,WS,,,wns_ns,False
GLOBAL_ROUTE_ARGS,aes,finish,route,non_numeric,1,NN,,,wns_ns,False
GLOBAL_ROUTE_ARGS,aes,floorplan,route,wrong_stage,0,WS,,,wns_ns,False
GLOBAL_ROUTE_ARGS,aes,place,route,wrong_stage,0,WS,,,wns_ns,False
GLOBAL_ROUTE_ARGS,aes,route,route,non_numeric,1,NN,,,wns_ns,False
GLOBAL_ROUTE_ARGS,aes,synth,route,wrong_stage,0,WS,,,cell_count,False
GLOBAL_ROUTE_ARGS,gcd,cts,route,wrong_stage,0,WS,,,wns_ns,False
GLOBAL_ROUTE_ARGS,gcd,finish,route,non_numeric,1,NN,,,wns_ns,False
GLOBAL_ROUTE_ARGS,gcd,floorplan,route,wrong_stage,0,WS,,,wns_ns,False
GLOBAL_ROUTE_ARGS,gcd,place,route,wrong_stage,0,WS,,,wns_ns,False
GLOBAL_ROUTE_ARGS,gcd,route,route,non_numeric,1,NN,,,wns_ns,False
GLOBAL_ROUTE_ARGS,gcd,synth,route,wrong_stage,0,WS,,,cell_count,False
GLOBAL_ROUTE_ARGS,jpeg,cts,route,wrong_stage,0,WS,,,wns_ns,False
GLOBAL_ROUTE_ARGS,jpeg,finish,route,non_numeric,1,NN,,,wns_ns,False
GLOBAL_ROUTE_ARGS,jpeg,floorplan,route,wrong_stage,0,WS,,,wns_ns,False
GLOBAL_ROUTE_ARGS,jpeg,place,route,wrong_stage,0,WS,,,wns_ns,False
GLOBAL_ROUTE_ARGS,jpeg,route,route,non_numeric,1,NN,,,wns_ns,False
GLOBAL_ROUTE_ARGS,jpeg,synth,route,wrong_stage,0,WS,,,cell_count,False
GPL_ROUTABILITY_DRIVEN,aes,cts,place,param_flat,3,PF,,,wns_ns,False
GPL_ROUTABILITY_DRIVEN,aes,finish,place,param_flat,3,PF,,,wns_ns,False
GPL_ROUTABILITY_DRIVEN,aes,floorplan,place,wrong_stage,0,WS,,,wns_ns,False
GPL_ROUTABILITY_DRIVEN,aes,place,place,param_flat,3,PF,,,wns_ns,False
GPL_ROUTABILITY_DRIVEN,aes,route,place,param_flat,3,PF,,,wns_ns,False
GPL_ROUTABILITY_DRIVEN,aes,synth,place,wrong_stage,0,WS,,,cell_count,False
GPL_ROUTABILITY_DRIVEN,gcd,cts,place,param_flat,3,PF,,,wns_ns,False
GPL_ROUTABILITY_DRIVEN,gcd,finish,place,param_flat,3,PF,,,wns_ns,False
GPL_ROUTABILITY_DRIVEN,gcd,floorplan,place,wrong_stage,0,WS,,,wns_ns,False
GPL_ROUTABILITY_DRIVEN,gcd,place,place,param_flat,3,PF,,,wns_ns,False
GPL_ROUTABILITY_DRIVEN,gcd,route,place,param_flat,3,PF,,,wns_ns,False
GPL_ROUTABILITY_DRIVEN,gcd,synth,place,wrong_stage,0,WS,,,cell_count,False
GPL_ROUTABILITY_DRIVEN,jpeg,cts,place,param_flat,3,PF,,,wns_ns,False
GPL_ROUTABILITY_DRIVEN,jpeg,finish,place,param_flat,3,PF,,,wns_ns,False
GPL_ROUTABILITY_DRIVEN,jpeg,floorplan,place,wrong_stage,0,WS,,,wns_ns,False
GPL_ROUTABILITY_DRIVEN,jpeg,place,place,param_flat,3,PF,,,wns_ns,False
GPL_ROUTABILITY_DRIVEN,jpeg,route,place,param_flat,3,PF,,,wns_ns,False
GPL_ROUTABILITY_DRIVEN,jpeg,synth,place,wrong_stage,0,WS,,,cell_count,False
GPL_TIMING_DRIVEN,aes,cts,place,param_flat,3,PF,,,wns_ns,False
GPL_TIMING_DRIVEN,aes,finish,place,param_flat,3,PF,,,wns_ns,False
GPL_TIMING_DRIVEN,aes,floorplan,place,wrong_stage,0,WS,,,wns_ns,False
GPL_TIMING_DRIVEN,aes,place,place,param_flat,3,PF,,,wns_ns,False
GPL_TIMING_DRIVEN,aes,route,place,param_flat,3,PF,,,wns_ns,False
GPL_TIMING_DRIVEN,aes,synth,place,wrong_stage,0,WS,,,cell_count,False
GPL_TIMING_DRIVEN,gcd,cts,place,param_flat,3,PF,,,wns_ns,False
GPL_TIMING_DRIVEN,gcd,finish,place,param_flat,3,PF,,,wns_ns,False
GPL_TIMING_DRIVEN,gcd,floorplan,place,wrong_stage,0,WS,,,wns_ns,False
GPL_TIMING_DRIVEN,gcd,place,place,param_flat,3,PF,,,wns_ns,False
GPL_TIMING_DRIVEN,gcd,route,place,param_flat,3,PF,,,wns_ns,False
GPL_TIMING_DRIVEN,gcd,synth,place,wrong_stage,0,WS,,,cell_count,False
GPL_TIMING_DRIVEN,jpeg,cts,place,param_flat,3,PF,,,wns_ns,False
GPL_TIMING_DRIVEN,jpeg,finish,place,param_flat,3,PF,,,wns_ns,False
GPL_TIMING_DRIVEN,jpeg,floorplan,place,wrong_stage,0,WS,,,wns_ns,False
GPL_TIMING_DRIVEN,jpeg,place,place,param_flat,3,PF,,,wns_ns,False
GPL_TIMING_DRIVEN,jpeg,route,place,param_flat,3,PF,,,wns_ns,False
GPL_TIMING_DRIVEN,jpeg,synth,place,wrong_stage,0,WS,,,cell_count,False
HOLD_SLACK_MARGIN,aes,cts,floorplan,moderate,6,M,0.27314592465459175,0.3363049747855111,core_area_um2,True
HOLD_SLACK_MARGIN,aes,finish,floorplan,strong,7,S,-0.3033279074177161,-0.3326165720660641,drc_violations,True
HOLD_SLACK_MARGIN,aes,floorplan,floorplan,moderate,6,M,-0.28753397627501226,-0.3283464798198396,utilization_pct,True
HOLD_SLACK_MARGIN,aes,place,floorplan,strong,7,S,-0.3101092292391865,-0.35025387448433315,tns_ns,True
HOLD_SLACK_MARGIN,aes,route,floorplan,moderate,6,M,0.27314592465459175,0.3363049747855111,core_area_um2,True
HOLD_SLACK_MARGIN,aes,synth,floorplan,wrong_stage,0,WS,-0.24807933748241315,-0.2030298044956159,cell_count,False
HOLD_SLACK_MARGIN,gcd,cts,floorplan,moderate,6,M,-0.19451683769200875,-0.10952544536015375,tns_ns,True
HOLD_SLACK_MARGIN,gcd,finish,floorplan,strong,7,S,-0.5571722184677371,-0.4170818187279558,tns_ns,True
HOLD_SLACK_MARGIN,gcd,floorplan,floorplan,insensitive,4,I,0.06205164637927329,0.02242841498009282,power_total_w,False
HOLD_SLACK_MARGIN,gcd,place,floorplan,moderate,6,M,-0.1574476112721886,-0.10127074596037715,tns_ns,True
HOLD_SLACK_MARGIN,gcd,route,floorplan,strong,7,S,-0.3409472258231679,-0.21919633245671719,tns_ns,True
HOLD_SLACK_MARGIN,gcd,synth,floorplan,wrong_stage,0,WS,-0.02098563132760276,-0.019548775508414853,cell_count,False
HOLD_SLACK_MARGIN,jpeg,cts,floorplan,weak,5,W,0.1471210300473195,0.10632576795897476,fmax_mhz,True
HOLD_SLACK_MARGIN,jpeg,finish,floorplan,moderate,6,M,-0.1835494683299346,-0.12092947269898793,utilization_pct,True
HOLD_SLACK_MARGIN,jpeg,floorplan,floorplan,moderate,6,M,0.2259481894665132,0.23940528238510986,wns_ns,True
HOLD_SLACK_MARGIN,jpeg,place,floorplan,weak,5,W,0.09308723408133049,0.044338065486093925,core_area_um2,True
HOLD_SLACK_MARGIN,jpeg,route,floorplan,strong,7,S,0.3161716775403479,0.2817508478171964,wns_ns,True
HOLD_SLACK_MARGIN,jpeg,synth,floorplan,wrong_stage,0,WS,0.04921396675453482,0.04344126373545975,cell_count,False
IO_PLACER_H,aes,cts,floorplan,param_flat,3,PF,,,wns_ns,False
IO_PLACER_H,aes,finish,floorplan,param_flat,3,PF,,,wns_ns,False
IO_PLACER_H,aes,floorplan,floorplan,param_flat,3,PF,,,wns_ns,False
IO_PLACER_H,aes,place,floorplan,param_flat,3,PF,,,wns_ns,False
IO_PLACER_H,aes,route,floorplan,param_flat,3,PF,,,wns_ns,False
IO_PLACER_H,aes,synth,floorplan,wrong_stage,0,WS,,,cell_count,False
IO_PLACER_H,gcd,cts,floorplan,param_flat,3,PF,,,wns_ns,False
IO_PLACER_H,gcd,finish,floorplan,param_flat,3,PF,,,wns_ns,False
IO_PLACER_H,gcd,floorplan,floorplan,param_flat,3,PF,,,wns_ns,False
IO_PLACER_H,gcd,place,floorplan,param_flat,3,PF,,,wns_ns,False
IO_PLACER_H,gcd,route,floorplan,param_flat,3,PF,,,wns_ns,False
IO_PLACER_H,gcd,synth,floorplan,wrong_stage,0,WS,,,cell_count,False
IO_PLACER_H,jpeg,cts,floorplan,param_flat,3,PF,,,wns_ns,False
IO_PLACER_H,jpeg,finish,floorplan,param_flat,3,PF,,,wns_ns,False
IO_PLACER_H,jpeg,floorplan,floorplan,param_flat,3,PF,,,wns_ns,False
IO_PLACER_H,jpeg,place,floorplan,param_flat,3,PF,,,wns_ns,False
IO_PLACER_H,jpeg,route,floorplan,param_flat,3,PF,,,wns_ns,False
IO_PLACER_H,jpeg,synth,floorplan,wrong_stage,0,WS,,,cell_count,False
IO_PLACER_V,aes,cts,floorplan,param_flat,3,PF,,,wns_ns,False
IO_PLACER_V,aes,finish,floorplan,param_flat,3,PF,,,wns_ns,False
IO_PLACER_V,aes,floorplan,floorplan,param_flat,3,PF,,,wns_ns,False
IO_PLACER_V,aes,place,floorplan,param_flat,3,PF,,,wns_ns,False
IO_PLACER_V,aes,route,floorplan,param_flat,3,PF,,,wns_ns,False
IO_PLACER_V,aes,synth,floorplan,wrong_stage,0,WS,,,cell_count,False
IO_PLACER_V,gcd,cts,floorplan,param_flat,3,PF,,,wns_ns,False
IO_PLACER_V,gcd,finish,floorplan,param_flat,3,PF,,,wns_ns,False
IO_PLACER_V,gcd,floorplan,floorplan,param_flat,3,PF,,,wns_ns,False
IO_PLACER_V,gcd,place,floorplan,param_flat,3,PF,,,wns_ns,False
IO_PLACER_V,gcd,route,floorplan,param_flat,3,PF,,,wns_ns,False
IO_PLACER_V,gcd,synth,floorplan,wrong_stage,0,WS,,,cell_count,False
IO_PLACER_V,jpeg,cts,floorplan,param_flat,3,PF,,,wns_ns,False
IO_PLACER_V,jpeg,finish,floorplan,param_flat,3,PF,,,wns_ns,False
IO_PLACER_V,jpeg,floorplan,floorplan,param_flat,3,PF,,,wns_ns,False
IO_PLACER_V,jpeg,place,floorplan,param_flat,3,PF,,,wns_ns,False
IO_PLACER_V,jpeg,route,floorplan,param_flat,3,PF,,,wns_ns,False
IO_PLACER_V,jpeg,synth,floorplan,wrong_stage,0,WS,,,cell_count,False
MATCH_CELL_FOOTPRINT,aes,cts,route,wrong_stage,0,WS,,,wns_ns,False
MATCH_CELL_FOOTPRINT,aes,finish,route,param_flat,3,PF,,,wns_ns,False
MATCH_CELL_FOOTPRINT,aes,floorplan,route,wrong_stage,0,WS,,,wns_ns,False
MATCH_CELL_FOOTPRINT,aes,place,route,wrong_stage,0,WS,,,wns_ns,False
MATCH_CELL_FOOTPRINT,aes,route,route,param_flat,3,PF,,,wns_ns,False
MATCH_CELL_FOOTPRINT,aes,synth,route,wrong_stage,0,WS,,,cell_count,False
MATCH_CELL_FOOTPRINT,gcd,cts,route,wrong_stage,0,WS,,,wns_ns,False
MATCH_CELL_FOOTPRINT,gcd,finish,route,param_flat,3,PF,,,wns_ns,False
MATCH_CELL_FOOTPRINT,gcd,floorplan,route,wrong_stage,0,WS,,,wns_ns,False
MATCH_CELL_FOOTPRINT,gcd,place,route,wrong_stage,0,WS,,,wns_ns,False
MATCH_CELL_FOOTPRINT,gcd,route,route,param_flat,3,PF,,,wns_ns,False
MATCH_CELL_FOOTPRINT,gcd,synth,route,wrong_stage,0,WS,,,cell_count,False
MATCH_CELL_FOOTPRINT,jpeg,cts,route,wrong_stage,0,WS,,,wns_ns,False
MATCH_CELL_FOOTPRINT,jpeg,finish,route,param_flat,3,PF,,,wns_ns,False
MATCH_CELL_FOOTPRINT,jpeg,floorplan,route,wrong_stage,0,WS,,,wns_ns,False
MATCH_CELL_FOOTPRINT,jpeg,place,route,wrong_stage,0,WS,,,wns_ns,False
MATCH_CELL_FOOTPRINT,jpeg,route,route,param_flat,3,PF,,,wns_ns,False
MATCH_CELL_FOOTPRINT,jpeg,synth,route,wrong_stage,0,WS,,,cell_count,False
MAX_REPAIR_TIMING_ITER,gcd,cts,place,insensitive,4,I,0.034790121127424814,0.001050525431447601,clock_insertion_delay_ns,False
MAX_REPAIR_TIMING_ITER,gcd,finish,place,moderate,6,M,-0.19057164913795852,-0.03150718548323001,drc_violations,True
MAX_REPAIR_TIMING_ITER,gcd,floorplan,place,wrong_stage,0,WS,-0.01171484010559007,0.015045204120332105,core_area_um2,False
MAX_REPAIR_TIMING_ITER,gcd,place,place,insensitive,4,I,0.058689793289344955,0.051157650680388814,wns_ns,False
MAX_REPAIR_TIMING_ITER,gcd,route,place,weak,5,W,-0.1450706279326666,-0.16314212641185494,utilization_pct,True
MAX_REPAIR_TIMING_ITER,gcd,synth,place,wrong_stage,0,WS,-0.002676055358586221,-0.0033009787389337323,cell_count,False
MAX_ROUTING_LAYER,aes,cts,route,wrong_stage,0,WS,,,wns_ns,False
MAX_ROUTING_LAYER,aes,finish,route,param_flat,3,PF,,,wns_ns,False
MAX_ROUTING_LAYER,aes,floorplan,route,wrong_stage,0,WS,,,wns_ns,False
MAX_ROUTING_LAYER,aes,place,route,wrong_stage,0,WS,,,wns_ns,False
MAX_ROUTING_LAYER,aes,route,route,param_flat,3,PF,,,wns_ns,False
MAX_ROUTING_LAYER,aes,synth,route,wrong_stage,0,WS,,,cell_count,False
MAX_ROUTING_LAYER,gcd,cts,route,wrong_stage,0,WS,,,wns_ns,False
MAX_ROUTING_LAYER,gcd,finish,route,param_flat,3,PF,,,wns_ns,False
MAX_ROUTING_LAYER,gcd,floorplan,route,wrong_stage,0,WS,,,wns_ns,False
MAX_ROUTING_LAYER,gcd,place,route,wrong_stage,0,WS,,,wns_ns,False
MAX_ROUTING_LAYER,gcd,route,route,param_flat,3,PF,,,wns_ns,False
MAX_ROUTING_LAYER,gcd,synth,route,wrong_stage,0,WS,,,cell_count,False
MAX_ROUTING_LAYER,jpeg,cts,route,wrong_stage,0,WS,,,wns_ns,False
MAX_ROUTING_LAYER,jpeg,finish,route,param_flat,3,PF,,,wns_ns,False
MAX_ROUTING_LAYER,jpeg,floorplan,route,wrong_stage,0,WS,,,wns_ns,False
MAX_ROUTING_LAYER,jpeg,place,route,wrong_stage,0,WS,,,wns_ns,False
MAX_ROUTING_LAYER,jpeg,route,route,param_flat,3,PF,,,wns_ns,False
MAX_ROUTING_LAYER,jpeg,synth,route,wrong_stage,0,WS,,,cell_count,False
MIN_ROUTING_LAYER,aes,cts,route,wrong_stage,0,WS,,,wns_ns,False
MIN_ROUTING_LAYER,aes,finish,route,param_flat,3,PF,,,wns_ns,False
MIN_ROUTING_LAYER,aes,floorplan,route,wrong_stage,0,WS,,,wns_ns,False
MIN_ROUTING_LAYER,aes,place,route,wrong_stage,0,WS,,,wns_ns,False
MIN_ROUTING_LAYER,aes,route,route,param_flat,3,PF,,,wns_ns,False
MIN_ROUTING_LAYER,aes,synth,route,wrong_stage,0,WS,,,cell_count,False
MIN_ROUTING_LAYER,gcd,cts,route,wrong_stage,0,WS,,,wns_ns,False
MIN_ROUTING_LAYER,gcd,finish,route,param_flat,3,PF,,,wns_ns,False
MIN_ROUTING_LAYER,gcd,floorplan,route,wrong_stage,0,WS,,,wns_ns,False
MIN_ROUTING_LAYER,gcd,place,route,wrong_stage,0,WS,,,wns_ns,False
MIN_ROUTING_LAYER,gcd,route,route,param_flat,3,PF,,,wns_ns,False
MIN_ROUTING_LAYER,gcd,synth,route,wrong_stage,0,WS,,,cell_count,False
MIN_ROUTING_LAYER,jpeg,cts,route,wrong_stage,0,WS,,,wns_ns,False
MIN_ROUTING_LAYER,jpeg,finish,route,param_flat,3,PF,,,wns_ns,False
MIN_ROUTING_LAYER,jpeg,floorplan,route,wrong_stage,0,WS,,,wns_ns,False
MIN_ROUTING_LAYER,jpeg,place,route,wrong_stage,0,WS,,,wns_ns,False
MIN_ROUTING_LAYER,jpeg,route,route,param_flat,3,PF,,,wns_ns,False
MIN_ROUTING_LAYER,jpeg,synth,route,wrong_stage,0,WS,,,cell_count,False
OPENROAD_HIERARCHICAL,aes,cts,synth,param_flat,3,PF,,,wns_ns,False
OPENROAD_HIERARCHICAL,aes,finish,synth,param_flat,3,PF,,,wns_ns,False
OPENROAD_HIERARCHICAL,aes,floorplan,synth,param_flat,3,PF,,,wns_ns,False
OPENROAD_HIERARCHICAL,aes,place,synth,param_flat,3,PF,,,wns_ns,False
OPENROAD_HIERARCHICAL,aes,route,synth,param_flat,3,PF,,,wns_ns,False
OPENROAD_HIERARCHICAL,aes,synth,synth,param_flat,3,PF,,,cell_count,False
OPENROAD_HIERARCHICAL,gcd,cts,synth,param_flat,3,PF,,,wns_ns,False
OPENROAD_HIERARCHICAL,gcd,finish,synth,param_flat,3,PF,,,wns_ns,False
OPENROAD_HIERARCHICAL,gcd,floorplan,synth,param_flat,3,PF,,,wns_ns,False
OPENROAD_HIERARCHICAL,gcd,place,synth,param_flat,3,PF,,,wns_ns,False
OPENROAD_HIERARCHICAL,gcd,route,synth,param_flat,3,PF,,,wns_ns,False
OPENROAD_HIERARCHICAL,gcd,synth,synth,param_flat,3,PF,,,cell_count,False
OPENROAD_HIERARCHICAL,jpeg,cts,synth,param_flat,3,PF,,,wns_ns,False
OPENROAD_HIERARCHICAL,jpeg,finish,synth,param_flat,3,PF,,,wns_ns,False
OPENROAD_HIERARCHICAL,jpeg,floorplan,synth,param_flat,3,PF,,,wns_ns,False
OPENROAD_HIERARCHICAL,jpeg,place,synth,param_flat,3,PF,,,wns_ns,False
OPENROAD_HIERARCHICAL,jpeg,route,synth,param_flat,3,PF,,,wns_ns,False
OPENROAD_HIERARCHICAL,jpeg,synth,synth,param_flat,3,PF,,,cell_count,False
PLACE_DENSITY,aes,cts,floorplan,strong,7,S,-0.3314933230620949,-0.27325447574341843,core_area_um2,True
PLACE_DENSITY,aes,finish,floorplan,strong,7,S,0.6933037246280291,0.6372013850868935,fmax_mhz,True
PLACE_DENSITY,aes,floorplan,floorplan,strong,7,S,0.33979531495433646,0.3270904749729094,utilization_pct,True
PLACE_DENSITY,aes,place,floorplan,strong,7,S,-0.3314933230620949,-0.27325447574341843,core_area_um2,True
PLACE_DENSITY,aes,route,floorplan,strong,7,S,-0.3672909483014628,-0.36397127316840533,utilization_pct,True
PLACE_DENSITY,aes,synth,floorplan,wrong_stage,0,WS,0.2383155516369855,0.2421997763307148,cell_count,False
PLACE_DENSITY,gcd,cts,floorplan,weak,5,W,0.12706467054184126,0.08205127905218951,tns_ns,True
PLACE_DENSITY,gcd,finish,floorplan,moderate,6,M,0.2713583890945816,0.227970187775721,tns_ns,True
PLACE_DENSITY,gcd,floorplan,floorplan,insensitive,4,I,0.023743613067751083,0.01816761381632859,tns_ns,False
PLACE_DENSITY,gcd,place,floorplan,weak,5,W,0.0897277177790216,0.07154948510024958,tns_ns,True
PLACE_DENSITY,gcd,route,floorplan,moderate,6,M,0.199762244500764,0.16374243208616626,tns_ns,True
PLACE_DENSITY,gcd,synth,floorplan,wrong_stage,0,WS,-0.012528349969758216,-0.012421914321684822,cell_count,False
PLACE_DENSITY,jpeg,cts,floorplan,moderate,6,M,-0.17845710883748578,-0.15079464976253007,fmax_mhz,True
PLACE_DENSITY,jpeg,finish,floorplan,strong,7,S,0.5293059762889585,0.4468274386257523,utilization_pct,True
PLACE_DENSITY,jpeg,floorplan,floorplan,moderate,6,M,-0.1987007690618838,-0.13900911132311425,fmax_mhz,True
PLACE_DENSITY,jpeg,place,floorplan,moderate,6,M,-0.20989176702343595,-0.15778442966728104,wns_ns,True
PLACE_DENSITY,jpeg,route,floorplan,strong,7,S,0.5293059762889585,0.4468274386257523,utilization_pct,True
PLACE_DENSITY,jpeg,synth,floorplan,wrong_stage,0,WS,-0.12089908091413475,-0.07937273596276478,cell_count,False
PLACE_DENSITY_LB_ADDON,aes,cts,floorplan,strong,7,S,0.319134796424874,0.4018415439376026,fmax_mhz,True
PLACE_DENSITY_LB_ADDON,aes,finish,floorplan,strong,7,S,-0.4635559920558273,-0.4553740101321778,utilization_pct,True
PLACE_DENSITY_LB_ADDON,aes,floorplan,floorplan,moderate,6,M,0.2152482743705395,0.17257143823864213,fmax_mhz,True
PLACE_DENSITY_LB_ADDON,aes,place,floorplan,strong,7,S,-0.30971822803947235,-0.24252038174059573,wns_ns,True
PLACE_DENSITY_LB_ADDON,aes,route,floorplan,strong,7,S,-0.4635559920558273,-0.4553740101321778,utilization_pct,True
PLACE_DENSITY_LB_ADDON,aes,synth,floorplan,wrong_stage,0,WS,0.07035934611253424,0.007609176544641153,cell_count,False
PLACE_DENSITY_LB_ADDON,gcd,cts,floorplan,strong,7,S,0.3777403137089334,0.36123127707066804,core_area_um2,True
PLACE_DENSITY_LB_ADDON,gcd,finish,floorplan,weak,5,W,-0.1289186507464067,-0.15444947453791727,utilization_pct,True
PLACE_DENSITY_LB_ADDON,gcd,floorplan,floorplan,strong,7,S,-0.39526038912224337,-0.4142534231455557,utilization_pct,True
PLACE_DENSITY_LB_ADDON,gcd,place,floorplan,strong,7,S,0.3777403137089334,0.36123127707066804,core_area_um2,True
PLACE_DENSITY_LB_ADDON,gcd,route,floorplan,strong,7,S,0.3777403137089334,0.36123127707066804,core_area_um2,True
PLACE_DENSITY_LB_ADDON,gcd,synth,floorplan,wrong_stage,0,WS,0.005262542015470874,0.0014233766017424001,cell_count,False
PLACE_DENSITY_LB_ADDON,jpeg,cts,floorplan,weak,5,W,-0.11401569570489357,-0.10844643300487418,fmax_mhz,True
PLACE_DENSITY_LB_ADDON,jpeg,finish,floorplan,weak,5,W,0.12043987967807858,0.10007280798358463,power_total_w,True
PLACE_DENSITY_LB_ADDON,jpeg,floorplan,floorplan,insensitive,4,I,0.07559168611979486,0.025220397752615604,power_total_w,False
PLACE_DENSITY_LB_ADDON,jpeg,place,floorplan,insensitive,4,I,-0.045623542172070805,-0.028104656074032286,tns_ns,False
PLACE_DENSITY_LB_ADDON,jpeg,route,floorplan,weak,5,W,-0.09930717674337315,-0.13900910242519623,fmax_mhz,True
PLACE_DENSITY_LB_ADDON,jpeg,synth,floorplan,wrong_stage,0,WS,-0.05145037663129755,-0.004526647172184928,cell_count,False
PLACE_PINS_ARGS,aes,cts,place,non_numeric,1,NN,,,wns_ns,False
PLACE_PINS_ARGS,aes,finish,place,non_numeric,1,NN,,,wns_ns,False
PLACE_PINS_ARGS,aes,floorplan,place,wrong_stage,0,WS,,,wns_ns,False
PLACE_PINS_ARGS,aes,place,place,non_numeric,1,NN,,,wns_ns,False
PLACE_PINS_ARGS,aes,route,place,non_numeric,1,NN,,,wns_ns,False
PLACE_PINS_ARGS,aes,synth,place,wrong_stage,0,WS,,,cell_count,False
PLACE_PINS_ARGS,gcd,cts,place,non_numeric,1,NN,,,wns_ns,False
PLACE_PINS_ARGS,gcd,finish,place,non_numeric,1,NN,,,wns_ns,False
PLACE_PINS_ARGS,gcd,floorplan,place,wrong_stage,0,WS,,,wns_ns,False
PLACE_PINS_ARGS,gcd,place,place,non_numeric,1,NN,,,wns_ns,False
PLACE_PINS_ARGS,gcd,route,place,non_numeric,1,NN,,,wns_ns,False
PLACE_PINS_ARGS,gcd,synth,place,wrong_stage,0,WS,,,cell_count,False
PLACE_PINS_ARGS,jpeg,cts,place,non_numeric,1,NN,,,wns_ns,False
PLACE_PINS_ARGS,jpeg,finish,place,non_numeric,1,NN,,,wns_ns,False
PLACE_PINS_ARGS,jpeg,floorplan,place,wrong_stage,0,WS,,,wns_ns,False
PLACE_PINS_ARGS,jpeg,place,place,non_numeric,1,NN,,,wns_ns,False
PLACE_PINS_ARGS,jpeg,route,place,non_numeric,1,NN,,,wns_ns,False
PLACE_PINS_ARGS,jpeg,synth,place,wrong_stage,0,WS,,,cell_count,False
REMOVE_ABC_BUFFERS,aes,cts,floorplan,param_flat,3,PF,,,wns_ns,False
REMOVE_ABC_BUFFERS,aes,finish,floorplan,param_flat,3,PF,,,wns_ns,False
REMOVE_ABC_BUFFERS,aes,floorplan,floorplan,param_flat,3,PF,,,wns_ns,False
REMOVE_ABC_BUFFERS,aes,place,floorplan,param_flat,3,PF,,,wns_ns,False
REMOVE_ABC_BUFFERS,aes,route,floorplan,param_flat,3,PF,,,wns_ns,False
REMOVE_ABC_BUFFERS,aes,synth,floorplan,wrong_stage,0,WS,,,cell_count,False
REMOVE_ABC_BUFFERS,gcd,cts,floorplan,param_flat,3,PF,,,wns_ns,False
REMOVE_ABC_BUFFERS,gcd,finish,floorplan,param_flat,3,PF,,,wns_ns,False
REMOVE_ABC_BUFFERS,gcd,floorplan,floorplan,param_flat,3,PF,,,wns_ns,False
REMOVE_ABC_BUFFERS,gcd,place,floorplan,param_flat,3,PF,,,wns_ns,False
REMOVE_ABC_BUFFERS,gcd,route,floorplan,param_flat,3,PF,,,wns_ns,False
REMOVE_ABC_BUFFERS,gcd,synth,floorplan,wrong_stage,0,WS,,,cell_count,False
REMOVE_ABC_BUFFERS,jpeg,cts,floorplan,param_flat,3,PF,,,wns_ns,False
REMOVE_ABC_BUFFERS,jpeg,finish,floorplan,param_flat,3,PF,,,wns_ns,False
REMOVE_ABC_BUFFERS,jpeg,floorplan,floorplan,param_flat,3,PF,,,wns_ns,False
REMOVE_ABC_BUFFERS,jpeg,place,floorplan,param_flat,3,PF,,,wns_ns,False
REMOVE_ABC_BUFFERS,jpeg,route,floorplan,param_flat,3,PF,,,wns_ns,False
REMOVE_ABC_BUFFERS,jpeg,synth,floorplan,wrong_stage,0,WS,,,cell_count,False
ROUTING_LAYER_ADJUSTMENT,aes,cts,floorplan,moderate,6,M,0.20661048186185502,0.19184639339993934,fmax_mhz,True
ROUTING_LAYER_ADJUSTMENT,aes,finish,floorplan,strong,7,S,0.33550117698609194,0.3130169303399801,fmax_mhz,True
ROUTING_LAYER_ADJUSTMENT,aes,floorplan,floorplan,weak,5,W,0.12492814570160937,0.15598760514127513,power_total_w,True
ROUTING_LAYER_ADJUSTMENT,aes,place,floorplan,moderate,6,M,-0.15531600793745634,-0.14984158898609137,tns_ns,True
ROUTING_LAYER_ADJUSTMENT,aes,route,floorplan,weak,5,W,0.08440509092756826,0.1077066013165285,fmax_mhz,True
ROUTING_LAYER_ADJUSTMENT,aes,synth,floorplan,wrong_stage,0,WS,-0.10221971316494,-0.12523908025914077,cell_count,False
ROUTING_LAYER_ADJUSTMENT,gcd,cts,floorplan,weak,5,W,0.08368441562879307,0.07189320965629951,hold_violation_count,True
ROUTING_LAYER_ADJUSTMENT,gcd,finish,floorplan,strong,7,S,0.31405021527345583,0.23477035912761113,power_total_w,True
ROUTING_LAYER_ADJUSTMENT,gcd,floorplan,floorplan,weak,5,W,0.08438745326700718,0.03377492594488428,power_total_w,True
ROUTING_LAYER_ADJUSTMENT,gcd,place,floorplan,insensitive,4,I,0.043650755629502595,0.04593068266141814,core_area_um2,False
ROUTING_LAYER_ADJUSTMENT,gcd,route,floorplan,weak,5,W,-0.10151116677667073,-0.11096175370222927,utilization_pct,True
ROUTING_LAYER_ADJUSTMENT,gcd,synth,floorplan,wrong_stage,0,WS,-0.034593271001649745,-0.03564456958634114,cell_count,False
ROUTING_LAYER_ADJUSTMENT,jpeg,cts,floorplan,moderate,6,M,0.21332702296804007,0.20516376639825218,core_area_um2,True
ROUTING_LAYER_ADJUSTMENT,jpeg,finish,floorplan,strong,7,S,-0.39421268378296115,-0.3299575235252435,utilization_pct,True
ROUTING_LAYER_ADJUSTMENT,jpeg,floorplan,floorplan,moderate,6,M,-0.27063592232150474,-0.1891971314960007,power_total_w,True
ROUTING_LAYER_ADJUSTMENT,jpeg,place,floorplan,moderate,6,M,0.21332702296804007,0.20516376639825218,core_area_um2,True
ROUTING_LAYER_ADJUSTMENT,jpeg,route,floorplan,strong,7,S,-0.39421268378296115,-0.3299575235252435,utilization_pct,True
ROUTING_LAYER_ADJUSTMENT,jpeg,synth,floorplan,wrong_stage,0,WS,0.18832456958231167,0.09724873453771406,cell_count,False
SETUP_SLACK_MARGIN,aes,cts,floorplan,moderate,6,M,0.2601240128648427,0.30922195794942425,core_area_um2,True
SETUP_SLACK_MARGIN,aes,finish,floorplan,strong,7,S,-0.3033279074177161,-0.40231098136619314,drc_violations,True
SETUP_SLACK_MARGIN,aes,floorplan,floorplan,moderate,6,M,-0.27311734509832114,-0.30334221670991224,utilization_pct,True
SETUP_SLACK_MARGIN,aes,place,floorplan,strong,7,S,-0.3110188669484766,-0.3652251263630661,tns_ns,True
SETUP_SLACK_MARGIN,aes,route,floorplan,moderate,6,M,0.2601240128648427,0.30922195794942425,core_area_um2,True
SETUP_SLACK_MARGIN,aes,synth,floorplan,wrong_stage,0,WS,-0.2511232215027375,-0.21090447717811217,cell_count,False
SETUP_SLACK_MARGIN,gcd,cts,floorplan,weak,5,W,-0.12069887503801344,-0.0620041286366303,wns_ns,True
SETUP_SLACK_MARGIN,gcd,finish,floorplan,strong,7,S,0.37046035024331375,0.24787275538590536,power_total_w,True
SETUP_SLACK_MARGIN,gcd,floorplan,floorplan,weak,5,W,0.10242336615093972,0.040549885664986865,power_total_w,True
SETUP_SLACK_MARGIN,gcd,place,floorplan,insensitive,4,I,-0.07489199475707825,-0.03386387837397329,wns_ns,False
SETUP_SLACK_MARGIN,gcd,route,floorplan,moderate,6,M,-0.19438142753804658,-0.06521121549886304,wns_ns,True
SETUP_SLACK_MARGIN,gcd,synth,floorplan,wrong_stage,0,WS,-0.04037666719015759,-0.03901003891418402,cell_count,False
SETUP_SLACK_MARGIN,jpeg,cts,floorplan,moderate,6,M,0.229071185727873,0.18369867677576882,fmax_mhz,True
SETUP_SLACK_MARGIN,jpeg,finish,floorplan,moderate,6,M,-0.2866783985740874,-0.2995460984798728,utilization_pct,True
SETUP_SLACK_MARGIN,jpeg,floorplan,floorplan,moderate,6,M,0.22395753696846013,0.20414925662508285,wns_ns,True
SETUP_SLACK_MARGIN,jpeg,place,floorplan,weak,5,W,0.14386129184661592,0.02287839273523343,tns_ns,True
SETUP_SLACK_MARGIN,jpeg,route,floorplan,moderate,6,M,-0.2866783985740874,-0.2995460984798728,utilization_pct,True
SETUP_SLACK_MARGIN,jpeg,synth,floorplan,wrong_stage,0,WS,0.09930962701496873,0.10103720022817828,cell_count,False
SKIP_GATE_CLONING,gcd,cts,place,param_flat,3,PF,,,wns_ns,False
SKIP_GATE_CLONING,gcd,finish,place,param_flat,3,PF,,,wns_ns,False
SKIP_GATE_CLONING,gcd,floorplan,place,wrong_stage,0,WS,,,wns_ns,False
SKIP_GATE_CLONING,gcd,place,place,param_flat,3,PF,,,wns_ns,False
SKIP_GATE_CLONING,gcd,route,place,param_flat,3,PF,,,wns_ns,False
SKIP_GATE_CLONING,gcd,synth,place,wrong_stage,0,WS,,,cell_count,False
SKIP_PIN_SWAP,gcd,cts,place,param_flat,3,PF,,,wns_ns,False
SKIP_PIN_SWAP,gcd,finish,place,param_flat,3,PF,,,wns_ns,False
SKIP_PIN_SWAP,gcd,floorplan,place,wrong_stage,0,WS,,,wns_ns,False
SKIP_PIN_SWAP,gcd,place,place,param_flat,3,PF,,,wns_ns,False
SKIP_PIN_SWAP,gcd,route,place,param_flat,3,PF,,,wns_ns,False
SKIP_PIN_SWAP,gcd,synth,place,wrong_stage,0,WS,,,cell_count,False
SKIP_VT_SWAP,gcd,cts,place,param_flat,3,PF,,,wns_ns,False
SKIP_VT_SWAP,gcd,finish,place,param_flat,3,PF,,,wns_ns,False
SKIP_VT_SWAP,gcd,floorplan,place,wrong_stage,0,WS,,,wns_ns,False
SKIP_VT_SWAP,gcd,place,place,param_flat,3,PF,,,wns_ns,False
SKIP_VT_SWAP,gcd,route,place,param_flat,3,PF,,,wns_ns,False
SKIP_VT_SWAP,gcd,synth,place,wrong_stage,0,WS,,,cell_count,False
SWAP_ARITH_OPERATORS,aes,cts,synth,param_flat,3,PF,,,wns_ns,False
SWAP_ARITH_OPERATORS,aes,finish,synth,param_flat,3,PF,,,wns_ns,False
SWAP_ARITH_OPERATORS,aes,floorplan,synth,param_flat,3,PF,,,wns_ns,False
SWAP_ARITH_OPERATORS,aes,place,synth,param_flat,3,PF,,,wns_ns,False
SWAP_ARITH_OPERATORS,aes,route,synth,param_flat,3,PF,,,wns_ns,False
SWAP_ARITH_OPERATORS,aes,synth,synth,param_flat,3,PF,,,cell_count,False
SWAP_ARITH_OPERATORS,gcd,cts,synth,param_flat,3,PF,,,wns_ns,False
SWAP_ARITH_OPERATORS,gcd,finish,synth,param_flat,3,PF,,,wns_ns,False
SWAP_ARITH_OPERATORS,gcd,floorplan,synth,param_flat,3,PF,,,wns_ns,False
SWAP_ARITH_OPERATORS,gcd,place,synth,param_flat,3,PF,,,wns_ns,False
SWAP_ARITH_OPERATORS,gcd,route,synth,param_flat,3,PF,,,wns_ns,False
SWAP_ARITH_OPERATORS,gcd,synth,synth,param_flat,3,PF,,,cell_count,False
SYNTH_HIERARCHICAL,aes,cts,synth,param_flat,3,PF,,,wns_ns,False
SYNTH_HIERARCHICAL,aes,finish,synth,param_flat,3,PF,,,wns_ns,False
SYNTH_HIERARCHICAL,aes,floorplan,synth,param_flat,3,PF,,,wns_ns,False
SYNTH_HIERARCHICAL,aes,place,synth,param_flat,3,PF,,,wns_ns,False
SYNTH_HIERARCHICAL,aes,route,synth,param_flat,3,PF,,,wns_ns,False
SYNTH_HIERARCHICAL,aes,synth,synth,param_flat,3,PF,,,cell_count,False
SYNTH_HIERARCHICAL,gcd,cts,synth,param_flat,3,PF,,,wns_ns,False
SYNTH_HIERARCHICAL,gcd,finish,synth,param_flat,3,PF,,,wns_ns,False
SYNTH_HIERARCHICAL,gcd,floorplan,synth,param_flat,3,PF,,,wns_ns,False
SYNTH_HIERARCHICAL,gcd,place,synth,param_flat,3,PF,,,wns_ns,False
SYNTH_HIERARCHICAL,gcd,route,synth,param_flat,3,PF,,,wns_ns,False
SYNTH_HIERARCHICAL,gcd,synth,synth,param_flat,3,PF,,,cell_count,False
SYNTH_HIERARCHICAL,jpeg,cts,synth,param_flat,3,PF,,,wns_ns,False
SYNTH_HIERARCHICAL,jpeg,finish,synth,param_flat,3,PF,,,wns_ns,False
SYNTH_HIERARCHICAL,jpeg,floorplan,synth,param_flat,3,PF,,,wns_ns,False
SYNTH_HIERARCHICAL,jpeg,place,synth,param_flat,3,PF,,,wns_ns,False
SYNTH_HIERARCHICAL,jpeg,route,synth,param_flat,3,PF,,,wns_ns,False
SYNTH_HIERARCHICAL,jpeg,synth,synth,param_flat,3,PF,,,cell_count,False
TNS_END_PERCENT,aes,cts,floorplan,strong,7,S,-0.32262435820069535,-0.4011788326358327,fmax_mhz,True
TNS_END_PERCENT,aes,finish,floorplan,strong,7,S,-0.4228682178151144,-0.34441230224505653,drc_violations,True
TNS_END_PERCENT,aes,floorplan,floorplan,strong,7,S,-0.4073170370286804,-0.3160722072022416,fmax_mhz,True
TNS_END_PERCENT,aes,place,floorplan,moderate,6,M,0.2866731550191807,0.0321027097471501,wns_ns,True
TNS_END_PERCENT,aes,route,floorplan,strong,7,S,-0.49477685703448454,-0.522856764720085,fmax_mhz,True
TNS_END_PERCENT,aes,synth,floorplan,wrong_stage,0,WS,-0.21529557620454223,-0.23703749265844434,cell_count,False
TNS_END_PERCENT,gcd,cts,floorplan,moderate,6,M,0.2869710776726022,0.28147633306775244,tns_ns,True
TNS_END_PERCENT,gcd,finish,floorplan,strong,7,S,0.4450762518514642,0.38991723979436954,utilization_pct,True
TNS_END_PERCENT,gcd,floorplan,floorplan,moderate,6,M,0.17883693580570872,0.13277861874853397,tns_ns,True
TNS_END_PERCENT,gcd,place,floorplan,strong,7,S,0.41097171927993864,0.2690778139264836,tns_ns,True
TNS_END_PERCENT,gcd,route,floorplan,strong,7,S,0.4449228510591971,0.38964312903194337,utilization_pct,True
TNS_END_PERCENT,gcd,synth,floorplan,wrong_stage,0,WS,0.12030191732444627,0.11223958302228167,cell_count,False
TNS_END_PERCENT,jpeg,cts,floorplan,moderate,6,M,0.2874340862731706,0.2382451949780754,fmax_mhz,True
TNS_END_PERCENT,jpeg,finish,floorplan,moderate,6,M,-0.16356742890500756,0.08348255753180044,drc_violations,True
TNS_END_PERCENT,jpeg,floorplan,floorplan,moderate,6,M,0.2513275312075436,0.19720282666403838,wns_ns,True
TNS_END_PERCENT,jpeg,place,floorplan,moderate,6,M,0.24146386968346553,0.18690538056116107,wns_ns,True
TNS_END_PERCENT,jpeg,route,floorplan,strong,7,S,0.32770662955200547,0.2689450685437647,fmax_mhz,True
TNS_END_PERCENT,jpeg,synth,floorplan,wrong_stage,0,WS,-0.037129597290744554,-0.04855924513781966,seq_area_pct,False
