metric_key,source_file,flow_stage,flow_stage_number,checkpoint_stage,metric_category,missing_fraction,n_trajectories_present,n_unique,n_numeric,dtype,min,max,mean,currently_extracted
clock_period,clock_period.txt,unknown,-1,,clock_period,0.0,1000,51,1000,float,0.1,0.62,0.37300000000000005,False
param:CELL_PAD_IN_SITES_DETAIL_PLACEMENT,trajectories.json,configuration,0,all,configuration,0.0,1000,1,1000,float,0.0,0.0,0.0,False
param:CELL_PAD_IN_SITES_GLOBAL_PLACEMENT,trajectories.json,configuration,0,all,configuration,0.0,1000,1,1000,float,0.0,0.0,0.0,False
param:CLK_PERIOD,trajectories.json,configuration,0,all,configuration,0.0,1000,51,1000,float,0.1,0.62,0.37241,True
param:CORE_ASPECT_RATIO,trajectories.json,configuration,0,all,configuration,0.0,1000,11,1000,float,0.5,2.0,1.0008,True
param:CORE_UTILIZATION,trajectories.json,configuration,0,all,configuration,0.0,1000,32,1000,float,35.0,90.0,45.02,True
param:CTS_CLUSTER_SIZE,trajectories.json,configuration,0,all,configuration,0.0,1000,8,1000,float,30.0,200.0,50.3,False
param:PLACE_DENSITY_LB_ADDON,trajectories.json,configuration,0,all,configuration,0.0,1000,14,1000,float,0.05,0.4,0.20022000000000004,False
param:TNS_END_PERCENT,trajectories.json,configuration,0,all,configuration,0.0,1000,5,1000,float,10.0,100.0,99.77,False
synth__design__core__area,1_synth.json,synth,1,,synthesis,0.0,1000,1,1000,float,0.0,0.0,0.0,True
synth__design__die__area,1_synth.json,synth,1,,synthesis,0.0,1000,1,1000,float,0.0,0.0,0.0,False
synth__design__instance__area,1_synth.json,synth,1,,synthesis,0.0,1000,1,1000,float,626.696,626.696,626.696,False
synth__design__instance__area__cover,1_synth.json,synth,1,,synthesis,0.0,1000,1,1000,float,0.0,0.0,0.0,False
synth__design__instance__area__macros,1_synth.json,synth,1,,synthesis,0.0,1000,1,1000,float,0.0,0.0,0.0,False
synth__design__instance__area__padcells,1_synth.json,synth,1,,synthesis,0.0,1000,1,1000,float,0.0,0.0,0.0,False
synth__design__instance__area__stdcell,1_synth.json,synth,1,,synthesis,0.0,1000,1,1000,float,626.696,626.696,626.696,True
synth__design__instance__count,1_synth.json,synth,1,,synthesis,0.0,1000,1,1000,float,513.0,513.0,513.0,False
synth__design__instance__count__cover,1_synth.json,synth,1,,synthesis,0.0,1000,1,1000,float,0.0,0.0,0.0,False
synth__design__instance__count__macros,1_synth.json,synth,1,,synthesis,0.0,1000,1,1000,float,0.0,0.0,0.0,False
synth__design__instance__count__padcells,1_synth.json,synth,1,,synthesis,0.0,1000,1,1000,float,0.0,0.0,0.0,False
synth__design__instance__count__stdcell,1_synth.json,synth,1,,synthesis,0.0,1000,1,1000,float,513.0,513.0,513.0,False
synth__design__io,1_synth.json,synth,1,,synthesis,0.0,1000,1,1000,float,54.0,54.0,54.0,False
synth__design__nets,1_synth.json,synth,1,,synthesis,0.0,1000,1,1000,float,584.0,584.0,584.0,False
synth__design__rows,1_synth.json,synth,1,,synthesis,0.0,1000,1,1000,float,0.0,0.0,0.0,False
synth__design__sites,1_synth.json,synth,1,,synthesis,0.0,1000,1,1000,float,0.0,0.0,0.0,False
synth__flow__errors__count,1_synth.json,synth,1,,synthesis,0.0,1000,1,1000,float,0.0,0.0,0.0,False
synth__flow__warnings__count,1_synth.json,synth,1,,synthesis,0.0,1000,1,1000,float,0.0,0.0,0.0,False
synth__flow__warnings__type_count,1_synth.json,synth,1,,synthesis,0.0,1000,1,1000,float,0.0,0.0,0.0,False
floorplan__design__core__area,2_1_floorplan.json,floorplan,2,floorplan,floorplan,0.0,1000,9,1000,float,1064.0,1113.48,1076.9798500000002,True
floorplan__design__die__area,2_1_floorplan.json,floorplan,2,floorplan,floorplan,0.0,1000,10,1000,float,1278.42,1286.77,1278.4504299999996,False
floorplan__design__instance__area,2_1_floorplan.json,floorplan,2,floorplan,floorplan,0.0,1000,15,1000,float,626.696,706.762,665.0529340000002,False
floorplan__design__instance__area__cover,2_1_floorplan.json,floorplan,2,floorplan,floorplan,0.0,1000,1,1000,float,0.0,0.0,0.0,False
floorplan__design__instance__area__macros,2_1_floorplan.json,floorplan,2,floorplan,floorplan,0.0,1000,1,1000,float,0.0,0.0,0.0,False
floorplan__design__instance__area__padcells,2_1_floorplan.json,floorplan,2,floorplan,floorplan,0.0,1000,1,1000,float,0.0,0.0,0.0,False
floorplan__design__instance__area__stdcell,2_1_floorplan.json,floorplan,2,floorplan,floorplan,0.0,1000,15,1000,float,626.696,706.762,665.0529340000002,True
floorplan__design__instance__count,2_1_floorplan.json,floorplan,2,floorplan,floorplan,0.0,1000,1,1000,float,513.0,513.0,513.0,False
floorplan__design__instance__count__cover,2_1_floorplan.json,floorplan,2,floorplan,floorplan,0.0,1000,1,1000,float,0.0,0.0,0.0,False
floorplan__design__instance__count__macros,2_1_floorplan.json,floorplan,2,floorplan,floorplan,0.0,1000,1,1000,float,0.0,0.0,0.0,False
floorplan__design__instance__count__padcells,2_1_floorplan.json,floorplan,2,floorplan,floorplan,0.0,1000,1,1000,float,0.0,0.0,0.0,False
floorplan__design__instance__count__setup_buffer,2_1_floorplan.json,floorplan,2,floorplan,floorplan,0.0,1000,1,1000,float,0.0,0.0,0.0,False
floorplan__design__instance__count__stdcell,2_1_floorplan.json,floorplan,2,floorplan,floorplan,0.0,1000,1,1000,float,513.0,513.0,513.0,False
floorplan__design__instance__utilization,2_1_floorplan.json,floorplan,2,floorplan,floorplan,0.0,1000,23,1000,float,0.582016,0.656374,0.617516571,True
floorplan__design__instance__utilization__stdcell,2_1_floorplan.json,floorplan,2,floorplan,floorplan,0.0,1000,23,1000,float,0.582016,0.656374,0.617516571,False
floorplan__design__io,2_1_floorplan.json,floorplan,2,floorplan,floorplan,0.0,1000,1,1000,float,54.0,54.0,54.0,False
floorplan__design__nets,2_1_floorplan.json,floorplan,2,floorplan,floorplan,0.0,1000,1,1000,float,584.0,584.0,584.0,False
floorplan__design__rows,2_1_floorplan.json,floorplan,2,floorplan,floorplan,0.0,1000,9,1000,float,16.0,33.0,23.012,False
floorplan__design__rows:FreePDK45_38x28_10R_NP_162NW_34O,2_1_floorplan.json,floorplan,2,floorplan,floorplan,0.0,1000,9,1000,float,16.0,33.0,23.012,False
floorplan__design__sites,2_1_floorplan.json,floorplan,2,floorplan,floorplan,0.0,1000,9,1000,float,4000.0,4186.0,4048.789,False
floorplan__design__sites:FreePDK45_38x28_10R_NP_162NW_34O,2_1_floorplan.json,floorplan,2,floorplan,floorplan,0.0,1000,9,1000,float,4000.0,4186.0,4048.789,False
floorplan__flow__errors__count,2_1_floorplan.json,floorplan,2,floorplan,floorplan,0.0,1000,1,1000,float,0.0,0.0,0.0,False
floorplan__flow__warnings__count,2_1_floorplan.json,floorplan,2,floorplan,floorplan,0.0,1000,2,1000,float,2.0,3.0,2.574,False
floorplan__flow__warnings__count:EST-0027,2_1_floorplan.json,floorplan,2,floorplan,floorplan,0.0,1000,1,1000,float,1.0,1.0,1.0,False
floorplan__flow__warnings__count:IFP-0028,2_1_floorplan.json,floorplan,2,floorplan,floorplan,0.0,1000,1,1000,float,1.0,1.0,1.0,False
floorplan__flow__warnings__count:RSZ-0062,2_1_floorplan.json,floorplan,2,floorplan,floorplan,0.42600000000000005,574,1,574,float,1.0,1.0,1.0,False
floorplan__flow__warnings__type_count,2_1_floorplan.json,floorplan,2,floorplan,floorplan,0.0,1000,2,1000,float,2.0,3.0,2.574,False
floorplan__power__internal__total,2_1_floorplan.json,floorplan,2,floorplan,floorplan,0.0,1000,54,1000,float,0.000833476,0.00582156,0.001782369883,False
floorplan__power__leakage__total,2_1_floorplan.json,floorplan,2,floorplan,floorplan,0.0,1000,16,1000,float,1.47246e-05,1.81589e-05,1.6345756500000003e-05,False
floorplan__power__switching__total,2_1_floorplan.json,floorplan,2,floorplan,floorplan,0.0,1000,54,1000,float,0.000575028,0.00422426,0.001275703547,False
floorplan__power__total,2_1_floorplan.json,floorplan,2,floorplan,floorplan,0.0,1000,54,1000,float,0.00142323,0.010064,0.00307442044,True
floorplan__timing__fmax,2_1_floorplan.json,floorplan,2,floorplan,floorplan,0.0,1000,6,1000,float,2439610000.0,2469040000.0,2455418380.0,True
floorplan__timing__fmax__clock:core_clock,2_1_floorplan.json,floorplan,2,floorplan,floorplan,0.0,1000,6,1000,float,2439610000.0,2469040000.0,2455418380.0,False
floorplan__timing__hold__tns,2_1_floorplan.json,floorplan,2,floorplan,floorplan,0.0,1000,1,1000,float,0.0,0.0,0.0,False
floorplan__timing__hold__ws,2_1_floorplan.json,floorplan,2,floorplan,floorplan,0.0,1000,32,1000,float,0.0389655,0.105824,0.08663675039999998,False
floorplan__timing__setup__tns,2_1_floorplan.json,floorplan,2,floorplan,floorplan,0.0,1000,33,1000,float,-13.2696,0.0,-3.0937844077,True
floorplan__timing__setup__ws,2_1_floorplan.json,floorplan,2,floorplan,floorplan,0.0,1000,54,1000,float,-0.305306,0.183543,-0.037923036417,False
run__flow__platform__capacitance_units,2_1_floorplan.json,floorplan,2,floorplan,run,0.0,1000,1,0,mixed,,,,False
run__flow__platform__current_units,2_1_floorplan.json,floorplan,2,floorplan,run,0.0,1000,1,0,mixed,,,,False
run__flow__platform__distance_units,2_1_floorplan.json,floorplan,2,floorplan,run,0.0,1000,1,0,mixed,,,,False
run__flow__platform__power_units,2_1_floorplan.json,floorplan,2,floorplan,run,0.0,1000,1,0,mixed,,,,False
run__flow__platform__resistance_units,2_1_floorplan.json,floorplan,2,floorplan,run,0.0,1000,1,0,mixed,,,,False
run__flow__platform__time_units,2_1_floorplan.json,floorplan,2,floorplan,run,0.0,1000,1,0,mixed,,,,False
run__flow__platform__voltage_units,2_1_floorplan.json,floorplan,2,floorplan,run,0.0,1000,1,0,mixed,,,,False
flow__errors__count,2_2_floorplan_macro.json,floorplan_macro,2,,flow,0.0,1000,1,1000,float,0.0,0.0,0.0,False
flow__warnings__count,2_2_floorplan_macro.json,floorplan_macro,2,,flow,0.0,1000,1,1000,float,0.0,0.0,0.0,False
flow__warnings__type_count,2_2_floorplan_macro.json,floorplan_macro,2,,flow,0.0,1000,1,1000,float,0.0,0.0,0.0,False
flow__errors__count,2_3_floorplan_tapcell.json,floorplan_tapcell,2,,flow,0.0,1000,1,1000,float,0.0,0.0,0.0,False
flow__warnings__count,2_3_floorplan_tapcell.json,floorplan_tapcell,2,,flow,0.0,1000,1,1000,float,0.0,0.0,0.0,False
flow__warnings__type_count,2_3_floorplan_tapcell.json,floorplan_tapcell,2,,flow,0.0,1000,1,1000,float,0.0,0.0,0.0,False
flow__errors__count,2_4_floorplan_pdn.json,floorplan_pdn,2,,flow,0.0,1000,1,1000,float,0.0,0.0,0.0,False
flow__warnings__count,2_4_floorplan_pdn.json,floorplan_pdn,2,,flow,0.0,1000,1,1000,float,0.0,0.0,0.0,False
flow__warnings__type_count,2_4_floorplan_pdn.json,floorplan_pdn,2,,flow,0.0,1000,1,1000,float,0.0,0.0,0.0,False
flow__errors__count,3_1_place_gp_skip_io.json,place_gp_skip_io,3,,flow,0.0,1000,1,1000,float,0.0,0.0,0.0,False
flow__warnings__count,3_1_place_gp_skip_io.json,place_gp_skip_io,3,,flow,0.0,1000,2,1000,float,0.0,1.0,0.553,False
flow__warnings__count:GPL-0302,3_1_place_gp_skip_io.json,place_gp_skip_io,3,,flow,0.44699999999999995,553,1,553,float,1.0,1.0,1.0,False
flow__warnings__type_count,3_1_place_gp_skip_io.json,place_gp_skip_io,3,,flow,0.0,1000,2,1000,float,0.0,1.0,0.553,False
gpl__area__final,3_1_place_gp_skip_io.json,place_gp_skip_io,3,,gpl,0.0,1000,15,1000,float,723.145,781.909,750.1343130000001,False
gpl__area__final__percent,3_1_place_gp_skip_io.json,place_gp_skip_io,3,,gpl,0.0,1000,1,1000,float,0.0,0.0,0.0,False
gpl__convergence__iteration,3_1_place_gp_skip_io.json,place_gp_skip_io,3,,gpl,0.0,1000,12,1000,float,357.0,391.0,360.768,False
route__wirelength__estimated,3_1_place_gp_skip_io.json,place_gp_skip_io,3,,routing,0.0,1000,39,1000,float,2306.67,2718.62,2391.0463099999997,False
design__io__hpwl,3_2_place_iop.json,place_iop,3,,design,0.0,1000,41,1000,float,1069342.0,1308290.0,1145897.464,False
floorplan__design__io,3_2_place_iop.json,place_iop,3,,floorplan,0.0,1000,1,1000,float,54.0,54.0,54.0,False
flow__errors__count,3_2_place_iop.json,place_iop,3,,flow,0.0,1000,1,1000,float,0.0,0.0,0.0,False
flow__warnings__count,3_2_place_iop.json,place_iop,3,,flow,0.0,1000,1,1000,float,0.0,0.0,0.0,False
flow__warnings__type_count,3_2_place_iop.json,place_iop,3,,flow,0.0,1000,1,1000,float,0.0,0.0,0.0,False
globalplace__design__core__area,3_3_place_gp.json,place_gp,3,placement_aux,placement,0.0,1000,9,1000,float,1064.0,1113.48,1076.9798500000002,True
globalplace__design__die__area,3_3_place_gp.json,place_gp,3,placement_aux,placement,0.0,1000,10,1000,float,1278.42,1286.77,1278.4504299999996,False
globalplace__design__instance__area,3_3_place_gp.json,place_gp,3,placement_aux,placement,0.0,1000,60,1000,float,665.0,854.924,755.274016,False
globalplace__design__instance__area__cover,3_3_place_gp.json,place_gp,3,placement_aux,placement,0.0,1000,1,1000,float,0.0,0.0,0.0,False
globalplace__design__instance__area__macros,3_3_place_gp.json,place_gp,3,placement_aux,placement,0.0,1000,1,1000,float,0.0,0.0,0.0,False
globalplace__design__instance__area__padcells,3_3_place_gp.json,place_gp,3,placement_aux,placement,0.0,1000,1,1000,float,0.0,0.0,0.0,False
globalplace__design__instance__area__stdcell,3_3_place_gp.json,place_gp,3,placement_aux,placement,0.0,1000,60,1000,float,665.0,854.924,755.274016,True
globalplace__design__instance__count,3_3_place_gp.json,place_gp,3,placement_aux,placement,0.0,1000,39,1000,float,600.0,746.0,662.717,False
globalplace__design__instance__count__cover,3_3_place_gp.json,place_gp,3,placement_aux,placement,0.0,1000,1,1000,float,0.0,0.0,0.0,False
globalplace__design__instance__count__macros,3_3_place_gp.json,place_gp,3,placement_aux,placement,0.0,1000,1,1000,float,0.0,0.0,0.0,False
globalplace__design__instance__count__padcells,3_3_place_gp.json,place_gp,3,placement_aux,placement,0.0,1000,1,1000,float,0.0,0.0,0.0,False
globalplace__design__instance__count__stdcell,3_3_place_gp.json,place_gp,3,placement_aux,placement,0.0,1000,39,1000,float,600.0,746.0,662.717,False
globalplace__design__instance__utilization,3_3_place_gp.json,place_gp,3,placement_aux,placement,0.0,1000,60,1000,float,0.617589,0.785435,0.701281716,True
globalplace__design__instance__utilization__stdcell,3_3_place_gp.json,place_gp,3,placement_aux,placement,0.0,1000,60,1000,float,0.617589,0.785435,0.701281716,False
globalplace__design__io,3_3_place_gp.json,place_gp,3,placement_aux,placement,0.0,1000,1,1000,float,54.0,54.0,54.0,False
globalplace__design__nets,3_3_place_gp.json,place_gp,3,placement_aux,placement,0.0,1000,38,1000,float,627.0,754.0,689.693,False
globalplace__design__rows,3_3_place_gp.json,place_gp,3,placement_aux,placement,0.0,1000,9,1000,float,16.0,33.0,23.012,False
globalplace__design__rows:FreePDK45_38x28_10R_NP_162NW_34O,3_3_place_gp.json,place_gp,3,placement_aux,placement,0.0,1000,9,1000,float,16.0,33.0,23.012,False
globalplace__design__sites,3_3_place_gp.json,place_gp,3,placement_aux,placement,0.0,1000,9,1000,float,4000.0,4186.0,4048.789,False
globalplace__design__sites:FreePDK45_38x28_10R_NP_162NW_34O,3_3_place_gp.json,place_gp,3,placement_aux,placement,0.0,1000,9,1000,float,4000.0,4186.0,4048.789,False
globalplace__flow__errors__count,3_3_place_gp.json,place_gp,3,placement_aux,placement,0.0,1000,1,1000,float,0.0,0.0,0.0,False
globalplace__flow__warnings__count,3_3_place_gp.json,place_gp,3,placement_aux,placement,0.0,1000,1,1000,float,1.0,1.0,1.0,False
globalplace__flow__warnings__count:GPL-0302,3_3_place_gp.json,place_gp,3,placement_aux,placement,0.0,1000,1,1000,float,1.0,1.0,1.0,False
globalplace__flow__warnings__type_count,3_3_place_gp.json,place_gp,3,placement_aux,placement,0.0,1000,1,1000,float,1.0,1.0,1.0,False
globalplace__gpl__area__final,3_3_place_gp.json,place_gp,3,placement_aux,placement,0.0,1000,60,1000,float,749.12,910.034,826.966168,False
globalplace__gpl__area__final__percent,3_3_place_gp.json,place_gp,3,placement_aux,placement,0.0,1000,60,1000,float,0.356349,15.0293,7.652651806,False
globalplace__gpl__area__original,3_3_place_gp.json,place_gp,3,placement_aux,placement,0.0,1000,13,1000,float,746.46,791.132,767.227622,False
globalplace__gpl__area__routability_inflation,3_3_place_gp.json,place_gp,3,placement_aux,placement,0.0,1000,1,1000,float,0.0,0.0,0.0,False
globalplace__gpl__area__routability_inflation__percent,3_3_place_gp.json,place_gp,3,placement_aux,placement,0.0,1000,1,1000,float,0.0,0.0,0.0,False
globalplace__gpl__area__timing_delta,3_3_place_gp.json,place_gp,3,placement_aux,placement,0.0,1000,51,1000,float,2.66,118.902,59.73854599999999,False
globalplace__gpl__area__timing_delta__percent,3_3_place_gp.json,place_gp,3,placement_aux,placement,0.0,1000,60,1000,float,0.356349,15.0293,7.652651806,False
globalplace__gpl__convergence__iteration,3_3_place_gp.json,place_gp,3,placement_aux,placement,0.0,1000,16,1000,float,366.0,394.0,373.894,False
globalplace__gpl__routability__congestion,3_3_place_gp.json,place_gp,3,placement_aux,placement,0.0,1000,73,1000,float,0.669555,0.749578,0.708224218,True
globalplace__gpl__routability__iteration,3_3_place_gp.json,place_gp,3,placement_aux,placement,0.0,1000,14,1000,float,61.0,74.0,68.401,False
globalplace__power__internal__total,3_3_place_gp.json,place_gp,3,placement_aux,placement,0.0,1000,74,1000,float,0.000880659,0.0072581,0.002091483925,False
globalplace__power__leakage__total,3_3_place_gp.json,place_gp,3,placement_aux,placement,0.0,1000,65,1000,float,1.52173e-05,2.16594e-05,1.83495337e-05,False
globalplace__power__switching__total,3_3_place_gp.json,place_gp,3,placement_aux,placement,0.0,1000,74,1000,float,0.000678072,0.00525155,0.0015570253229999999,False
globalplace__power__total,3_3_place_gp.json,place_gp,3,placement_aux,placement,0.0,1000,74,1000,float,0.00157395,0.0125311,0.00366685992,True
globalplace__route__wirelength__estimated,3_3_place_gp.json,place_gp,3,placement_aux,placement,0.0,1000,73,1000,float,2669.4,3304.4,2806.7989,True
globalplace__timing__fmax,3_3_place_gp.json,place_gp,3,placement_aux,placement,0.0,1000,73,1000,float,2195300000.0,2532170000.0,2389985380.0,True
globalplace__timing__fmax__clock:core_clock,3_3_place_gp.json,place_gp,3,placement_aux,placement,0.0,1000,73,1000,float,2195300000.0,2532170000.0,2389985380.0,False
globalplace__timing__hold__tns,3_3_place_gp.json,place_gp,3,placement_aux,placement,0.0,1000,1,1000,float,0.0,0.0,0.0,False
globalplace__timing__hold__ws,3_3_place_gp.json,place_gp,3,placement_aux,placement,0.0,1000,71,1000,float,0.062744,0.107629,0.0995402757,False
globalplace__timing__setup__tns,3_3_place_gp.json,place_gp,3,placement_aux,placement,0.0,1000,55,1000,float,-14.255,0.0,-3.4392645192999995,True
globalplace__timing__setup__ws,3_3_place_gp.json,place_gp,3,placement_aux,placement,0.0,1000,74,1000,float,-0.299453,0.145535,-0.05148348002,False
placeopt__design__core__area,3_4_place_resized.json,place_resized,3,,placeopt,0.0,1000,9,1000,float,1064.0,1113.48,1076.9798500000002,True
placeopt__design__die__area,3_4_place_resized.json,place_resized,3,,placeopt,0.0,1000,10,1000,float,1278.42,1286.77,1278.4504299999996,False
placeopt__design__instance__area,3_4_place_resized.json,place_resized,3,,placeopt,0.0,1000,60,1000,float,665.0,854.924,755.274016,False
placeopt__design__instance__area__cover,3_4_place_resized.json,place_resized,3,,placeopt,0.0,1000,1,1000,float,0.0,0.0,0.0,False
placeopt__design__instance__area__macros,3_4_place_resized.json,place_resized,3,,placeopt,0.0,1000,1,1000,float,0.0,0.0,0.0,False
placeopt__design__instance__area__padcells,3_4_place_resized.json,place_resized,3,,placeopt,0.0,1000,1,1000,float,0.0,0.0,0.0,False
placeopt__design__instance__area__stdcell,3_4_place_resized.json,place_resized,3,,placeopt,0.0,1000,60,1000,float,665.0,854.924,755.274016,True
placeopt__design__instance__count,3_4_place_resized.json,place_resized,3,,placeopt,0.0,1000,39,1000,float,600.0,746.0,662.717,False
placeopt__design__instance__count__cover,3_4_place_resized.json,place_resized,3,,placeopt,0.0,1000,1,1000,float,0.0,0.0,0.0,False
placeopt__design__instance__count__macros,3_4_place_resized.json,place_resized,3,,placeopt,0.0,1000,1,1000,float,0.0,0.0,0.0,False
placeopt__design__instance__count__padcells,3_4_place_resized.json,place_resized,3,,placeopt,0.0,1000,1,1000,float,0.0,0.0,0.0,False
placeopt__design__instance__count__stdcell,3_4_place_resized.json,place_resized,3,,placeopt,0.0,1000,39,1000,float,600.0,746.0,662.717,False
placeopt__design__instance__utilization,3_4_place_resized.json,place_resized,3,,placeopt,0.0,1000,60,1000,float,0.617589,0.785435,0.701281716,True
placeopt__design__instance__utilization__stdcell,3_4_place_resized.json,place_resized,3,,placeopt,0.0,1000,60,1000,float,0.617589,0.785435,0.701281716,False
placeopt__design__io,3_4_place_resized.json,place_resized,3,,placeopt,0.0,1000,1,1000,float,54.0,54.0,54.0,False
placeopt__design__nets,3_4_place_resized.json,place_resized,3,,placeopt,0.0,1000,38,1000,float,627.0,754.0,689.693,False
placeopt__design__rows,3_4_place_resized.json,place_resized,3,,placeopt,0.0,1000,9,1000,float,16.0,33.0,23.012,False
placeopt__design__rows:FreePDK45_38x28_10R_NP_162NW_34O,3_4_place_resized.json,place_resized,3,,placeopt,0.0,1000,9,1000,float,16.0,33.0,23.012,False
placeopt__design__sites,3_4_place_resized.json,place_resized,3,,placeopt,0.0,1000,9,1000,float,4000.0,4186.0,4048.789,False
placeopt__design__sites:FreePDK45_38x28_10R_NP_162NW_34O,3_4_place_resized.json,place_resized,3,,placeopt,0.0,1000,9,1000,float,4000.0,4186.0,4048.789,False
placeopt__flow__errors__count,3_4_place_resized.json,place_resized,3,,placeopt,0.0,1000,1,1000,float,0.0,0.0,0.0,False
placeopt__flow__warnings__count,3_4_place_resized.json,place_resized,3,,placeopt,0.0,1000,1,1000,float,0.0,0.0,0.0,False
placeopt__flow__warnings__type_count,3_4_place_resized.json,place_resized,3,,placeopt,0.0,1000,1,1000,float,0.0,0.0,0.0,False
placeopt__power__internal__total,3_4_place_resized.json,place_resized,3,,placeopt,0.0,1000,74,1000,float,0.000880659,0.0072581,0.002091483925,False
placeopt__power__leakage__total,3_4_place_resized.json,place_resized,3,,placeopt,0.0,1000,65,1000,float,1.52173e-05,2.16594e-05,1.83495337e-05,False
placeopt__power__switching__total,3_4_place_resized.json,place_resized,3,,placeopt,0.0,1000,74,1000,float,0.000678072,0.00525155,0.0015570253229999999,False
placeopt__power__total,3_4_place_resized.json,place_resized,3,,placeopt,0.0,1000,74,1000,float,0.00157395,0.0125311,0.00366685992,True
placeopt__timing__drv__floating__nets,3_4_place_resized.json,place_resized,3,,placeopt,0.0,1000,1,1000,float,0.0,0.0,0.0,False
placeopt__timing__drv__floating__pins,3_4_place_resized.json,place_resized,3,,placeopt,0.0,1000,1,1000,float,0.0,0.0,0.0,False
placeopt__timing__drv__hold_violation_count,3_4_place_resized.json,place_resized,3,,placeopt,0.0,1000,1,1000,float,0.0,0.0,0.0,False
placeopt__timing__drv__max_cap,3_4_place_resized.json,place_resized,3,,placeopt,0.0,1000,1,1000,float,0.0,0.0,0.0,False
placeopt__timing__drv__max_cap_limit,3_4_place_resized.json,place_resized,3,,placeopt,0.0,1000,73,1000,float,0.580408,0.806358,0.771436604,False
placeopt__timing__drv__max_fanout,3_4_place_resized.json,place_resized,3,,placeopt,0.0,1000,1,1000,float,0.0,0.0,0.0,False
placeopt__timing__drv__max_fanout_limit,3_4_place_resized.json,place_resized,3,,placeopt,0.0,1000,1,1000,float,0.0,0.0,0.0,False
placeopt__timing__drv__max_slew,3_4_place_resized.json,place_resized,3,,placeopt,0.0,1000,1,1000,float,0.0,0.0,0.0,False
placeopt__timing__drv__max_slew_limit,3_4_place_resized.json,place_resized,3,,placeopt,0.0,1000,73,1000,float,0.476995,0.771726,0.678493949,False
placeopt__timing__drv__setup_violation_count,3_4_place_resized.json,place_resized,3,,placeopt,0.0,1000,14,1000,float,0.0,53.0,29.091,False
placeopt__timing__fmax,3_4_place_resized.json,place_resized,3,,placeopt,0.0,1000,73,1000,float,2195300000.0,2532170000.0,2389985380.0,True
placeopt__timing__fmax__clock:core_clock,3_4_place_resized.json,place_resized,3,,placeopt,0.0,1000,73,1000,float,2195300000.0,2532170000.0,2389985380.0,False
placeopt__timing__hold__tns,3_4_place_resized.json,place_resized,3,,placeopt,0.0,1000,1,1000,float,0.0,0.0,0.0,False
placeopt__timing__hold__ws,3_4_place_resized.json,place_resized,3,,placeopt,0.0,1000,71,1000,float,0.062744,0.107629,0.0995402757,False
placeopt__timing__setup__tns,3_4_place_resized.json,place_resized,3,,placeopt,0.0,1000,55,1000,float,-14.255,0.0,-3.4392645192999995,True
placeopt__timing__setup__ws,3_4_place_resized.json,place_resized,3,,placeopt,0.0,1000,74,1000,float,-0.299453,0.145535,-0.05148348002,False
detailedplace__design__core__area,3_5_place_dp.json,place_dp,3,placement,placement,0.0,1000,9,1000,float,1064.0,1113.48,1076.9798500000002,True
detailedplace__design__die__area,3_5_place_dp.json,place_dp,3,placement,placement,0.0,1000,10,1000,float,1278.42,1286.77,1278.4504299999996,False
detailedplace__design__instance__area,3_5_place_dp.json,place_dp,3,placement,placement,0.0,1000,60,1000,float,665.0,854.924,755.274016,False
detailedplace__design__instance__area__cover,3_5_place_dp.json,place_dp,3,placement,placement,0.0,1000,1,1000,float,0.0,0.0,0.0,False
detailedplace__design__instance__area__macros,3_5_place_dp.json,place_dp,3,placement,placement,0.0,1000,1,1000,float,0.0,0.0,0.0,False
detailedplace__design__instance__area__padcells,3_5_place_dp.json,place_dp,3,placement,placement,0.0,1000,1,1000,float,0.0,0.0,0.0,False
detailedplace__design__instance__area__stdcell,3_5_place_dp.json,place_dp,3,placement,placement,0.0,1000,60,1000,float,665.0,854.924,755.274016,True
detailedplace__design__instance__count,3_5_place_dp.json,place_dp,3,placement,placement,0.0,1000,39,1000,float,600.0,746.0,662.717,False
detailedplace__design__instance__count__cover,3_5_place_dp.json,place_dp,3,placement,placement,0.0,1000,1,1000,float,0.0,0.0,0.0,False
detailedplace__design__instance__count__macros,3_5_place_dp.json,place_dp,3,placement,placement,0.0,1000,1,1000,float,0.0,0.0,0.0,False
detailedplace__design__instance__count__padcells,3_5_place_dp.json,place_dp,3,placement,placement,0.0,1000,1,1000,float,0.0,0.0,0.0,False
detailedplace__design__instance__count__stdcell,3_5_place_dp.json,place_dp,3,placement,placement,0.0,1000,39,1000,float,600.0,746.0,662.717,False
detailedplace__design__instance__displacement__max,3_5_place_dp.json,place_dp,3,placement,placement,0.0,1000,73,1000,float,3.681,7.465,4.946264499999999,False
detailedplace__design__instance__displacement__mean,3_5_place_dp.json,place_dp,3,placement,placement,0.0,1000,65,1000,float,1.2145,1.4695,1.285913,False
detailedplace__design__instance__displacement__total,3_5_place_dp.json,place_dp,3,placement,placement,0.0,1000,73,1000,float,735.048,1058.39,853.759019,False
detailedplace__design__instance__utilization,3_5_place_dp.json,place_dp,3,placement,placement,0.0,1000,60,1000,float,0.617589,0.785435,0.701281716,True
detailedplace__design__instance__utilization__stdcell,3_5_place_dp.json,place_dp,3,placement,placement,0.0,1000,60,1000,float,0.617589,0.785435,0.701281716,False
detailedplace__design__io,3_5_place_dp.json,place_dp,3,placement,placement,0.0,1000,1,1000,float,54.0,54.0,54.0,False
detailedplace__design__nets,3_5_place_dp.json,place_dp,3,placement,placement,0.0,1000,38,1000,float,627.0,754.0,689.693,False
detailedplace__design__rows,3_5_place_dp.json,place_dp,3,placement,placement,0.0,1000,9,1000,float,16.0,33.0,23.012,False
detailedplace__design__rows:FreePDK45_38x28_10R_NP_162NW_34O,3_5_place_dp.json,place_dp,3,placement,placement,0.0,1000,9,1000,float,16.0,33.0,23.012,False
detailedplace__design__sites,3_5_place_dp.json,place_dp,3,placement,placement,0.0,1000,9,1000,float,4000.0,4186.0,4048.789,False
detailedplace__design__sites:FreePDK45_38x28_10R_NP_162NW_34O,3_5_place_dp.json,place_dp,3,placement,placement,0.0,1000,9,1000,float,4000.0,4186.0,4048.789,False
detailedplace__design__violations,3_5_place_dp.json,place_dp,3,placement,placement,0.0,1000,1,1000,float,0.0,0.0,0.0,False
detailedplace__dpl__hpwl__delta,3_5_place_dp.json,place_dp,3,placement,placement,0.0,1000,73,1000,float,733257.0,1585810.0,1035683.68,False
detailedplace__dpl__hpwl__delta__percent,3_5_place_dp.json,place_dp,3,placement,placement,0.0,1000,15,1000,float,13.0,29.0,18.307,False
detailedplace__flow__errors__count,3_5_place_dp.json,place_dp,3,placement,placement,0.0,1000,1,1000,float,0.0,0.0,0.0,False
detailedplace__flow__warnings__count,3_5_place_dp.json,place_dp,3,placement,placement,0.0,1000,1,1000,float,0.0,0.0,0.0,False
detailedplace__flow__warnings__type_count,3_5_place_dp.json,place_dp,3,placement,placement,0.0,1000,1,1000,float,0.0,0.0,0.0,False
detailedplace__negotiation__converge__phase_1__iteration,3_5_place_dp.json,place_dp,3,placement,placement,0.0,1000,7,1000,float,1.0,8.0,2.673,False
detailedplace__power__internal__total,3_5_place_dp.json,place_dp,3,placement,placement,0.0,1000,74,1000,float,0.000880932,0.00725944,0.002091874255,False
detailedplace__power__leakage__total,3_5_place_dp.json,place_dp,3,placement,placement,0.0,1000,65,1000,float,1.52173e-05,2.16594e-05,1.83495337e-05,False
detailedplace__power__switching__total,3_5_place_dp.json,place_dp,3,placement,placement,0.0,1000,74,1000,float,0.000683473,0.00529644,0.001568760731,False
detailedplace__power__total,3_5_place_dp.json,place_dp,3,placement,placement,0.0,1000,74,1000,float,0.00157962,0.0125774,0.0036789845900000004,True
detailedplace__route__wirelength__estimated,3_5_place_dp.json,place_dp,3,placement,placement,0.0,1000,72,1000,float,3059.26,4010.95,3324.6411200000002,True
detailedplace__timing__drv__hold_violation_count,3_5_place_dp.json,place_dp,3,placement,placement,0.0,1000,1,1000,float,0.0,0.0,0.0,False
detailedplace__timing__drv__max_cap,3_5_place_dp.json,place_dp,3,placement,placement,0.0,1000,1,1000,float,0.0,0.0,0.0,False
detailedplace__timing__drv__max_cap_limit,3_5_place_dp.json,place_dp,3,placement,placement,0.0,1000,69,1000,float,0.599936,0.809625,0.77278063,False
detailedplace__timing__drv__max_fanout,3_5_place_dp.json,place_dp,3,placement,placement,0.0,1000,1,1000,float,0.0,0.0,0.0,False
detailedplace__timing__drv__max_fanout_limit,3_5_place_dp.json,place_dp,3,placement,placement,0.0,1000,1,1000,float,0.0,0.0,0.0,False
detailedplace__timing__drv__max_slew,3_5_place_dp.json,place_dp,3,placement,placement,0.0,1000,1,1000,float,0.0,0.0,0.0,False
detailedplace__timing__drv__max_slew_limit,3_5_place_dp.json,place_dp,3,placement,placement,0.0,1000,73,1000,float,0.479981,0.766702,0.678274363,False
detailedplace__timing__drv__setup_violation_count,3_5_place_dp.json,place_dp,3,placement,placement,0.0,1000,14,1000,float,0.0,53.0,29.414,False
detailedplace__timing__fmax,3_5_place_dp.json,place_dp,3,placement,placement,0.0,1000,73,1000,float,2193620000.0,2507460000.0,2379149560.0,True
detailedplace__timing__fmax__clock:core_clock,3_5_place_dp.json,place_dp,3,placement,placement,0.0,1000,73,1000,float,2193620000.0,2507460000.0,2379149560.0,False
detailedplace__timing__hold__tns,3_5_place_dp.json,place_dp,3,placement,placement,0.0,1000,1,1000,float,0.0,0.0,0.0,False
detailedplace__timing__hold__ws,3_5_place_dp.json,place_dp,3,placement,placement,0.0,1000,73,1000,float,0.0628012,0.108235,0.09997512170000002,False
detailedplace__timing__setup__tns,3_5_place_dp.json,place_dp,3,placement,placement,0.0,1000,55,1000,float,-14.3632,0.0,-3.5024972358699995,True
detailedplace__timing__setup__ws,3_5_place_dp.json,place_dp,3,placement,placement,0.0,1000,74,1000,float,-0.302057,0.140749,-0.054078607120000004,False
detailedplace__utilization__before__dpl,3_5_place_dp.json,place_dp,3,placement,placement,0.0,1000,60,1000,float,61.7589,78.5435,70.1281716,False
cts__clock__skew__hold,4_1_cts.json,cts,4,cts,cts,0.0,1000,73,1000,float,0.000231738,0.00374065,0.00114923333,False
cts__clock__skew__setup,4_1_cts.json,cts,4,cts,cts,0.0,1000,73,1000,float,0.000231738,0.00374065,0.00114923333,True
cts__design__core__area,4_1_cts.json,cts,4,cts,cts,0.0,1000,9,1000,float,1064.0,1113.48,1076.9798500000002,True
cts__design__die__area,4_1_cts.json,cts,4,cts,cts,0.0,1000,10,1000,float,1278.42,1286.77,1278.4504299999996,False
cts__design__instance__area,4_1_cts.json,cts,4,cts,cts,0.0,1000,65,1000,float,673.512,959.994,804.7018699999999,False
cts__design__instance__area__cover,4_1_cts.json,cts,4,cts,cts,0.0,1000,1,1000,float,0.0,0.0,0.0,False
cts__design__instance__area__macros,4_1_cts.json,cts,4,cts,cts,0.0,1000,1,1000,float,0.0,0.0,0.0,False
cts__design__instance__area__padcells,4_1_cts.json,cts,4,cts,cts,0.0,1000,1,1000,float,0.0,0.0,0.0,False
cts__design__instance__area__stdcell,4_1_cts.json,cts,4,cts,cts,0.0,1000,65,1000,float,673.512,959.994,804.7018699999999,True
cts__design__instance__count,4_1_cts.json,cts,4,cts,cts,0.0,1000,39,1000,float,608.0,763.0,675.636,False
cts__design__instance__count__cover,4_1_cts.json,cts,4,cts,cts,0.0,1000,1,1000,float,0.0,0.0,0.0,False
cts__design__instance__count__hold_buffer,4_1_cts.json,cts,4,cts,cts,0.0,1000,1,1000,float,0.0,0.0,0.0,False
cts__design__instance__count__macros,4_1_cts.json,cts,4,cts,cts,0.0,1000,1,1000,float,0.0,0.0,0.0,False
cts__design__instance__count__padcells,4_1_cts.json,cts,4,cts,cts,0.0,1000,1,1000,float,0.0,0.0,0.0,False
cts__design__instance__count__setup_buffer,4_1_cts.json,cts,4,cts,cts,0.0,1000,14,1000,float,0.0,13.0,4.477,False
cts__design__instance__count__stdcell,4_1_cts.json,cts,4,cts,cts,0.0,1000,39,1000,float,608.0,763.0,675.636,False
cts__design__instance__displacement__max,4_1_cts.json,cts,4,cts,cts,0.0,1000,39,1000,float,0.0,12.77,5.0190410000000005,False
cts__design__instance__displacement__mean,4_1_cts.json,cts,4,cts,cts,0.0,1000,56,1000,float,0.0,1.1565,0.26257349999999996,False
cts__design__instance__displacement__total,4_1_cts.json,cts,4,cts,cts,0.0,1000,56,1000,float,0.0,854.755,190.621125,False
cts__design__instance__utilization,4_1_cts.json,cts,4,cts,cts,0.0,1000,66,1000,float,0.625494,0.890563,0.747173884,True
cts__design__instance__utilization__stdcell,4_1_cts.json,cts,4,cts,cts,0.0,1000,66,1000,float,0.625494,0.890563,0.747173884,False
cts__design__io,4_1_cts.json,cts,4,cts,cts,0.0,1000,1,1000,float,54.0,54.0,54.0,False
cts__design__nets,4_1_cts.json,cts,4,cts,cts,0.0,1000,38,1000,float,632.0,767.0,699.842,False
cts__design__rows,4_1_cts.json,cts,4,cts,cts,0.0,1000,9,1000,float,16.0,33.0,23.012,False
cts__design__rows:FreePDK45_38x28_10R_NP_162NW_34O,4_1_cts.json,cts,4,cts,cts,0.0,1000,9,1000,float,16.0,33.0,23.012,False
cts__design__sites,4_1_cts.json,cts,4,cts,cts,0.0,1000,9,1000,float,4000.0,4186.0,4048.789,False
cts__design__sites:FreePDK45_38x28_10R_NP_162NW_34O,4_1_cts.json,cts,4,cts,cts,0.0,1000,9,1000,float,4000.0,4186.0,4048.789,False
cts__design__violations,4_1_cts.json,cts,4,cts,cts,0.0,1000,1,1000,float,0.0,0.0,0.0,False
cts__dpl__hpwl__delta,4_1_cts.json,cts,4,cts,cts,0.0,1000,56,1000,float,0.0,2109960.0,461727.489,False
cts__dpl__hpwl__delta__percent,4_1_cts.json,cts,4,cts,cts,0.0,1000,25,1000,float,0.0,30.0,6.808,False
cts__flow__errors__count,4_1_cts.json,cts,4,cts,cts,0.0,1000,1,1000,float,0.0,0.0,0.0,False
cts__flow__warnings__count,4_1_cts.json,cts,4,cts,cts,0.0,1000,2,1000,float,0.0,1.0,0.631,False
cts__flow__warnings__count:RSZ-0062,4_1_cts.json,cts,4,cts,cts,0.369,631,1,631,float,1.0,1.0,1.0,False
cts__flow__warnings__type_count,4_1_cts.json,cts,4,cts,cts,0.0,1000,2,1000,float,0.0,1.0,0.631,False
cts__negotiation__converge__phase_1__iteration,4_1_cts.json,cts,4,cts,cts,0.0,1000,22,1000,float,1.0,84.0,8.258,False
cts__power__internal__total,4_1_cts.json,cts,4,cts,cts,0.0,1000,74,1000,float,0.000979385,0.00886532,0.0024719182949999997,False
cts__power__leakage__total,4_1_cts.json,cts,4,cts,cts,0.0,1000,70,1000,float,1.54102e-05,2.61481e-05,2.0191270900000003e-05,False
cts__power__switching__total,4_1_cts.json,cts,4,cts,cts,0.0,1000,74,1000,float,0.000809115,0.00685445,0.0019878735990000005,False
cts__power__total,4_1_cts.json,cts,4,cts,cts,0.0,1000,74,1000,float,0.00180392,0.0157452,0.00447998237,True
cts__route__wirelength__estimated,4_1_cts.json,cts,4,cts,cts,0.0,1000,73,1000,float,2921.09,4704.77,3436.7583499999996,True
cts__timing__drv__hold_violation_count,4_1_cts.json,cts,4,cts,cts,0.0,1000,1,1000,float,0.0,0.0,0.0,False
cts__timing__drv__max_cap,4_1_cts.json,cts,4,cts,cts,0.0,1000,1,1000,float,0.0,0.0,0.0,False
cts__timing__drv__max_cap_limit,4_1_cts.json,cts,4,cts,cts,0.0,1000,64,1000,float,0.317875,0.805667,0.696229457,False
cts__timing__drv__max_fanout,4_1_cts.json,cts,4,cts,cts,0.0,1000,1,1000,float,0.0,0.0,0.0,False
cts__timing__drv__max_fanout_limit,4_1_cts.json,cts,4,cts,cts,0.0,1000,1,1000,float,0.0,0.0,0.0,False
cts__timing__drv__max_slew,4_1_cts.json,cts,4,cts,cts,0.0,1000,1,1000,float,0.0,0.0,0.0,False
cts__timing__drv__max_slew_limit,4_1_cts.json,cts,4,cts,cts,0.0,1000,71,1000,float,0.473769,0.758748,0.6456993670000001,False
cts__timing__drv__setup_violation_count,4_1_cts.json,cts,4,cts,cts,0.0,1000,14,1000,float,0.0,53.0,29.327,False
cts__timing__fmax,4_1_cts.json,cts,4,cts,cts,0.0,1000,72,1000,float,2172520000.0,2482940000.0,2351487020.0,True
cts__timing__fmax__clock:core_clock,4_1_cts.json,cts,4,cts,cts,0.0,1000,72,1000,float,2172520000.0,2482940000.0,2351487020.0,False
cts__timing__hold__tns,4_1_cts.json,cts,4,cts,cts,0.0,1000,1,1000,float,0.0,0.0,0.0,False
cts__timing__hold__ws,4_1_cts.json,cts,4,cts,cts,0.0,1000,71,1000,float,0.0585134,0.114928,0.10031231750000001,False
cts__timing__setup__tns,4_1_cts.json,cts,4,cts,cts,0.0,1000,55,1000,float,-14.5608,0.0,-3.6315833198300003,True
cts__timing__setup__ws,4_1_cts.json,cts,4,cts,cts,0.0,1000,74,1000,float,-0.313557,0.132811,-0.059400990530999995,False
cts__utilization__before__dpl,4_1_cts.json,cts,4,cts,cts,0.0,1000,66,1000,float,62.5494,89.0563,74.71738839999999,False
globalroute__antenna__violating__nets,5_1_grt.json,grt,5,routing_aux,routing,0.0,1000,1,1000,float,0.0,0.0,0.0,False
globalroute__antenna__violating__pins,5_1_grt.json,grt,5,routing_aux,routing,0.0,1000,1,1000,float,0.0,0.0,0.0,False
globalroute__antenna_diodes_count,5_1_grt.json,grt,5,routing_aux,routing,0.0,1000,1,1000,float,0.0,0.0,0.0,False
globalroute__clock__skew__hold,5_1_grt.json,grt,5,routing_aux,routing,0.0,1000,73,1000,float,0.000476987,0.00397645,0.0014606436030000002,False
globalroute__clock__skew__setup,5_1_grt.json,grt,5,routing_aux,routing,0.0,1000,73,1000,float,0.000476987,0.00397645,0.0014606436030000002,True
globalroute__design__core__area,5_1_grt.json,grt,5,routing_aux,routing,0.0,1000,9,1000,float,1064.0,1113.48,1076.9798500000002,True
globalroute__design__die__area,5_1_grt.json,grt,5,routing_aux,routing,0.0,1000,10,1000,float,1278.42,1286.77,1278.4504299999996,False
globalroute__design__instance__area,5_1_grt.json,grt,5,routing_aux,routing,0.0,1000,65,1000,float,673.512,995.904,826.396564,False
globalroute__design__instance__area__cover,5_1_grt.json,grt,5,routing_aux,routing,0.0,1000,1,1000,float,0.0,0.0,0.0,False
globalroute__design__instance__area__macros,5_1_grt.json,grt,5,routing_aux,routing,0.0,1000,1,1000,float,0.0,0.0,0.0,False
globalroute__design__instance__area__padcells,5_1_grt.json,grt,5,routing_aux,routing,0.0,1000,1,1000,float,0.0,0.0,0.0,False
globalroute__design__instance__area__stdcell,5_1_grt.json,grt,5,routing_aux,routing,0.0,1000,65,1000,float,673.512,995.904,826.396564,True
globalroute__design__instance__count,5_1_grt.json,grt,5,routing_aux,routing,0.0,1000,45,1000,float,608.0,771.0,679.056,False
globalroute__design__instance__count__cover,5_1_grt.json,grt,5,routing_aux,routing,0.0,1000,1,1000,float,0.0,0.0,0.0,False
globalroute__design__instance__count__hold_buffer,5_1_grt.json,grt,5,routing_aux,routing,0.0,1000,1,1000,float,0.0,0.0,0.0,False
globalroute__design__instance__count__macros,5_1_grt.json,grt,5,routing_aux,routing,0.0,1000,1,1000,float,0.0,0.0,0.0,False
globalroute__design__instance__count__padcells,5_1_grt.json,grt,5,routing_aux,routing,0.0,1000,1,1000,float,0.0,0.0,0.0,False
globalroute__design__instance__count__setup_buffer,5_1_grt.json,grt,5,routing_aux,routing,0.0,1000,14,1000,float,0.0,14.0,3.713,False
globalroute__design__instance__count__stdcell,5_1_grt.json,grt,5,routing_aux,routing,0.0,1000,45,1000,float,608.0,771.0,679.056,False
globalroute__design__instance__displacement__max,5_1_grt.json,grt,5,routing_aux,routing,0.0,1000,44,1000,float,0.0,16.85,5.56493,False
globalroute__design__instance__displacement__mean,5_1_grt.json,grt,5,routing_aux,routing,0.0,1000,59,1000,float,0.0,2.0185,0.22893900000000003,False
globalroute__design__instance__displacement__total,5_1_grt.json,grt,5,routing_aux,routing,0.0,1000,59,1000,float,0.0,1485.97,166.06394,False
globalroute__design__instance__utilization,5_1_grt.json,grt,5,routing_aux,routing,0.0,1000,66,1000,float,0.625494,0.924901,0.7673170579999998,True
globalroute__design__instance__utilization__stdcell,5_1_grt.json,grt,5,routing_aux,routing,0.0,1000,66,1000,float,0.625494,0.924901,0.7673170579999998,False
globalroute__design__io,5_1_grt.json,grt,5,routing_aux,routing,0.0,1000,1,1000,float,54.0,54.0,54.0,False
globalroute__design__nets,5_1_grt.json,grt,5,routing_aux,routing,0.0,1000,41,1000,float,632.0,777.0,703.262,False
globalroute__design__rows,5_1_grt.json,grt,5,routing_aux,routing,0.0,1000,9,1000,float,16.0,33.0,23.012,False
globalroute__design__rows:FreePDK45_38x28_10R_NP_162NW_34O,5_1_grt.json,grt,5,routing_aux,routing,0.0,1000,9,1000,float,16.0,33.0,23.012,False
globalroute__design__sites,5_1_grt.json,grt,5,routing_aux,routing,0.0,1000,9,1000,float,4000.0,4186.0,4048.789,False
globalroute__design__sites:FreePDK45_38x28_10R_NP_162NW_34O,5_1_grt.json,grt,5,routing_aux,routing,0.0,1000,9,1000,float,4000.0,4186.0,4048.789,False
globalroute__design__violations,5_1_grt.json,grt,5,routing_aux,routing,0.0,1000,1,1000,float,0.0,0.0,0.0,False
globalroute__dpl__hpwl__delta,5_1_grt.json,grt,5,routing_aux,routing,0.0,1000,59,1000,float,0.0,3289690.0,370798.072,False
globalroute__dpl__hpwl__delta__percent,5_1_grt.json,grt,5,routing_aux,routing,0.0,1000,20,1000,float,0.0,40.0,4.874,False
globalroute__flow__errors__count,5_1_grt.json,grt,5,routing_aux,routing,0.0,1000,1,1000,float,0.0,0.0,0.0,False
globalroute__flow__warnings__count,5_1_grt.json,grt,5,routing_aux,routing,0.0,1000,3,1000,float,22.0,24.0,22.67,False
globalroute__flow__warnings__count:DPL-0700,5_1_grt.json,grt,5,routing_aux,routing,0.98,20,1,20,float,1.0,1.0,1.0,False
globalroute__flow__warnings__count:FLW-0010,5_1_grt.json,grt,5,routing_aux,routing,0.0,1000,1,1000,float,1.0,1.0,1.0,False
globalroute__flow__warnings__count:GRT-0246,5_1_grt.json,grt,5,routing_aux,routing,0.0,1000,1,1000,float,1.0,1.0,1.0,False
globalroute__flow__warnings__count:RSZ-0062,5_1_grt.json,grt,5,routing_aux,routing,0.35,650,1,650,float,1.0,1.0,1.0,False
globalroute__flow__warnings__count:RSZ-0104,5_1_grt.json,grt,5,routing_aux,routing,0.0,1000,1,1000,float,19.0,19.0,19.0,False
globalroute__flow__warnings__count:STA-0450,5_1_grt.json,grt,5,routing_aux,routing,0.0,1000,1,1000,float,1.0,1.0,1.0,False
globalroute__flow__warnings__type_count,5_1_grt.json,grt,5,routing_aux,routing,0.0,1000,3,1000,float,4.0,6.0,4.67,False
globalroute__global_route__fastroute__congestion_rsmt_s,5_1_grt.json,grt,5,routing_aux,routing,0.0,1000,995,1000,float,6.07e-06,0.00669063,0.0008417326550000001,False
globalroute__global_route__fastroute__finalization_s,5_1_grt.json,grt,5,routing_aux,routing,0.0,1000,998,1000,float,5.2411e-05,0.0335823,0.0067343604609999995,False
globalroute__global_route__fastroute__initial_rsmt_s,5_1_grt.json,grt,5,routing_aux,routing,0.0,1000,995,1000,float,1.271e-05,0.00249703,0.000527605659,False
globalroute__global_route__fastroute__monotonic_s,5_1_grt.json,grt,5,routing_aux,routing,0.0,1000,997,1000,float,0.00178783,0.0329926,0.00555020934,False
globalroute__global_route__fastroute__new_route_l_s,5_1_grt.json,grt,5,routing_aux,routing,0.0,1000,975,1000,float,3.1e-07,0.00418002,8.193736399999998e-05,False
globalroute__global_route__fastroute__overflow_iterations_s,5_1_grt.json,grt,5,routing_aux,routing,0.0,1000,172,1000,float,9e-08,7.071e-06,5.48544e-07,False
globalroute__global_route__fastroute__route_l_s,5_1_grt.json,grt,5,routing_aux,routing,0.0,1000,978,1000,float,9.4e-07,0.00035764,9.860111999999998e-05,False
globalroute__global_route__fastroute__route_z_s,5_1_grt.json,grt,5,routing_aux,routing,0.0,1000,694,1000,float,3.4e-07,3.971e-05,5.630262e-06,False
globalroute__global_route__fastroute__run_s,5_1_grt.json,grt,5,routing_aux,routing,0.0,1000,1,1000,float,0.0,0.0,0.0,False
globalroute__global_route__fastroute__snapshot_batch_apply_s,5_1_grt.json,grt,5,routing_aux,routing,0.0,1000,1,1000,float,0.0,0.0,0.0,False
globalroute__global_route__fastroute__snapshot_batch_count,5_1_grt.json,grt,5,routing_aux,routing,0.0,1000,1,1000,float,0.0,0.0,0.0,False
globalroute__global_route__fastroute__snapshot_batch_nets,5_1_grt.json,grt,5,routing_aux,routing,0.0,1000,1,1000,float,0.0,0.0,0.0,False
globalroute__global_route__fastroute__snapshot_batch_route_s,5_1_grt.json,grt,5,routing_aux,routing,0.0,1000,1,1000,float,0.0,0.0,0.0,False
globalroute__global_route__fastroute__snapshot_batch_sync_s,5_1_grt.json,grt,5,routing_aux,routing,0.0,1000,1,1000,float,0.0,0.0,0.0,False
globalroute__global_route__fastroute__snapshot_batch_wave_count,5_1_grt.json,grt,5,routing_aux,routing,0.0,1000,1,1000,float,0.0,0.0,0.0,False
globalroute__global_route__fastroute__spiral_s,5_1_grt.json,grt,5,routing_aux,routing,0.0,1000,977,1000,float,2.45e-06,0.00265986,0.000119943886,False
globalroute__global_route__vias,5_1_grt.json,grt,5,routing_aux,routing,0.0,1000,72,1000,float,9.0,4342.0,1643.569,False
globalroute__global_route__wirelength,5_1_grt.json,grt,5,routing_aux,routing,0.0,1000,71,1000,float,5976.0,10599.0,7242.709,False
globalroute__negotiation__converge__phase_1__iteration,5_1_grt.json,grt,5,routing_aux,routing,0.32799999999999996,672,33,672,float,1.0,99.0,17.72470238095238,False
globalroute__negotiation__converge__phase_2__iteration,5_1_grt.json,grt,5,routing_aux,routing,0.98,20,1,20,float,0.0,0.0,0.0,False
globalroute__power__internal__total,5_1_grt.json,grt,5,routing_aux,routing,0.0,1000,74,1000,float,0.000981464,0.00921068,0.0025730299370000003,False
globalroute__power__leakage__total,5_1_grt.json,grt,5,routing_aux,routing,0.0,1000,70,1000,float,1.54102e-05,2.76461e-05,2.1060124100000002e-05,False
globalroute__power__switching__total,5_1_grt.json,grt,5,routing_aux,routing,0.0,1000,74,1000,float,0.000873202,0.0077676,0.0022168457739999998,False
globalroute__power__total,5_1_grt.json,grt,5,routing_aux,routing,0.0,1000,74,1000,float,0.00187009,0.0170045,0.00481093618,True
globalroute__route__net,5_1_grt.json,grt,5,routing_aux,routing,0.0,1000,38,1000,float,630.0,765.0,697.842,False
globalroute__route__net__special,5_1_grt.json,grt,5,routing_aux,routing,0.0,1000,1,1000,float,2.0,2.0,2.0,False
globalroute__route__wirelength__estimated,5_1_grt.json,grt,5,routing_aux,routing,0.0,1000,73,1000,float,2921.09,5782.46,3637.8875599999997,True
globalroute__timing__drv__hold_violation_count,5_1_grt.json,grt,5,routing_aux,routing,0.0,1000,1,1000,float,0.0,0.0,0.0,False
globalroute__timing__drv__max_cap,5_1_grt.json,grt,5,routing_aux,routing,0.0,1000,1,1000,float,0.0,0.0,0.0,False
globalroute__timing__drv__max_cap_limit,5_1_grt.json,grt,5,routing_aux,routing,0.0,1000,69,1000,float,0.188896,0.795061,0.646757747,False
globalroute__timing__drv__max_fanout,5_1_grt.json,grt,5,routing_aux,routing,0.0,1000,1,1000,float,0.0,0.0,0.0,False
globalroute__timing__drv__max_fanout_limit,5_1_grt.json,grt,5,routing_aux,routing,0.0,1000,1,1000,float,0.0,0.0,0.0,False
globalroute__timing__drv__max_slew,5_1_grt.json,grt,5,routing_aux,routing,0.0,1000,1,1000,float,0.0,0.0,0.0,False
globalroute__timing__drv__max_slew_limit,5_1_grt.json,grt,5,routing_aux,routing,0.0,1000,71,1000,float,0.473479,0.754188,0.624397086,False
globalroute__timing__drv__setup_violation_count,5_1_grt.json,grt,5,routing_aux,routing,0.0,1000,14,1000,float,0.0,53.0,30.011,False
globalroute__timing__fmax,5_1_grt.json,grt,5,routing_aux,routing,0.0,1000,71,1000,float,2109890000.0,2395950000.0,2282429490.0,True
globalroute__timing__fmax__clock:core_clock,5_1_grt.json,grt,5,routing_aux,routing,0.0,1000,71,1000,float,2109890000.0,2395950000.0,2282429490.0,False
globalroute__timing__hold__tns,5_1_grt.json,grt,5,routing_aux,routing,0.0,1000,1,1000,float,0.0,0.0,0.0,False
globalroute__timing__hold__ws,5_1_grt.json,grt,5,routing_aux,routing,0.0,1000,73,1000,float,0.0583628,0.116483,0.10159352129999999,False
globalroute__timing__setup__tns,5_1_grt.json,grt,5,routing_aux,routing,0.0,1000,57,1000,float,-15.3228,0.0,-3.9975256162100004,True
globalroute__timing__setup__ws,5_1_grt.json,grt,5,routing_aux,routing,0.0,1000,74,1000,float,-0.329978,0.11532,-0.073688642931,False
globalroute__utilization__before__dpl,5_1_grt.json,grt,5,routing_aux,routing,0.0,1000,66,1000,float,62.5494,92.4901,76.7317058,False
detailedroute__antenna__violating__nets,5_2_route.json,route,6,routing,routing,0.0,1000,1,1000,float,0.0,0.0,0.0,False
detailedroute__antenna__violating__pins,5_2_route.json,route,6,routing,routing,0.0,1000,1,1000,float,0.0,0.0,0.0,False
detailedroute__antenna_diodes_count,5_2_route.json,route,6,routing,routing,0.0,1000,1,1000,float,0.0,0.0,0.0,False
detailedroute__flow__errors__count,5_2_route.json,route,6,routing,routing,0.0,1000,1,1000,float,0.0,0.0,0.0,False
detailedroute__flow__warnings__count,5_2_route.json,route,6,routing,routing,0.0,1000,1,1000,float,2.0,2.0,2.0,False
detailedroute__flow__warnings__count:GRT-0246,5_2_route.json,route,6,routing,routing,0.0,1000,1,1000,float,1.0,1.0,1.0,False
detailedroute__flow__warnings__count:STA-0450,5_2_route.json,route,6,routing,routing,0.0,1000,1,1000,float,1.0,1.0,1.0,False
detailedroute__flow__warnings__type_count,5_2_route.json,route,6,routing,routing,0.0,1000,1,1000,float,2.0,2.0,2.0,False
detailedroute__route__drc_errors,5_2_route.json,route,6,routing,routing,0.0,1000,1,1000,float,0.0,0.0,0.0,True
detailedroute__route__drc_errors__iter:0,5_2_route.json,route,6,routing,routing,0.0,1000,46,1000,float,32.0,134.0,64.378,False
detailedroute__route__drc_errors__iter:1,5_2_route.json,route,6,routing,routing,0.0,1000,39,1000,float,2.0,84.0,26.923,False
detailedroute__route__drc_errors__iter:2,5_2_route.json,route,6,routing,routing,0.0,1000,37,1000,float,2.0,70.0,18.806,False
detailedroute__route__drc_errors__iter:3,5_2_route.json,route,6,routing,routing,0.0,1000,4,1000,float,0.0,7.0,0.237,False
detailedroute__route__drc_errors__iter:4,5_2_route.json,route,6,routing,routing,0.9390000000000001,61,2,61,float,0.0,1.0,0.3114754098360656,False
detailedroute__route__drc_errors__iter:5,5_2_route.json,route,6,routing,routing,0.981,19,1,19,float,0.0,0.0,0.0,False
detailedroute__route__net,5_2_route.json,route,6,routing,routing,0.0,1000,41,1000,float,630.0,775.0,701.262,False
detailedroute__route__net__special,5_2_route.json,route,6,routing,routing,0.0,1000,1,1000,float,2.0,2.0,2.0,False
detailedroute__route__vias,5_2_route.json,route,6,routing,routing,0.0,1000,72,1000,float,3217.0,4456.0,3612.592,False
detailedroute__route__vias__multicut,5_2_route.json,route,6,routing,routing,0.0,1000,1,1000,float,0.0,0.0,0.0,False
detailedroute__route__vias__singlecut,5_2_route.json,route,6,routing,routing,0.0,1000,72,1000,float,3217.0,4456.0,3612.592,False
detailedroute__route__wirelength,5_2_route.json,route,6,routing,routing,0.0,1000,70,1000,float,3373.0,6214.0,4016.464,True
detailedroute__route__wirelength__iter:0,5_2_route.json,route,6,routing,routing,0.0,1000,71,1000,float,3425.0,6284.0,4056.748,False
detailedroute__route__wirelength__iter:1,5_2_route.json,route,6,routing,routing,0.0,1000,73,1000,float,3386.0,6209.0,4017.111,False
detailedroute__route__wirelength__iter:2,5_2_route.json,route,6,routing,routing,0.0,1000,71,1000,float,3372.0,6209.0,4015.115,False
detailedroute__route__wirelength__iter:3,5_2_route.json,route,6,routing,routing,0.0,1000,69,1000,float,3373.0,6214.0,4016.357,False
detailedroute__route__wirelength__iter:4,5_2_route.json,route,6,routing,routing,0.9390000000000001,61,3,61,float,3413.0,4745.0,3985.622950819672,False
detailedroute__route__wirelength__iter:5,5_2_route.json,route,6,routing,routing,0.981,19,1,19,float,3415.0,3415.0,3415.0,False
design__violations,5_3_fillcell.json,fillcell,6,,design,0.0,1000,1,1000,float,0.0,0.0,0.0,False
flow__errors__count,5_3_fillcell.json,fillcell,6,,flow,0.0,1000,1,1000,float,0.0,0.0,0.0,False
flow__warnings__count,5_3_fillcell.json,fillcell,6,,flow,0.0,1000,1,1000,float,1.0,1.0,1.0,False
flow__warnings__count:STA-0450,5_3_fillcell.json,fillcell,6,,flow,0.0,1000,1,1000,float,1.0,1.0,1.0,False
flow__warnings__type_count,5_3_fillcell.json,fillcell,6,,flow,0.0,1000,1,1000,float,1.0,1.0,1.0,False
flow__errors__count,6_1_fill.json,fill,6,,flow,0.0,1000,1,1000,float,0.0,0.0,0.0,False
flow__warnings__count,6_1_fill.json,fill,6,,flow,0.0,1000,1,1000,float,0.0,0.0,0.0,False
flow__warnings__type_count,6_1_fill.json,fill,6,,flow,0.0,1000,1,1000,float,0.0,0.0,0.0,False
finish__clock__skew__hold,6_report.json,finish,7,,finish,0.0,1000,73,1000,float,0.000383638,0.00402169,0.0013913941459999999,False
finish__clock__skew__setup,6_report.json,finish,7,,finish,0.0,1000,73,1000,float,0.000383638,0.00402169,0.0013913941459999999,True
finish__design__core__area,6_report.json,finish,7,,finish,0.0,1000,9,1000,float,1064.0,1113.48,1076.9798500000002,True
finish__design__die__area,6_report.json,finish,7,,finish,0.0,1000,10,1000,float,1278.42,1286.77,1278.4504299999996,False
finish__design__instance__area,6_report.json,finish,7,,finish,0.0,1000,65,1000,float,673.512,995.904,826.396564,False
finish__design__instance__area__class:clock_buffer,6_report.json,finish,7,,finish,0.0,1000,3,1000,float,6.65,8.246,7.618772,False
finish__design__instance__area__class:clock_inverter,6_report.json,finish,7,,finish,0.08399999999999996,916,8,916,float,0.798,2.926,1.1000087336244542,False
finish__design__instance__area__class:fill_cell,6_report.json,finish,7,,finish,0.0,1000,66,1000,float,80.864,403.256,250.58131,False
finish__design__instance__area__class:inverter,6_report.json,finish,7,,finish,0.0,1000,35,1000,float,48.412,67.032,56.218834,False
finish__design__instance__area__class:multi_input_combinational_cell,6_report.json,finish,7,,finish,0.0,1000,54,1000,float,401.128,564.984,470.5909739999999,False
finish__design__instance__area__class:sequential_cell,6_report.json,finish,7,,finish,0.0,1000,1,1000,float,158.27,158.27,158.27000000000004,False
finish__design__instance__area__class:tap_cell,6_report.json,finish,7,,finish,0.0,1000,9,1000,float,8.512,17.556,12.242383999999998,False
finish__design__instance__area__class:timing_repair_buffer,6_report.json,finish,7,,finish,0.0,1000,60,1000,float,44.954,206.416,118.378778,False
finish__design__instance__area__class:timing_repair_inverter,6_report.json,finish,7,,finish,0.512,488,6,488,float,1.33,9.31,4.240192622950819,False
finish__design__instance__area__cover,6_report.json,finish,7,,finish,0.0,1000,1,1000,float,0.0,0.0,0.0,False
finish__design__instance__area__macros,6_report.json,finish,7,,finish,0.0,1000,1,1000,float,0.0,0.0,0.0,False
finish__design__instance__area__padcells,6_report.json,finish,7,,finish,0.0,1000,1,1000,float,0.0,0.0,0.0,False
finish__design__instance__area__stdcell,6_report.json,finish,7,,finish,0.0,1000,65,1000,float,673.512,995.904,826.396564,True
finish__design__instance__count,6_report.json,finish,7,,finish,0.0,1000,61,1000,float,879.0,1094.0,1014.396,False
finish__design__instance__count__class:clock_buffer,6_report.json,finish,7,,finish,0.0,1000,3,1000,float,5.0,7.0,6.214,False
finish__design__instance__count__class:clock_inverter,6_report.json,finish,7,,finish,0.08399999999999996,916,3,916,float,1.0,3.0,1.6986899563318778,False
finish__design__instance__count__class:fill_cell,6_report.json,finish,7,,finish,0.0,1000,61,1000,float,143.0,472.0,335.34,False
finish__design__instance__count__class:inverter,6_report.json,finish,7,,finish,0.0,1000,1,1000,float,86.0,86.0,86.0,False
finish__design__instance__count__class:multi_input_combinational_cell,6_report.json,finish,7,,finish,0.0,1000,1,1000,float,377.0,377.0,377.0,False
finish__design__instance__count__class:sequential_cell,6_report.json,finish,7,,finish,0.0,1000,1,1000,float,35.0,35.0,35.0,False
finish__design__instance__count__class:tap_cell,6_report.json,finish,7,,finish,0.0,1000,9,1000,float,32.0,66.0,46.024,False
finish__design__instance__count__class:timing_repair_buffer,6_report.json,finish,7,,finish,0.0,1000,42,1000,float,56.0,199.0,126.571,False
finish__design__instance__count__class:timing_repair_inverter,6_report.json,finish,7,,finish,0.512,488,3,488,float,1.0,3.0,1.415983606557377,False
finish__design__instance__count__cover,6_report.json,finish,7,,finish,0.0,1000,1,1000,float,0.0,0.0,0.0,False
finish__design__instance__count__macros,6_report.json,finish,7,,finish,0.0,1000,1,1000,float,0.0,0.0,0.0,False
finish__design__instance__count__padcells,6_report.json,finish,7,,finish,0.0,1000,1,1000,float,0.0,0.0,0.0,False
finish__design__instance__count__stdcell,6_report.json,finish,7,,finish,0.0,1000,45,1000,float,608.0,771.0,679.056,False
finish__design__instance__utilization,6_report.json,finish,7,,finish,0.0,1000,66,1000,float,0.625494,0.924901,0.7673170579999998,True
finish__design__instance__utilization__stdcell,6_report.json,finish,7,,finish,0.0,1000,66,1000,float,0.625494,0.924901,0.7673170579999998,False
finish__design__io,6_report.json,finish,7,,finish,0.0,1000,1,1000,float,54.0,54.0,54.0,False
finish__design__nets,6_report.json,finish,7,,finish,0.0,1000,41,1000,float,632.0,777.0,703.262,False
finish__design__rows,6_report.json,finish,7,,finish,0.0,1000,9,1000,float,16.0,33.0,23.012,False
finish__design__rows:FreePDK45_38x28_10R_NP_162NW_34O,6_report.json,finish,7,,finish,0.0,1000,9,1000,float,16.0,33.0,23.012,False
finish__design__sites,6_report.json,finish,7,,finish,0.0,1000,9,1000,float,4000.0,4186.0,4048.789,False
finish__design__sites:FreePDK45_38x28_10R_NP_162NW_34O,6_report.json,finish,7,,finish,0.0,1000,9,1000,float,4000.0,4186.0,4048.789,False
finish__design_powergrid__drop__average__net:VDD__corner:default,6_report.json,finish,7,,finish,0.0,1000,74,1000,float,0.00127495,0.0147758,0.00360830962,False
finish__design_powergrid__drop__average__net:VSS__corner:default,6_report.json,finish,7,,finish,0.0,1000,74,1000,float,0.00127514,0.0111467,0.0032091360900000005,False
finish__design_powergrid__drop__worst__net:VDD__corner:default,6_report.json,finish,7,,finish,0.0,1000,74,1000,float,0.00259356,0.046642,0.00941690577,False
finish__design_powergrid__drop__worst__net:VSS__corner:default,6_report.json,finish,7,,finish,0.0,1000,74,1000,float,0.00205844,0.0221474,0.0057721585,False
finish__design_powergrid__voltage__average__net:VDD__corner:default,6_report.json,finish,7,,finish,0.0,1000,69,1000,float,1.08522,1.09873,1.0963912199999999,False
finish__design_powergrid__voltage__average__net:VSS__corner:default,6_report.json,finish,7,,finish,0.0,1000,74,1000,float,0.00127514,0.0111467,0.0032091360900000005,False
finish__design_powergrid__voltage__worst__net:VDD__corner:default,6_report.json,finish,7,,finish,0.0,1000,72,1000,float,1.05336,1.09741,1.0905833400000002,False
finish__design_powergrid__voltage__worst__net:VSS__corner:default,6_report.json,finish,7,,finish,0.0,1000,74,1000,float,0.00205844,0.0221474,0.0057721585,False
finish__flow__errors__count,6_report.json,finish,7,,finish,0.0,1000,1,1000,float,0.0,0.0,0.0,False
finish__flow__warnings__count,6_report.json,finish,7,,finish,0.0,1000,1,1000,float,1.0,1.0,1.0,False
finish__flow__warnings__count:STA-0450,6_report.json,finish,7,,finish,0.0,1000,1,1000,float,1.0,1.0,1.0,False
finish__flow__warnings__type_count,6_report.json,finish,7,,finish,0.0,1000,1,1000,float,1.0,1.0,1.0,False
finish__power__internal__total,6_report.json,finish,7,,finish,0.0,1000,74,1000,float,0.000978998,0.00918916,0.00256767361,False
finish__power__leakage__total,6_report.json,finish,7,,finish,0.0,1000,70,1000,float,1.54102e-05,2.76461e-05,2.1060124100000002e-05,False
finish__power__switching__total,6_report.json,finish,7,,finish,0.0,1000,74,1000,float,0.000802898,0.00729009,0.002081153091,False
finish__power__total,6_report.json,finish,7,,finish,0.0,1000,74,1000,float,0.00179732,0.0165055,0.00466988889,True
finish__timing__drv__hold_violation_count,6_report.json,finish,7,,finish,0.0,1000,1,1000,float,0.0,0.0,0.0,False
finish__timing__drv__max_cap,6_report.json,finish,7,,finish,0.0,1000,1,1000,float,0.0,0.0,0.0,False
finish__timing__drv__max_cap_limit,6_report.json,finish,7,,finish,0.0,1000,73,1000,float,0.153363,0.808042,0.6684386979999999,False
finish__timing__drv__max_fanout,6_report.json,finish,7,,finish,0.0,1000,1,1000,float,0.0,0.0,0.0,False
finish__timing__drv__max_fanout_limit,6_report.json,finish,7,,finish,0.0,1000,1,1000,float,0.0,0.0,0.0,False
finish__timing__drv__max_slew,6_report.json,finish,7,,finish,0.0,1000,1,1000,float,0.0,0.0,0.0,False
finish__timing__drv__max_slew_limit,6_report.json,finish,7,,finish,0.0,1000,73,1000,float,0.45831,0.766401,0.633986161,False
finish__timing__drv__setup_violation_count,6_report.json,finish,7,,finish,0.0,1000,10,1000,float,0.0,53.0,29.173,False
finish__timing__fmax,6_report.json,finish,7,,finish,0.0,1000,73,1000,float,2168270000.0,2444070000.0,2330298160.0,True
finish__timing__fmax__clock:core_clock,6_report.json,finish,7,,finish,0.0,1000,73,1000,float,2168270000.0,2444070000.0,2330298160.0,False
finish__timing__hold__tns,6_report.json,finish,7,,finish,0.0,1000,1,1000,float,0.0,0.0,0.0,False
finish__timing__hold__ws,6_report.json,finish,7,,finish,0.0,1000,73,1000,float,0.0587414,0.117825,0.1008134384,False
finish__timing__setup__tns,6_report.json,finish,7,,finish,0.0,1000,54,1000,float,-14.8577,0.0,-3.75691544152,True
finish__timing__setup__ws,6_report.json,finish,7,,finish,0.0,1000,74,1000,float,-0.322102,0.134621,-0.06190349398000001,False
