stage,target,dropped_feature,mae,rmse,r2,n_train,n_test,delta_r2,full_r2,ablation_rank
placement,area,3_5_place_dp__detailedplace__design__instance__displacement__total,13.311961323640789,23.004978678903438,0.9641369614863258,20,980,0.0004143246105887677,0.9645512860969145,1
placement,area,3_3_place_gp__globalplace__gpl__convergence__iteration,13.247057868303576,22.98283255631524,0.9642059765434925,20,980,0.0003453095534220463,0.9645512860969145,2
placement,area,3_3_place_gp__globalplace__gpl__routability__iteration,13.1940216473015,22.964245549193507,0.9642638488479834,20,980,0.00028743724893109945,0.9645512860969145,3
placement,area,3_3_place_gp__globalplace__gpl__area__original,13.39263319066885,22.949611250817533,0.9643093810960537,20,980,0.00024190500086085365,0.9645512860969145,4
placement,area,3_5_place_dp__detailedplace__timing__fmax,13.370310062081476,22.9429542207837,0.9643300837615418,20,980,0.0002212023353727055,0.9645512860969145,5
placement,area,3_5_place_dp__detailedplace__timing__fmax__clock:core_clock,13.370310062081476,22.9429542207837,0.9643300837615418,20,980,0.0002212023353727055,0.9645512860969145,6
placement,area,3_5_place_dp__detailedplace__design__instance__displacement__mean,13.31708633111448,22.921418448731114,0.9643970166112524,20,980,0.0001542694856621063,0.9645512860969145,7
placement,area,3_3_place_gp__globalplace__gpl__area__timing_delta,13.334321445013554,22.894658717914687,0.9644800978674349,20,980,7.11882294796018e-05,0.9645512860969145,8
placement,area,3_3_place_gp__globalplace__gpl__area__timing_delta__percent,13.334321445013554,22.894658717914687,0.9644800978674349,20,980,7.11882294796018e-05,0.9645512860969145,9
placement,area,3_3_place_gp__globalplace__design__instance__area,13.344157381517062,22.891421263816582,0.9644901426489436,20,980,6.114344797092386e-05,0.9645512860969145,10
placement,area,3_3_place_gp__globalplace__design__instance__area__stdcell,13.344157381517062,22.891421263816582,0.9644901426489436,20,980,6.114344797092386e-05,0.9645512860969145,11
placement,area,3_3_place_gp__globalplace__design__core__area,13.314959750179371,22.88911010128629,0.964497312575869,20,980,5.3973521045525e-05,0.9645512860969145,12
placement,area,3_3_place_gp__globalplace__design__die__area,13.314959750179371,22.88911010128629,0.964497312575869,20,980,5.3973521045525e-05,0.9645512860969145,13
placement,area,3_3_place_gp__globalplace__design__instance__count,13.314959750179371,22.88911010128629,0.964497312575869,20,980,5.3973521045525e-05,0.9645512860969145,14
placement,area,3_3_place_gp__globalplace__design__instance__count__stdcell,13.314959750179371,22.88911010128629,0.964497312575869,20,980,5.3973521045525e-05,0.9645512860969145,15
placement,area,3_3_place_gp__globalplace__design__instance__utilization,13.314959750179371,22.88911010128629,0.964497312575869,20,980,5.3973521045525e-05,0.9645512860969145,16
placement,area,3_3_place_gp__globalplace__design__instance__utilization__stdcell,13.314959750179371,22.88911010128629,0.964497312575869,20,980,5.3973521045525e-05,0.9645512860969145,17
placement,area,3_3_place_gp__globalplace__design__nets,13.314959750179371,22.88911010128629,0.964497312575869,20,980,5.3973521045525e-05,0.9645512860969145,18
placement,area,3_3_place_gp__globalplace__design__rows,13.314959750179371,22.88911010128629,0.964497312575869,20,980,5.3973521045525e-05,0.9645512860969145,19
placement,area,3_3_place_gp__globalplace__design__rows:FreePDK45_38x28_10R_NP_162NW_34O,13.314959750179371,22.88911010128629,0.964497312575869,20,980,5.3973521045525e-05,0.9645512860969145,20
placement,area,3_3_place_gp__globalplace__design__sites,13.314959750179371,22.88911010128629,0.964497312575869,20,980,5.3973521045525e-05,0.9645512860969145,21
placement,area,3_3_place_gp__globalplace__design__sites:FreePDK45_38x28_10R_NP_162NW_34O,13.314959750179371,22.88911010128629,0.964497312575869,20,980,5.3973521045525e-05,0.9645512860969145,22
placement,area,3_3_place_gp__globalplace__gpl__area__final,13.314959750179371,22.88911010128629,0.964497312575869,20,980,5.3973521045525e-05,0.9645512860969145,23
placement,area,3_3_place_gp__globalplace__gpl__area__final__percent,13.314959750179371,22.88911010128629,0.964497312575869,20,980,5.3973521045525e-05,0.9645512860969145,24
placement,area,3_3_place_gp__globalplace__route__wirelength__estimated,13.343880118981192,22.87766214650943,0.9645328169287963,20,980,1.846916811820698e-05,0.9645512860969145,25
placement,area,3_3_place_gp__globalplace__gpl__routability__congestion,13.396261673409603,22.875599598529675,0.964539211766587,20,980,1.2074330327571658e-05,0.9645512860969145,26
placement,area,3_3_place_gp__globalplace__power__internal__total,13.327608333167257,22.87317993337779,0.9645467130952635,20,980,4.57300165102037e-06,0.9645512860969145,27
placement,area,3_3_place_gp__globalplace__power__leakage__total,13.327608333167257,22.87317993337779,0.9645467130952635,20,980,4.57300165102037e-06,0.9645512860969145,28
placement,area,3_3_place_gp__globalplace__power__switching__total,13.327608333167257,22.87317993337779,0.9645467130952635,20,980,4.57300165102037e-06,0.9645512860969145,29
placement,area,3_3_place_gp__globalplace__power__total,13.327608333167257,22.87317993337779,0.9645467130952635,20,980,4.57300165102037e-06,0.9645512860969145,30
placement,area,3_5_place_dp__detailedplace__design__instance__displacement__max,13.330213583187186,22.869473259874933,0.9645582028060538,20,980,-6.916709139215271e-06,0.9645512860969145,31
placement,area,3_3_place_gp__globalplace__timing__fmax,13.321807626654182,22.868674756031186,0.9645606777137093,20,980,-9.391616794807156e-06,0.9645512860969145,32
placement,area,3_3_place_gp__globalplace__timing__fmax__clock:core_clock,13.321807626654182,22.868674756031186,0.9645606777137093,20,980,-9.391616794807156e-06,0.9645512860969145,33
placement,area,3_3_place_gp__globalplace__timing__hold__ws,13.321807626654182,22.868674756031186,0.9645606777137093,20,980,-9.391616794807156e-06,0.9645512860969145,34
placement,area,3_3_place_gp__globalplace__timing__setup__tns,13.321807626654182,22.868674756031186,0.9645606777137093,20,980,-9.391616794807156e-06,0.9645512860969145,35
placement,area,3_3_place_gp__globalplace__timing__setup__ws,13.321807626654182,22.868674756031186,0.9645606777137093,20,980,-9.391616794807156e-06,0.9645512860969145,36
placement,area,3_4_place_resized__placeopt__design__core__area,13.321807626654182,22.868674756031186,0.9645606777137093,20,980,-9.391616794807156e-06,0.9645512860969145,37
placement,area,3_4_place_resized__placeopt__design__die__area,13.321807626654182,22.868674756031186,0.9645606777137093,20,980,-9.391616794807156e-06,0.9645512860969145,38
placement,area,3_4_place_resized__placeopt__design__instance__area,13.321807626654182,22.868674756031186,0.9645606777137093,20,980,-9.391616794807156e-06,0.9645512860969145,39
placement,area,3_4_place_resized__placeopt__design__instance__area__stdcell,13.321807626654182,22.868674756031186,0.9645606777137093,20,980,-9.391616794807156e-06,0.9645512860969145,40
placement,area,3_4_place_resized__placeopt__design__instance__count,13.321807626654182,22.868674756031186,0.9645606777137093,20,980,-9.391616794807156e-06,0.9645512860969145,41
placement,area,3_4_place_resized__placeopt__design__instance__count__stdcell,13.321807626654182,22.868674756031186,0.9645606777137093,20,980,-9.391616794807156e-06,0.9645512860969145,42
placement,area,3_4_place_resized__placeopt__design__instance__utilization,13.321807626654182,22.868674756031186,0.9645606777137093,20,980,-9.391616794807156e-06,0.9645512860969145,43
placement,area,3_4_place_resized__placeopt__design__instance__utilization__stdcell,13.321807626654182,22.868674756031186,0.9645606777137093,20,980,-9.391616794807156e-06,0.9645512860969145,44
placement,area,3_4_place_resized__placeopt__design__nets,13.321807626654182,22.868674756031186,0.9645606777137093,20,980,-9.391616794807156e-06,0.9645512860969145,45
placement,area,3_4_place_resized__placeopt__design__rows,13.321807626654182,22.868674756031186,0.9645606777137093,20,980,-9.391616794807156e-06,0.9645512860969145,46
placement,area,3_4_place_resized__placeopt__design__rows:FreePDK45_38x28_10R_NP_162NW_34O,13.321807626654182,22.868674756031186,0.9645606777137093,20,980,-9.391616794807156e-06,0.9645512860969145,47
placement,area,3_4_place_resized__placeopt__design__sites,13.321807626654182,22.868674756031186,0.9645606777137093,20,980,-9.391616794807156e-06,0.9645512860969145,48
placement,area,3_4_place_resized__placeopt__design__sites:FreePDK45_38x28_10R_NP_162NW_34O,13.321807626654182,22.868674756031186,0.9645606777137093,20,980,-9.391616794807156e-06,0.9645512860969145,49
placement,area,3_4_place_resized__placeopt__power__internal__total,13.321807626654182,22.868674756031186,0.9645606777137093,20,980,-9.391616794807156e-06,0.9645512860969145,50
placement,area,3_4_place_resized__placeopt__power__leakage__total,13.321807626654182,22.868674756031186,0.9645606777137093,20,980,-9.391616794807156e-06,0.9645512860969145,51
placement,area,3_4_place_resized__placeopt__power__switching__total,13.321807626654182,22.868674756031186,0.9645606777137093,20,980,-9.391616794807156e-06,0.9645512860969145,52
placement,area,3_4_place_resized__placeopt__power__total,13.321807626654182,22.868674756031186,0.9645606777137093,20,980,-9.391616794807156e-06,0.9645512860969145,53
placement,area,3_4_place_resized__placeopt__timing__drv__setup_violation_count,13.321807626654182,22.868674756031186,0.9645606777137093,20,980,-9.391616794807156e-06,0.9645512860969145,54
placement,area,3_4_place_resized__placeopt__timing__fmax,13.321807626654182,22.868674756031186,0.9645606777137093,20,980,-9.391616794807156e-06,0.9645512860969145,55
placement,area,3_4_place_resized__placeopt__timing__fmax__clock:core_clock,13.321807626654182,22.868674756031186,0.9645606777137093,20,980,-9.391616794807156e-06,0.9645512860969145,56
placement,area,3_4_place_resized__placeopt__timing__hold__ws,13.321807626654182,22.868674756031186,0.9645606777137093,20,980,-9.391616794807156e-06,0.9645512860969145,57
placement,area,3_4_place_resized__placeopt__timing__setup__tns,13.321807626654182,22.868674756031186,0.9645606777137093,20,980,-9.391616794807156e-06,0.9645512860969145,58
placement,area,3_4_place_resized__placeopt__timing__setup__ws,13.321807626654182,22.868674756031186,0.9645606777137093,20,980,-9.391616794807156e-06,0.9645512860969145,59
placement,area,3_5_place_dp__detailedplace__design__core__area,13.321807626654182,22.868674756031186,0.9645606777137093,20,980,-9.391616794807156e-06,0.9645512860969145,60
placement,area,3_5_place_dp__detailedplace__design__die__area,13.321807626654182,22.868674756031186,0.9645606777137093,20,980,-9.391616794807156e-06,0.9645512860969145,61
placement,area,3_5_place_dp__detailedplace__design__instance__area,13.321807626654182,22.868674756031186,0.9645606777137093,20,980,-9.391616794807156e-06,0.9645512860969145,62
placement,area,3_5_place_dp__detailedplace__design__instance__area__stdcell,13.321807626654182,22.868674756031186,0.9645606777137093,20,980,-9.391616794807156e-06,0.9645512860969145,63
placement,area,3_5_place_dp__detailedplace__design__instance__count,13.321807626654182,22.868674756031186,0.9645606777137093,20,980,-9.391616794807156e-06,0.9645512860969145,64
placement,area,3_5_place_dp__detailedplace__design__instance__count__stdcell,13.321807626654182,22.868674756031186,0.9645606777137093,20,980,-9.391616794807156e-06,0.9645512860969145,65
placement,area,3_4_place_resized__placeopt__timing__drv__max_cap_limit,13.321791682776631,22.86816764027041,0.9645622494392081,20,980,-1.0963342293557332e-05,0.9645512860969145,66
placement,area,3_4_place_resized__placeopt__timing__drv__max_slew_limit,13.298000665656893,22.867598688144483,0.9645640127753022,20,980,-1.272667838769781e-05,0.9645512860969145,67
placement,area,3_5_place_dp__detailedplace__design__instance__utilization,13.341538095902427,22.862125226123535,0.9645809742692126,20,980,-2.9688172298092397e-05,0.9645512860969145,68
placement,area,3_5_place_dp__detailedplace__design__instance__utilization__stdcell,13.341538095902427,22.862125226123535,0.9645809742692126,20,980,-2.9688172298092397e-05,0.9645512860969145,69
placement,area,3_5_place_dp__detailedplace__design__nets,13.341538095902427,22.862125226123535,0.9645809742692126,20,980,-2.9688172298092397e-05,0.9645512860969145,70
placement,area,3_5_place_dp__detailedplace__design__rows,13.341538095902427,22.862125226123535,0.9645809742692126,20,980,-2.9688172298092397e-05,0.9645512860969145,71
placement,area,3_5_place_dp__detailedplace__design__rows:FreePDK45_38x28_10R_NP_162NW_34O,13.341538095902427,22.862125226123535,0.9645809742692126,20,980,-2.9688172298092397e-05,0.9645512860969145,72
placement,area,3_5_place_dp__detailedplace__design__sites,13.341538095902427,22.862125226123535,0.9645809742692126,20,980,-2.9688172298092397e-05,0.9645512860969145,73
placement,area,3_5_place_dp__detailedplace__design__sites:FreePDK45_38x28_10R_NP_162NW_34O,13.341538095902427,22.862125226123535,0.9645809742692126,20,980,-2.9688172298092397e-05,0.9645512860969145,74
placement,area,3_5_place_dp__detailedplace__dpl__hpwl__delta,13.341538095902427,22.862125226123535,0.9645809742692126,20,980,-2.9688172298092397e-05,0.9645512860969145,75
placement,area,3_5_place_dp__detailedplace__dpl__hpwl__delta__percent,13.341538095902427,22.862125226123535,0.9645809742692126,20,980,-2.9688172298092397e-05,0.9645512860969145,76
placement,area,3_5_place_dp__detailedplace__negotiation__converge__phase_1__iteration,13.341538095902427,22.862125226123535,0.9645809742692126,20,980,-2.9688172298092397e-05,0.9645512860969145,77
placement,area,3_5_place_dp__detailedplace__power__internal__total,13.341538095902427,22.862125226123535,0.9645809742692126,20,980,-2.9688172298092397e-05,0.9645512860969145,78
placement,area,3_5_place_dp__detailedplace__power__leakage__total,13.341538095902427,22.862125226123535,0.9645809742692126,20,980,-2.9688172298092397e-05,0.9645512860969145,79
placement,area,3_5_place_dp__detailedplace__power__switching__total,13.341538095902427,22.862125226123535,0.9645809742692126,20,980,-2.9688172298092397e-05,0.9645512860969145,80
placement,area,3_5_place_dp__detailedplace__power__total,13.341538095902427,22.862125226123535,0.9645809742692126,20,980,-2.9688172298092397e-05,0.9645512860969145,81
placement,area,3_5_place_dp__detailedplace__route__wirelength__estimated,13.341538095902427,22.862125226123535,0.9645809742692126,20,980,-2.9688172298092397e-05,0.9645512860969145,82
placement,area,3_5_place_dp__detailedplace__timing__drv__max_cap_limit,13.341538095902427,22.862125226123535,0.9645809742692126,20,980,-2.9688172298092397e-05,0.9645512860969145,83
placement,area,3_5_place_dp__detailedplace__timing__drv__max_slew_limit,13.341538095902427,22.862125226123535,0.9645809742692126,20,980,-2.9688172298092397e-05,0.9645512860969145,84
placement,area,3_5_place_dp__detailedplace__timing__drv__setup_violation_count,13.341538095902427,22.862125226123535,0.9645809742692126,20,980,-2.9688172298092397e-05,0.9645512860969145,85
placement,area,3_5_place_dp__detailedplace__timing__hold__ws,13.341538095902427,22.862125226123535,0.9645809742692126,20,980,-2.9688172298092397e-05,0.9645512860969145,86
placement,area,3_5_place_dp__detailedplace__timing__setup__tns,13.341538095902427,22.862125226123535,0.9645809742692126,20,980,-2.9688172298092397e-05,0.9645512860969145,87
placement,area,3_5_place_dp__detailedplace__timing__setup__ws,13.341538095902427,22.862125226123535,0.9645809742692126,20,980,-2.9688172298092397e-05,0.9645512860969145,88
placement,area,3_5_place_dp__detailedplace__utilization__before__dpl,13.341538095902427,22.862125226123535,0.9645809742692126,20,980,-2.9688172298092397e-05,0.9645512860969145,89
placement,area,param:CLK_PERIOD,13.341538095902427,22.862125226123535,0.9645809742692126,20,980,-2.9688172298092397e-05,0.9645512860969145,90
placement,area,param:CORE_ASPECT_RATIO,13.341538095902427,22.862125226123535,0.9645809742692126,20,980,-2.9688172298092397e-05,0.9645512860969145,91
placement,area,param:CTS_CLUSTER_SIZE,13.341538095902427,22.862125226123535,0.9645809742692126,20,980,-2.9688172298092397e-05,0.9645512860969145,92
placement,area,param:PLACE_DENSITY_LB_ADDON,13.341538095902427,22.862125226123535,0.9645809742692126,20,980,-2.9688172298092397e-05,0.9645512860969145,93
placement,area,param:TNS_END_PERCENT,13.341538095902427,22.862125226123535,0.9645809742692126,20,980,-2.9688172298092397e-05,0.9645512860969145,94
placement,area,param:CORE_UTILIZATION,13.258944068379307,22.843855638141452,0.9646375597745982,20,980,-8.627367768365701e-05,0.9645512860969145,95
placement,fmax,3_5_place_dp__detailedplace__timing__drv__max_cap_limit,18941580.01632653,29842180.74012085,0.8982486439545833,20,980,0.004495254283885197,0.9027438982384685,1
placement,fmax,3_3_place_gp__globalplace__design__instance__area,18034355.232653063,29489172.667658046,0.9006416730832898,20,980,0.002102225155178661,0.9027438982384685,2
placement,fmax,3_3_place_gp__globalplace__design__instance__area__stdcell,18034355.232653063,29489172.667658046,0.9006416730832898,20,980,0.002102225155178661,0.9027438982384685,3
placement,fmax,3_3_place_gp__globalplace__gpl__area__original,17954924.57142857,29470606.267541338,0.9007667458178034,20,980,0.001977152420665096,0.9027438982384685,4
placement,fmax,3_3_place_gp__globalplace__design__instance__count,17975363.297959182,29468891.446579542,0.9007782937521777,20,980,0.001965604486290795,0.9027438982384685,5
placement,fmax,3_3_place_gp__globalplace__design__instance__count__stdcell,17975363.297959182,29468891.446579542,0.9007782937521777,20,980,0.001965604486290795,0.9027438982384685,6
placement,fmax,3_3_place_gp__globalplace__design__core__area,17968981.58367347,29464888.545112755,0.9008052474459818,20,980,0.0019386507924866736,0.9027438982384685,7
placement,fmax,3_3_place_gp__globalplace__design__die__area,17968981.58367347,29464888.545112755,0.9008052474459818,20,980,0.0019386507924866736,0.9027438982384685,8
placement,fmax,3_3_place_gp__globalplace__design__instance__utilization,17968981.58367347,29464888.545112755,0.9008052474459818,20,980,0.0019386507924866736,0.9027438982384685,9
placement,fmax,3_3_place_gp__globalplace__design__instance__utilization__stdcell,17968981.58367347,29464888.545112755,0.9008052474459818,20,980,0.0019386507924866736,0.9027438982384685,10
placement,fmax,3_3_place_gp__globalplace__design__nets,17968981.58367347,29464888.545112755,0.9008052474459818,20,980,0.0019386507924866736,0.9027438982384685,11
placement,fmax,3_3_place_gp__globalplace__design__rows,17968981.58367347,29464888.545112755,0.9008052474459818,20,980,0.0019386507924866736,0.9027438982384685,12
placement,fmax,3_3_place_gp__globalplace__design__rows:FreePDK45_38x28_10R_NP_162NW_34O,17968981.58367347,29464888.545112755,0.9008052474459818,20,980,0.0019386507924866736,0.9027438982384685,13
placement,fmax,3_3_place_gp__globalplace__design__sites,17968981.58367347,29464888.545112755,0.9008052474459818,20,980,0.0019386507924866736,0.9027438982384685,14
placement,fmax,3_3_place_gp__globalplace__design__sites:FreePDK45_38x28_10R_NP_162NW_34O,17968981.58367347,29464888.545112755,0.9008052474459818,20,980,0.0019386507924866736,0.9027438982384685,15
placement,fmax,3_3_place_gp__globalplace__gpl__area__final,17968981.58367347,29464888.545112755,0.9008052474459818,20,980,0.0019386507924866736,0.9027438982384685,16
placement,fmax,3_3_place_gp__globalplace__gpl__area__final__percent,17968981.58367347,29464888.545112755,0.9008052474459818,20,980,0.0019386507924866736,0.9027438982384685,17
placement,fmax,3_3_place_gp__globalplace__gpl__area__timing_delta,17969936.359183673,29464479.78536004,0.9008079996397472,20,980,0.0019358985987212307,0.9027438982384685,18
placement,fmax,3_3_place_gp__globalplace__gpl__area__timing_delta__percent,17969936.359183673,29464479.78536004,0.9008079996397472,20,980,0.0019358985987212307,0.9027438982384685,19
placement,fmax,3_3_place_gp__globalplace__timing__fmax,17813984.457142856,29282180.684439376,0.9020316203062746,20,980,0.000712277932193861,0.9027438982384685,20
placement,fmax,3_3_place_gp__globalplace__timing__fmax__clock:core_clock,17813984.457142856,29282180.684439376,0.9020316203062746,20,980,0.000712277932193861,0.9027438982384685,21
placement,fmax,3_3_place_gp__globalplace__timing__hold__ws,17813984.457142856,29282180.684439376,0.9020316203062746,20,980,0.000712277932193861,0.9027438982384685,22
placement,fmax,3_3_place_gp__globalplace__timing__setup__tns,17813984.457142856,29282180.684439376,0.9020316203062746,20,980,0.000712277932193861,0.9027438982384685,23
placement,fmax,3_3_place_gp__globalplace__timing__setup__ws,17813984.457142856,29282180.684439376,0.9020316203062746,20,980,0.000712277932193861,0.9027438982384685,24
placement,fmax,3_4_place_resized__placeopt__design__core__area,17813984.457142856,29282180.684439376,0.9020316203062746,20,980,0.000712277932193861,0.9027438982384685,25
placement,fmax,3_4_place_resized__placeopt__design__die__area,17813984.457142856,29282180.684439376,0.9020316203062746,20,980,0.000712277932193861,0.9027438982384685,26
placement,fmax,3_4_place_resized__placeopt__design__instance__area,17813984.457142856,29282180.684439376,0.9020316203062746,20,980,0.000712277932193861,0.9027438982384685,27
placement,fmax,3_4_place_resized__placeopt__design__instance__area__stdcell,17813984.457142856,29282180.684439376,0.9020316203062746,20,980,0.000712277932193861,0.9027438982384685,28
placement,fmax,3_4_place_resized__placeopt__design__instance__count,17813984.457142856,29282180.684439376,0.9020316203062746,20,980,0.000712277932193861,0.9027438982384685,29
placement,fmax,3_4_place_resized__placeopt__design__instance__count__stdcell,17813984.457142856,29282180.684439376,0.9020316203062746,20,980,0.000712277932193861,0.9027438982384685,30
placement,fmax,3_4_place_resized__placeopt__design__instance__utilization,17813984.457142856,29282180.684439376,0.9020316203062746,20,980,0.000712277932193861,0.9027438982384685,31
placement,fmax,3_4_place_resized__placeopt__design__instance__utilization__stdcell,17813984.457142856,29282180.684439376,0.9020316203062746,20,980,0.000712277932193861,0.9027438982384685,32
placement,fmax,3_4_place_resized__placeopt__design__nets,17813984.457142856,29282180.684439376,0.9020316203062746,20,980,0.000712277932193861,0.9027438982384685,33
placement,fmax,3_4_place_resized__placeopt__design__rows,17813984.457142856,29282180.684439376,0.9020316203062746,20,980,0.000712277932193861,0.9027438982384685,34
placement,fmax,3_4_place_resized__placeopt__design__rows:FreePDK45_38x28_10R_NP_162NW_34O,17813984.457142856,29282180.684439376,0.9020316203062746,20,980,0.000712277932193861,0.9027438982384685,35
placement,fmax,3_4_place_resized__placeopt__design__sites,17813984.457142856,29282180.684439376,0.9020316203062746,20,980,0.000712277932193861,0.9027438982384685,36
placement,fmax,3_4_place_resized__placeopt__design__sites:FreePDK45_38x28_10R_NP_162NW_34O,17813984.457142856,29282180.684439376,0.9020316203062746,20,980,0.000712277932193861,0.9027438982384685,37
placement,fmax,3_4_place_resized__placeopt__power__internal__total,17813984.457142856,29282180.684439376,0.9020316203062746,20,980,0.000712277932193861,0.9027438982384685,38
placement,fmax,3_4_place_resized__placeopt__power__leakage__total,17813984.457142856,29282180.684439376,0.9020316203062746,20,980,0.000712277932193861,0.9027438982384685,39
placement,fmax,3_4_place_resized__placeopt__power__switching__total,17813984.457142856,29282180.684439376,0.9020316203062746,20,980,0.000712277932193861,0.9027438982384685,40
placement,fmax,3_4_place_resized__placeopt__power__total,17813984.457142856,29282180.684439376,0.9020316203062746,20,980,0.000712277932193861,0.9027438982384685,41
placement,fmax,3_3_place_gp__globalplace__gpl__routability__iteration,17781512.424489796,29224840.19484591,0.9024149288280682,20,980,0.0003289694104002816,0.9027438982384685,42
placement,fmax,3_3_place_gp__globalplace__power__internal__total,17780987.624489795,29224636.28750086,0.9024162905630327,20,980,0.0003276076754357149,0.9027438982384685,43
placement,fmax,3_3_place_gp__globalplace__power__leakage__total,17780987.624489795,29224636.28750086,0.9024162905630327,20,980,0.0003276076754357149,0.9027438982384685,44
placement,fmax,3_3_place_gp__globalplace__power__switching__total,17780987.624489795,29224636.28750086,0.9024162905630327,20,980,0.0003276076754357149,0.9027438982384685,45
placement,fmax,3_3_place_gp__globalplace__power__total,17780987.624489795,29224636.28750086,0.9024162905630327,20,980,0.0003276076754357149,0.9027438982384685,46
placement,fmax,3_3_place_gp__globalplace__gpl__convergence__iteration,17667495.575510204,29172455.281319037,0.902764453678665,20,980,-2.0555440196523556e-05,0.9027438982384685,47
placement,fmax,3_3_place_gp__globalplace__route__wirelength__estimated,17732692.17959184,29144063.926783465,0.9029536256545307,20,980,-0.00020972741606228862,0.9027438982384685,48
placement,fmax,3_5_place_dp__detailedplace__dpl__hpwl__delta,17582382.824489795,29137758.99910911,0.9029956104777775,20,980,-0.0002517122393090876,0.9027438982384685,49
placement,fmax,3_5_place_dp__detailedplace__timing__hold__ws,17552338.1877551,29101104.070046224,0.9032395175339877,20,980,-0.0004956192955192229,0.9027438982384685,50
placement,fmax,3_4_place_resized__placeopt__timing__drv__max_slew_limit,17782404.27755102,29091378.583388504,0.9033041807531121,20,980,-0.0005602825146436841,0.9027438982384685,51
placement,fmax,3_4_place_resized__placeopt__timing__drv__setup_violation_count,17656835.46122449,29088096.006871074,0.9033260012053019,20,980,-0.0005821029668334754,0.9027438982384685,52
placement,fmax,3_4_place_resized__placeopt__timing__fmax,17656835.46122449,29088096.006871074,0.9033260012053019,20,980,-0.0005821029668334754,0.9027438982384685,53
placement,fmax,3_4_place_resized__placeopt__timing__fmax__clock:core_clock,17656835.46122449,29088096.006871074,0.9033260012053019,20,980,-0.0005821029668334754,0.9027438982384685,54
placement,fmax,3_4_place_resized__placeopt__timing__hold__ws,17656835.46122449,29088096.006871074,0.9033260012053019,20,980,-0.0005821029668334754,0.9027438982384685,55
placement,fmax,3_4_place_resized__placeopt__timing__setup__tns,17656835.46122449,29088096.006871074,0.9033260012053019,20,980,-0.0005821029668334754,0.9027438982384685,56
placement,fmax,3_4_place_resized__placeopt__timing__setup__ws,17656835.46122449,29088096.006871074,0.9033260012053019,20,980,-0.0005821029668334754,0.9027438982384685,57
placement,fmax,3_5_place_dp__detailedplace__design__core__area,17656835.46122449,29088096.006871074,0.9033260012053019,20,980,-0.0005821029668334754,0.9027438982384685,58
placement,fmax,3_5_place_dp__detailedplace__design__die__area,17656835.46122449,29088096.006871074,0.9033260012053019,20,980,-0.0005821029668334754,0.9027438982384685,59
placement,fmax,3_5_place_dp__detailedplace__design__instance__area,17656835.46122449,29088096.006871074,0.9033260012053019,20,980,-0.0005821029668334754,0.9027438982384685,60
placement,fmax,3_5_place_dp__detailedplace__design__instance__area__stdcell,17656835.46122449,29088096.006871074,0.9033260012053019,20,980,-0.0005821029668334754,0.9027438982384685,61
placement,fmax,3_5_place_dp__detailedplace__design__instance__count,17656835.46122449,29088096.006871074,0.9033260012053019,20,980,-0.0005821029668334754,0.9027438982384685,62
placement,fmax,3_5_place_dp__detailedplace__design__instance__count__stdcell,17656835.46122449,29088096.006871074,0.9033260012053019,20,980,-0.0005821029668334754,0.9027438982384685,63
placement,fmax,3_5_place_dp__detailedplace__negotiation__converge__phase_1__iteration,17510643.134693876,29082879.808313284,0.9033606700649621,20,980,-0.0006167718264936672,0.9027438982384685,64
placement,fmax,3_5_place_dp__detailedplace__timing__fmax,17532691.102040816,29056931.658551645,0.9035330390435143,20,980,-0.0007891408050458848,0.9027438982384685,65
placement,fmax,3_5_place_dp__detailedplace__timing__fmax__clock:core_clock,17532691.102040816,29056931.658551645,0.9035330390435143,20,980,-0.0007891408050458848,0.9027438982384685,66
placement,fmax,3_5_place_dp__detailedplace__design__instance__utilization,17530206.10612245,29052077.850694977,0.9035652649502718,20,980,-0.0008213667118033285,0.9027438982384685,67
placement,fmax,3_5_place_dp__detailedplace__design__instance__utilization__stdcell,17530206.10612245,29052077.850694977,0.9035652649502718,20,980,-0.0008213667118033285,0.9027438982384685,68
placement,fmax,3_5_place_dp__detailedplace__design__nets,17530206.10612245,29052077.850694977,0.9035652649502718,20,980,-0.0008213667118033285,0.9027438982384685,69
placement,fmax,3_5_place_dp__detailedplace__design__rows,17530206.10612245,29052077.850694977,0.9035652649502718,20,980,-0.0008213667118033285,0.9027438982384685,70
placement,fmax,3_5_place_dp__detailedplace__design__rows:FreePDK45_38x28_10R_NP_162NW_34O,17530206.10612245,29052077.850694977,0.9035652649502718,20,980,-0.0008213667118033285,0.9027438982384685,71
placement,fmax,3_5_place_dp__detailedplace__design__sites,17530206.10612245,29052077.850694977,0.9035652649502718,20,980,-0.0008213667118033285,0.9027438982384685,72
placement,fmax,3_5_place_dp__detailedplace__design__sites:FreePDK45_38x28_10R_NP_162NW_34O,17530206.10612245,29052077.850694977,0.9035652649502718,20,980,-0.0008213667118033285,0.9027438982384685,73
placement,fmax,3_5_place_dp__detailedplace__dpl__hpwl__delta__percent,17519165.453061223,29051828.59265158,0.9035669197049081,20,980,-0.000823021466439644,0.9027438982384685,74
placement,fmax,3_5_place_dp__detailedplace__power__internal__total,17519165.453061223,29051828.59265158,0.9035669197049081,20,980,-0.000823021466439644,0.9027438982384685,75
placement,fmax,3_5_place_dp__detailedplace__power__leakage__total,17519165.453061223,29051828.59265158,0.9035669197049081,20,980,-0.000823021466439644,0.9027438982384685,76
placement,fmax,3_5_place_dp__detailedplace__power__switching__total,17519165.453061223,29051828.59265158,0.9035669197049081,20,980,-0.000823021466439644,0.9027438982384685,77
placement,fmax,3_5_place_dp__detailedplace__power__total,17519165.453061223,29051828.59265158,0.9035669197049081,20,980,-0.000823021466439644,0.9027438982384685,78
placement,fmax,3_5_place_dp__detailedplace__route__wirelength__estimated,17514769.04489796,29050401.755239557,0.9035763918073206,20,980,-0.0008324935688521773,0.9027438982384685,79
placement,fmax,3_5_place_dp__detailedplace__design__instance__displacement__mean,17650843.330612246,29030635.115524475,0.9037075653658484,20,980,-0.0009636671273799413,0.9027438982384685,80
placement,fmax,3_5_place_dp__detailedplace__timing__drv__max_slew_limit,17510746.971428573,29030119.38327162,0.9037109866256956,20,980,-0.0009670883872271441,0.9027438982384685,81
placement,fmax,3_5_place_dp__detailedplace__timing__drv__setup_violation_count,17510746.971428573,29030119.38327162,0.9037109866256956,20,980,-0.0009670883872271441,0.9027438982384685,82
placement,fmax,3_5_place_dp__detailedplace__timing__setup__tns,17510746.971428573,29030119.38327162,0.9037109866256956,20,980,-0.0009670883872271441,0.9027438982384685,83
placement,fmax,3_5_place_dp__detailedplace__timing__setup__ws,17510746.971428573,29030119.38327162,0.9037109866256956,20,980,-0.0009670883872271441,0.9027438982384685,84
placement,fmax,3_5_place_dp__detailedplace__utilization__before__dpl,17510746.971428573,29030119.38327162,0.9037109866256956,20,980,-0.0009670883872271441,0.9027438982384685,85
placement,fmax,param:CLK_PERIOD,17510746.971428573,29030119.38327162,0.9037109866256956,20,980,-0.0009670883872271441,0.9027438982384685,86
placement,fmax,param:CORE_ASPECT_RATIO,17510746.971428573,29030119.38327162,0.9037109866256956,20,980,-0.0009670883872271441,0.9027438982384685,87
placement,fmax,param:CORE_UTILIZATION,17510746.971428573,29030119.38327162,0.9037109866256956,20,980,-0.0009670883872271441,0.9027438982384685,88
placement,fmax,param:CTS_CLUSTER_SIZE,17510746.971428573,29030119.38327162,0.9037109866256956,20,980,-0.0009670883872271441,0.9027438982384685,89
placement,fmax,param:PLACE_DENSITY_LB_ADDON,17510746.971428573,29030119.38327162,0.9037109866256956,20,980,-0.0009670883872271441,0.9027438982384685,90
placement,fmax,param:TNS_END_PERCENT,17510746.971428573,29030119.38327162,0.9037109866256956,20,980,-0.0009670883872271441,0.9027438982384685,91
placement,fmax,3_5_place_dp__detailedplace__design__instance__displacement__total,17614573.518367346,29025805.8764774,0.9037395991470942,20,980,-0.000995700908625774,0.9027438982384685,92
placement,fmax,3_3_place_gp__globalplace__gpl__routability__congestion,17406417.66530612,28997669.158766102,0.9039261323990884,20,980,-0.0011822341606199105,0.9027438982384685,93
placement,fmax,3_5_place_dp__detailedplace__design__instance__displacement__max,17047012.636734694,28544697.792837415,0.9069042206603717,20,980,-0.004160322421903229,0.9027438982384685,94
placement,fmax,3_4_place_resized__placeopt__timing__drv__max_cap_limit,16965414.889795918,28148614.00597638,0.9094698740600051,20,980,-0.006725975821536667,0.9027438982384685,95
placement,power,3_3_place_gp__globalplace__design__core__area,0.00039007932416178687,0.0007131290976704106,0.9320211355383109,20,980,0.00029121785422114854,0.932312353392532,1
placement,power,3_3_place_gp__globalplace__design__die__area,0.00039007932416178687,0.0007131290976704106,0.9320211355383109,20,980,0.00029121785422114854,0.932312353392532,2
placement,power,3_3_place_gp__globalplace__design__instance__count,0.00039007932416178687,0.0007131290976704106,0.9320211355383109,20,980,0.00029121785422114854,0.932312353392532,3
placement,power,3_3_place_gp__globalplace__design__instance__count__stdcell,0.00039007932416178687,0.0007131290976704106,0.9320211355383109,20,980,0.00029121785422114854,0.932312353392532,4
placement,power,3_3_place_gp__globalplace__design__instance__utilization,0.00039007932416178687,0.0007131290976704106,0.9320211355383109,20,980,0.00029121785422114854,0.932312353392532,5
placement,power,3_3_place_gp__globalplace__design__instance__utilization__stdcell,0.00039007932416178687,0.0007131290976704106,0.9320211355383109,20,980,0.00029121785422114854,0.932312353392532,6
placement,power,3_3_place_gp__globalplace__design__nets,0.00039007932416178687,0.0007131290976704106,0.9320211355383109,20,980,0.00029121785422114854,0.932312353392532,7
placement,power,3_3_place_gp__globalplace__design__rows,0.00039007932416178687,0.0007131290976704106,0.9320211355383109,20,980,0.00029121785422114854,0.932312353392532,8
placement,power,3_3_place_gp__globalplace__design__rows:FreePDK45_38x28_10R_NP_162NW_34O,0.00039007932416178687,0.0007131290976704106,0.9320211355383109,20,980,0.00029121785422114854,0.932312353392532,9
placement,power,3_3_place_gp__globalplace__design__sites,0.00039007932416178687,0.0007131290976704106,0.9320211355383109,20,980,0.00029121785422114854,0.932312353392532,10
placement,power,3_3_place_gp__globalplace__design__sites:FreePDK45_38x28_10R_NP_162NW_34O,0.00039007932416178687,0.0007131290976704106,0.9320211355383109,20,980,0.00029121785422114854,0.932312353392532,11
placement,power,3_3_place_gp__globalplace__gpl__area__final,0.00039007932416178687,0.0007131290976704106,0.9320211355383109,20,980,0.00029121785422114854,0.932312353392532,12
placement,power,3_3_place_gp__globalplace__gpl__area__final__percent,0.00039007932416178687,0.0007131290976704106,0.9320211355383109,20,980,0.00029121785422114854,0.932312353392532,13
placement,power,3_3_place_gp__globalplace__power__internal__total,0.00039022284619734545,0.0007126933645289933,0.9321041824786697,20,980,0.00020817091386238218,0.932312353392532,14
placement,power,3_3_place_gp__globalplace__gpl__area__timing_delta,0.0003899929720277014,0.0007124886905772491,0.9321431740297217,20,980,0.00016917936281035661,0.932312353392532,15
placement,power,3_3_place_gp__globalplace__gpl__area__timing_delta__percent,0.0003899929720277014,0.0007124886905772491,0.9321431740297217,20,980,0.00016917936281035661,0.932312353392532,16
placement,power,3_3_place_gp__globalplace__gpl__convergence__iteration,0.0003899929720277014,0.0007124886905772491,0.9321431740297217,20,980,0.00016917936281035661,0.932312353392532,17
placement,power,3_3_place_gp__globalplace__gpl__routability__iteration,0.0003899929720277014,0.0007124886905772491,0.9321431740297217,20,980,0.00016917936281035661,0.932312353392532,18
placement,power,3_3_place_gp__globalplace__power__leakage__total,0.0003899929720277014,0.0007124886905772491,0.9321431740297217,20,980,0.00016917936281035661,0.932312353392532,19
placement,power,3_3_place_gp__globalplace__power__switching__total,0.0003899929720277014,0.0007124886905772491,0.9321431740297217,20,980,0.00016917936281035661,0.932312353392532,20
placement,power,3_3_place_gp__globalplace__power__total,0.0003899929720277014,0.0007124886905772491,0.9321431740297217,20,980,0.00016917936281035661,0.932312353392532,21
placement,power,3_3_place_gp__globalplace__route__wirelength__estimated,0.0003899929720277014,0.0007124886905772491,0.9321431740297217,20,980,0.00016917936281035661,0.932312353392532,22
placement,power,3_3_place_gp__globalplace__timing__fmax,0.0003899929720277014,0.0007124886905772491,0.9321431740297217,20,980,0.00016917936281035661,0.932312353392532,23
placement,power,3_3_place_gp__globalplace__timing__fmax__clock:core_clock,0.0003899929720277014,0.0007124886905772491,0.9321431740297217,20,980,0.00016917936281035661,0.932312353392532,24
placement,power,3_3_place_gp__globalplace__timing__hold__ws,0.0003899929720277014,0.0007124886905772491,0.9321431740297217,20,980,0.00016917936281035661,0.932312353392532,25
placement,power,3_3_place_gp__globalplace__timing__setup__tns,0.0003899929720277014,0.0007124886905772491,0.9321431740297217,20,980,0.00016917936281035661,0.932312353392532,26
placement,power,3_3_place_gp__globalplace__timing__setup__ws,0.0003899929720277014,0.0007124886905772491,0.9321431740297217,20,980,0.00016917936281035661,0.932312353392532,27
placement,power,3_4_place_resized__placeopt__design__core__area,0.0003899929720277014,0.0007124886905772491,0.9321431740297217,20,980,0.00016917936281035661,0.932312353392532,28
placement,power,3_4_place_resized__placeopt__design__die__area,0.0003899929720277014,0.0007124886905772491,0.9321431740297217,20,980,0.00016917936281035661,0.932312353392532,29
placement,power,3_4_place_resized__placeopt__design__instance__area,0.0003899929720277014,0.0007124886905772491,0.9321431740297217,20,980,0.00016917936281035661,0.932312353392532,30
placement,power,3_4_place_resized__placeopt__design__instance__area__stdcell,0.0003899929720277014,0.0007124886905772491,0.9321431740297217,20,980,0.00016917936281035661,0.932312353392532,31
placement,power,3_4_place_resized__placeopt__design__instance__count,0.0003899929720277014,0.0007124886905772491,0.9321431740297217,20,980,0.00016917936281035661,0.932312353392532,32
placement,power,3_4_place_resized__placeopt__design__instance__count__stdcell,0.0003899929720277014,0.0007124886905772491,0.9321431740297217,20,980,0.00016917936281035661,0.932312353392532,33
placement,power,3_4_place_resized__placeopt__design__instance__utilization,0.0003899929720277014,0.0007124886905772491,0.9321431740297217,20,980,0.00016917936281035661,0.932312353392532,34
placement,power,3_4_place_resized__placeopt__design__instance__utilization__stdcell,0.0003899929720277014,0.0007124886905772491,0.9321431740297217,20,980,0.00016917936281035661,0.932312353392532,35
placement,power,3_4_place_resized__placeopt__design__nets,0.0003899929720277014,0.0007124886905772491,0.9321431740297217,20,980,0.00016917936281035661,0.932312353392532,36
placement,power,3_4_place_resized__placeopt__design__rows,0.0003899929720277014,0.0007124886905772491,0.9321431740297217,20,980,0.00016917936281035661,0.932312353392532,37
placement,power,3_4_place_resized__placeopt__design__rows:FreePDK45_38x28_10R_NP_162NW_34O,0.0003899929720277014,0.0007124886905772491,0.9321431740297217,20,980,0.00016917936281035661,0.932312353392532,38
placement,power,3_4_place_resized__placeopt__design__sites,0.0003899929720277014,0.0007124886905772491,0.9321431740297217,20,980,0.00016917936281035661,0.932312353392532,39
placement,power,3_4_place_resized__placeopt__design__sites:FreePDK45_38x28_10R_NP_162NW_34O,0.0003899929720277014,0.0007124886905772491,0.9321431740297217,20,980,0.00016917936281035661,0.932312353392532,40
placement,power,3_4_place_resized__placeopt__power__internal__total,0.0003899929720277014,0.0007124886905772491,0.9321431740297217,20,980,0.00016917936281035661,0.932312353392532,41
placement,power,3_4_place_resized__placeopt__power__leakage__total,0.0003899929720277014,0.0007124886905772491,0.9321431740297217,20,980,0.00016917936281035661,0.932312353392532,42
placement,power,3_4_place_resized__placeopt__power__switching__total,0.0003899929720277014,0.0007124886905772491,0.9321431740297217,20,980,0.00016917936281035661,0.932312353392532,43
placement,power,3_4_place_resized__placeopt__power__total,0.0003899929720277014,0.0007124886905772491,0.9321431740297217,20,980,0.00016917936281035661,0.932312353392532,44
placement,power,3_4_place_resized__placeopt__timing__drv__max_cap_limit,0.0003899929720277014,0.0007124886905772491,0.9321431740297217,20,980,0.00016917936281035661,0.932312353392532,45
placement,power,3_4_place_resized__placeopt__timing__drv__max_slew_limit,0.0003899929720277014,0.0007124886905772491,0.9321431740297217,20,980,0.00016917936281035661,0.932312353392532,46
placement,power,3_4_place_resized__placeopt__timing__drv__setup_violation_count,0.0003899929720277014,0.0007124886905772491,0.9321431740297217,20,980,0.00016917936281035661,0.932312353392532,47
placement,power,3_4_place_resized__placeopt__timing__fmax,0.0003899929720277014,0.0007124886905772491,0.9321431740297217,20,980,0.00016917936281035661,0.932312353392532,48
placement,power,3_4_place_resized__placeopt__timing__fmax__clock:core_clock,0.0003899929720277014,0.0007124886905772491,0.9321431740297217,20,980,0.00016917936281035661,0.932312353392532,49
placement,power,3_4_place_resized__placeopt__timing__hold__ws,0.0003899929720277014,0.0007124886905772491,0.9321431740297217,20,980,0.00016917936281035661,0.932312353392532,50
placement,power,3_4_place_resized__placeopt__timing__setup__tns,0.0003899929720277014,0.0007124886905772491,0.9321431740297217,20,980,0.00016917936281035661,0.932312353392532,51
placement,power,3_4_place_resized__placeopt__timing__setup__ws,0.0003899929720277014,0.0007124886905772491,0.9321431740297217,20,980,0.00016917936281035661,0.932312353392532,52
placement,power,3_5_place_dp__detailedplace__design__core__area,0.0003899929720277014,0.0007124886905772491,0.9321431740297217,20,980,0.00016917936281035661,0.932312353392532,53
placement,power,3_5_place_dp__detailedplace__design__die__area,0.0003899929720277014,0.0007124886905772491,0.9321431740297217,20,980,0.00016917936281035661,0.932312353392532,54
placement,power,3_5_place_dp__detailedplace__design__instance__area,0.0003899929720277014,0.0007124886905772491,0.9321431740297217,20,980,0.00016917936281035661,0.932312353392532,55
placement,power,3_5_place_dp__detailedplace__design__instance__area__stdcell,0.0003899929720277014,0.0007124886905772491,0.9321431740297217,20,980,0.00016917936281035661,0.932312353392532,56
placement,power,3_5_place_dp__detailedplace__design__instance__count,0.0003899929720277014,0.0007124886905772491,0.9321431740297217,20,980,0.00016917936281035661,0.932312353392532,57
placement,power,3_5_place_dp__detailedplace__design__instance__count__stdcell,0.0003899929720277014,0.0007124886905772491,0.9321431740297217,20,980,0.00016917936281035661,0.932312353392532,58
placement,power,3_5_place_dp__detailedplace__design__instance__displacement__max,0.0003899929720277014,0.0007124886905772491,0.9321431740297217,20,980,0.00016917936281035661,0.932312353392532,59
placement,power,3_5_place_dp__detailedplace__design__instance__displacement__mean,0.0003899929720277014,0.0007124886905772491,0.9321431740297217,20,980,0.00016917936281035661,0.932312353392532,60
placement,power,3_5_place_dp__detailedplace__design__instance__displacement__total,0.0003899929720277014,0.0007124886905772491,0.9321431740297217,20,980,0.00016917936281035661,0.932312353392532,61
placement,power,3_5_place_dp__detailedplace__design__instance__utilization,0.0003899929720277014,0.0007124886905772491,0.9321431740297217,20,980,0.00016917936281035661,0.932312353392532,62
placement,power,3_5_place_dp__detailedplace__design__instance__utilization__stdcell,0.0003899929720277014,0.0007124886905772491,0.9321431740297217,20,980,0.00016917936281035661,0.932312353392532,63
placement,power,3_5_place_dp__detailedplace__design__nets,0.0003899929720277014,0.0007124886905772491,0.9321431740297217,20,980,0.00016917936281035661,0.932312353392532,64
placement,power,3_5_place_dp__detailedplace__design__rows,0.0003899929720277014,0.0007124886905772491,0.9321431740297217,20,980,0.00016917936281035661,0.932312353392532,65
placement,power,3_5_place_dp__detailedplace__design__rows:FreePDK45_38x28_10R_NP_162NW_34O,0.0003899929720277014,0.0007124886905772491,0.9321431740297217,20,980,0.00016917936281035661,0.932312353392532,66
placement,power,3_5_place_dp__detailedplace__design__sites,0.0003899929720277014,0.0007124886905772491,0.9321431740297217,20,980,0.00016917936281035661,0.932312353392532,67
placement,power,3_5_place_dp__detailedplace__design__sites:FreePDK45_38x28_10R_NP_162NW_34O,0.0003899929720277014,0.0007124886905772491,0.9321431740297217,20,980,0.00016917936281035661,0.932312353392532,68
placement,power,3_5_place_dp__detailedplace__dpl__hpwl__delta,0.0003899929720277014,0.0007124886905772491,0.9321431740297217,20,980,0.00016917936281035661,0.932312353392532,69
placement,power,3_5_place_dp__detailedplace__dpl__hpwl__delta__percent,0.0003899929720277014,0.0007124886905772491,0.9321431740297217,20,980,0.00016917936281035661,0.932312353392532,70
placement,power,3_5_place_dp__detailedplace__negotiation__converge__phase_1__iteration,0.0003899929720277014,0.0007124886905772491,0.9321431740297217,20,980,0.00016917936281035661,0.932312353392532,71
placement,power,3_5_place_dp__detailedplace__power__internal__total,0.0003899929720277014,0.0007124886905772491,0.9321431740297217,20,980,0.00016917936281035661,0.932312353392532,72
placement,power,3_5_place_dp__detailedplace__power__leakage__total,0.0003899929720277014,0.0007124886905772491,0.9321431740297217,20,980,0.00016917936281035661,0.932312353392532,73
placement,power,3_5_place_dp__detailedplace__power__switching__total,0.0003899929720277014,0.0007124886905772491,0.9321431740297217,20,980,0.00016917936281035661,0.932312353392532,74
placement,power,3_5_place_dp__detailedplace__power__total,0.0003899929720277014,0.0007124886905772491,0.9321431740297217,20,980,0.00016917936281035661,0.932312353392532,75
placement,power,3_5_place_dp__detailedplace__route__wirelength__estimated,0.0003899929720277014,0.0007124886905772491,0.9321431740297217,20,980,0.00016917936281035661,0.932312353392532,76
placement,power,3_5_place_dp__detailedplace__timing__drv__max_cap_limit,0.0003899929720277014,0.0007124886905772491,0.9321431740297217,20,980,0.00016917936281035661,0.932312353392532,77
placement,power,3_5_place_dp__detailedplace__timing__drv__max_slew_limit,0.0003899929720277014,0.0007124886905772491,0.9321431740297217,20,980,0.00016917936281035661,0.932312353392532,78
placement,power,3_5_place_dp__detailedplace__timing__drv__setup_violation_count,0.0003899929720277014,0.0007124886905772491,0.9321431740297217,20,980,0.00016917936281035661,0.932312353392532,79
placement,power,3_5_place_dp__detailedplace__timing__fmax,0.0003899929720277014,0.0007124886905772491,0.9321431740297217,20,980,0.00016917936281035661,0.932312353392532,80
placement,power,3_5_place_dp__detailedplace__timing__fmax__clock:core_clock,0.0003899929720277014,0.0007124886905772491,0.9321431740297217,20,980,0.00016917936281035661,0.932312353392532,81
placement,power,3_5_place_dp__detailedplace__timing__hold__ws,0.0003899929720277014,0.0007124886905772491,0.9321431740297217,20,980,0.00016917936281035661,0.932312353392532,82
placement,power,3_5_place_dp__detailedplace__timing__setup__tns,0.0003899929720277014,0.0007124886905772491,0.9321431740297217,20,980,0.00016917936281035661,0.932312353392532,83
placement,power,3_5_place_dp__detailedplace__timing__setup__ws,0.0003899929720277014,0.0007124886905772491,0.9321431740297217,20,980,0.00016917936281035661,0.932312353392532,84
placement,power,3_5_place_dp__detailedplace__utilization__before__dpl,0.0003899929720277014,0.0007124886905772491,0.9321431740297217,20,980,0.00016917936281035661,0.932312353392532,85
placement,power,param:CLK_PERIOD,0.0003899929720277014,0.0007124886905772491,0.9321431740297217,20,980,0.00016917936281035661,0.932312353392532,86
placement,power,param:CORE_ASPECT_RATIO,0.0003899929720277014,0.0007124886905772491,0.9321431740297217,20,980,0.00016917936281035661,0.932312353392532,87
placement,power,param:CORE_UTILIZATION,0.0003899929720277014,0.0007124886905772491,0.9321431740297217,20,980,0.00016917936281035661,0.932312353392532,88
placement,power,param:CTS_CLUSTER_SIZE,0.0003899929720277014,0.0007124886905772491,0.9321431740297217,20,980,0.00016917936281035661,0.932312353392532,89
placement,power,param:PLACE_DENSITY_LB_ADDON,0.0003899929720277014,0.0007124886905772491,0.9321431740297217,20,980,0.00016917936281035661,0.932312353392532,90
placement,power,param:TNS_END_PERCENT,0.0003899929720277014,0.0007124886905772491,0.9321431740297217,20,980,0.00016917936281035661,0.932312353392532,91
placement,power,3_3_place_gp__globalplace__design__instance__area,0.0003876808606255049,0.0007104175716465429,0.932537103906522,20,980,-0.0002247505139899575,0.932312353392532,92
placement,power,3_3_place_gp__globalplace__design__instance__area__stdcell,0.0003876808606255049,0.0007104175716465429,0.932537103906522,20,980,-0.0002247505139899575,0.932312353392532,93
placement,power,3_3_place_gp__globalplace__gpl__area__original,0.00038951115561987613,0.000708814364882618,0.9328412487817577,20,980,-0.0005288953892256254,0.932312353392532,94
placement,power,3_3_place_gp__globalplace__gpl__routability__congestion,0.00036664528527958606,0.0006632920972763888,0.9411905338326745,20,980,-0.008878180440142436,0.932312353392532,95
