stage,target,dropped_feature,feature_group,mae,rmse,r2,n_train,n_test,delta_r2,full_r2,ablation_rank
floorplan,area,utilization,floorplan,109.16933037308674,128.9949566761522,-0.12758392114738526,20,980,1.0141927631464238,0.8866088419990386,1
floorplan,area,core_area,floorplan,26.30162064233897,40.61639115498895,0.8882091963728234,20,980,-0.001600354373784807,0.8866088419990386,2
floorplan,area,aspect_ratio,floorplan,26.858400773776314,40.5374839608952,0.8886431359635637,20,980,-0.0020342939645251468,0.8866088419990386,3
floorplan,fmax,utilization,floorplan,79253925.74693878,94218030.2147472,-0.014254944966779926,20,980,0.6029027888437581,0.5886478438769782,1
floorplan,fmax,core_area,floorplan,43810523.591836736,59842402.897485055,0.5908362591146039,20,980,-0.002188415237625696,0.5886478438769782,2
floorplan,fmax,aspect_ratio,floorplan,43310818.28571428,59556572.814350165,0.5947355679143225,20,980,-0.006087724037344255,0.5886478438769782,3
floorplan,power,utilization,floorplan,0.002453275564511737,0.002855495334435288,-0.08993475453194888,20,980,0.9525256670912579,0.862590912559309,1
floorplan,power,core_area,floorplan,0.0006077702634363004,0.0010120363996716022,0.8630916749964578,20,980,-0.0005007624371488051,0.862590912559309,2
floorplan,power,aspect_ratio,floorplan,0.0005915486613146559,0.0010098040093417034,0.863695004545425,20,980,-0.0011040919861160514,0.862590912559309,3
