stage,target,feature,shap_rank,mean_abs_shap,ablation_delta_r2,ablation_rank
floorplan,power,2_1_floorplan__floorplan__design__instance__area,1.0,0.0016616516513749957,0.0011553891027219487,1.0
floorplan,power,2_1_floorplan__floorplan__power__internal__total,2.0,0.00044182402780279517,0.00026980544299581855,11.0
floorplan,power,2_1_floorplan__floorplan__design__instance__area__stdcell,3.0,0.0002908184251282364,0.0011553891027219487,2.0
floorplan,power,2_1_floorplan__floorplan__design__core__area,4.0,0.0,0.0,26.0
floorplan,power,2_1_floorplan__floorplan__design__die__area,5.0,0.0,0.0,27.0
floorplan,power,2_1_floorplan__floorplan__design__instance__utilization,6.0,0.0,0.00026980544299581855,3.0
floorplan,power,2_1_floorplan__floorplan__design__instance__utilization__stdcell,7.0,0.0,0.00026980544299581855,4.0
floorplan,power,2_1_floorplan__floorplan__design__rows,8.0,0.0,0.00026980544299581855,5.0
floorplan,power,2_1_floorplan__floorplan__design__rows:FreePDK45_38x28_10R_NP_162NW_34O,9.0,0.0,0.00026980544299581855,6.0
floorplan,power,2_1_floorplan__floorplan__design__sites,10.0,0.0,0.00026980544299581855,7.0
floorplan,power,2_1_floorplan__floorplan__design__sites:FreePDK45_38x28_10R_NP_162NW_34O,11.0,0.0,0.00026980544299581855,8.0
floorplan,power,2_1_floorplan__floorplan__flow__warnings__count,12.0,0.0,0.00026980544299581855,9.0
floorplan,power,2_1_floorplan__floorplan__flow__warnings__type_count,13.0,0.0,0.00026980544299581855,10.0
floorplan,power,2_1_floorplan__floorplan__power__leakage__total,14.0,0.0,0.00026980544299581855,12.0
floorplan,power,2_1_floorplan__floorplan__power__switching__total,15.0,0.0,0.00026980544299581855,13.0
floorplan,power,2_1_floorplan__floorplan__power__total,16.0,0.0,0.00026980544299581855,14.0
floorplan,power,2_1_floorplan__floorplan__timing__fmax,17.0,0.0,0.00026980544299581855,15.0
floorplan,power,2_1_floorplan__floorplan__timing__fmax__clock:core_clock,18.0,0.0,0.00026980544299581855,16.0
floorplan,power,2_1_floorplan__floorplan__timing__hold__ws,19.0,0.0,0.00026980544299581855,17.0
floorplan,power,2_1_floorplan__floorplan__timing__setup__tns,20.0,0.0,0.00026980544299581855,18.0
floorplan,power,2_1_floorplan__floorplan__timing__setup__ws,21.0,0.0,0.00026980544299581855,19.0
floorplan,power,param:CLK_PERIOD,22.0,0.0,0.00026980544299581855,20.0
floorplan,power,param:CORE_ASPECT_RATIO,23.0,0.0,0.00026980544299581855,21.0
floorplan,power,param:CORE_UTILIZATION,24.0,0.0,0.00026980544299581855,22.0
floorplan,power,param:CTS_CLUSTER_SIZE,25.0,0.0,0.00026980544299581855,23.0
floorplan,power,param:PLACE_DENSITY_LB_ADDON,26.0,0.0,0.00026980544299581855,24.0
floorplan,power,param:TNS_END_PERCENT,27.0,0.0,0.00026980544299581855,25.0
floorplan,power,__spearman_rho__,,,0.6404151404151404,
floorplan,fmax,2_1_floorplan__floorplan__power__internal__total,1.0,63612308.0,0.0031888318807187233,23.0
floorplan,fmax,2_1_floorplan__floorplan__design__instance__area,2.0,17020110.0,0.0032371757232099174,21.0
floorplan,fmax,param:CORE_UTILIZATION,3.0,3486961.25,-0.0047197395401454845,27.0
floorplan,fmax,2_1_floorplan__floorplan__design__instance__area__stdcell,4.0,1950286.5,0.0032371757232099174,22.0
floorplan,fmax,2_1_floorplan__floorplan__power__total,5.0,1332281.5,0.0032663384464171052,11.0
floorplan,fmax,2_1_floorplan__floorplan__power__switching__total,6.0,218038.71875,0.0032663384464171052,10.0
floorplan,fmax,2_1_floorplan__floorplan__design__core__area,7.0,0.0,0.0032403271147882773,19.0
floorplan,fmax,2_1_floorplan__floorplan__design__die__area,8.0,0.0,0.0032403271147882773,20.0
floorplan,fmax,2_1_floorplan__floorplan__design__instance__utilization,9.0,0.0,0.0032663384464171052,1.0
floorplan,fmax,2_1_floorplan__floorplan__design__instance__utilization__stdcell,10.0,0.0,0.0032663384464171052,2.0
floorplan,fmax,2_1_floorplan__floorplan__design__rows,11.0,0.0,0.0032663384464171052,3.0
floorplan,fmax,2_1_floorplan__floorplan__design__rows:FreePDK45_38x28_10R_NP_162NW_34O,12.0,0.0,0.0032663384464171052,4.0
floorplan,fmax,2_1_floorplan__floorplan__design__sites,13.0,0.0,0.0032663384464171052,5.0
floorplan,fmax,2_1_floorplan__floorplan__design__sites:FreePDK45_38x28_10R_NP_162NW_34O,14.0,0.0,0.0032663384464171052,6.0
floorplan,fmax,2_1_floorplan__floorplan__flow__warnings__count,15.0,0.0,0.0032663384464171052,7.0
floorplan,fmax,2_1_floorplan__floorplan__flow__warnings__type_count,16.0,0.0,0.0032663384464171052,8.0
floorplan,fmax,2_1_floorplan__floorplan__power__leakage__total,17.0,0.0,0.0032663384464171052,9.0
floorplan,fmax,2_1_floorplan__floorplan__timing__fmax,18.0,0.0,0.0032663384464171052,12.0
floorplan,fmax,2_1_floorplan__floorplan__timing__fmax__clock:core_clock,19.0,0.0,0.0032663384464171052,13.0
floorplan,fmax,2_1_floorplan__floorplan__timing__hold__ws,20.0,0.0,0.0032663384464171052,14.0
floorplan,fmax,2_1_floorplan__floorplan__timing__setup__tns,21.0,0.0,0.0032663384464171052,15.0
floorplan,fmax,2_1_floorplan__floorplan__timing__setup__ws,22.0,0.0,0.0032663384464171052,16.0
floorplan,fmax,param:CLK_PERIOD,23.0,0.0,0.0032663384464171052,17.0
floorplan,fmax,param:CORE_ASPECT_RATIO,24.0,0.0,0.0032663384464171052,18.0
floorplan,fmax,param:CTS_CLUSTER_SIZE,25.0,0.0,-3.3855361832868525e-05,24.0
floorplan,fmax,param:PLACE_DENSITY_LB_ADDON,26.0,0.0,-3.3855361832868525e-05,25.0
floorplan,fmax,param:TNS_END_PERCENT,27.0,0.0,-3.3855361832868525e-05,26.0
floorplan,fmax,__spearman_rho__,,,0.10989010989010989,
floorplan,area,2_1_floorplan__floorplan__design__instance__area,1.0,89.69619750976562,0.00018847407830480112,23.0
floorplan,area,2_1_floorplan__floorplan__power__internal__total,2.0,19.437458038330078,0.0002626738480856483,22.0
floorplan,area,2_1_floorplan__floorplan__design__instance__area__stdcell,3.0,13.887642860412598,0.00018847407830480112,24.0
floorplan,area,param:CORE_UTILIZATION,4.0,2.246295928955078,0.0025035758739042624,1.0
floorplan,area,2_1_floorplan__floorplan__power__total,5.0,0.45831799507141113,0.0002627228976773699,14.0
floorplan,area,2_1_floorplan__floorplan__power__switching__total,6.0,0.20591548085212708,0.0002627228976773699,13.0
floorplan,area,param:CTS_CLUSTER_SIZE,7.0,0.01132621243596077,9.259644079462337e-05,25.0
floorplan,area,2_1_floorplan__floorplan__design__core__area,8.0,0.0,0.0003399870254534587,2.0
floorplan,area,2_1_floorplan__floorplan__design__die__area,9.0,0.0,0.0003399870254534587,3.0
floorplan,area,2_1_floorplan__floorplan__design__instance__utilization,10.0,0.0,0.0002627228976773699,4.0
floorplan,area,2_1_floorplan__floorplan__design__instance__utilization__stdcell,11.0,0.0,0.0002627228976773699,5.0
floorplan,area,2_1_floorplan__floorplan__design__rows,12.0,0.0,0.0002627228976773699,6.0
floorplan,area,2_1_floorplan__floorplan__design__rows:FreePDK45_38x28_10R_NP_162NW_34O,13.0,0.0,0.0002627228976773699,7.0
floorplan,area,2_1_floorplan__floorplan__design__sites,14.0,0.0,0.0002627228976773699,8.0
floorplan,area,2_1_floorplan__floorplan__design__sites:FreePDK45_38x28_10R_NP_162NW_34O,15.0,0.0,0.0002627228976773699,9.0
floorplan,area,2_1_floorplan__floorplan__flow__warnings__count,16.0,0.0,0.0002627228976773699,10.0
floorplan,area,2_1_floorplan__floorplan__flow__warnings__type_count,17.0,0.0,0.0002627228976773699,11.0
floorplan,area,2_1_floorplan__floorplan__power__leakage__total,18.0,0.0,0.0002627228976773699,12.0
floorplan,area,2_1_floorplan__floorplan__timing__fmax,19.0,0.0,0.0002627228976773699,15.0
floorplan,area,2_1_floorplan__floorplan__timing__fmax__clock:core_clock,20.0,0.0,0.0002627228976773699,16.0
floorplan,area,2_1_floorplan__floorplan__timing__hold__ws,21.0,0.0,0.0002627228976773699,17.0
floorplan,area,2_1_floorplan__floorplan__timing__setup__tns,22.0,0.0,0.0002627228976773699,18.0
floorplan,area,2_1_floorplan__floorplan__timing__setup__ws,23.0,0.0,0.0002627228976773699,19.0
floorplan,area,param:CLK_PERIOD,24.0,0.0,0.0002627228976773699,20.0
floorplan,area,param:CORE_ASPECT_RATIO,25.0,0.0,0.0002627228976773699,21.0
floorplan,area,param:PLACE_DENSITY_LB_ADDON,26.0,0.0,9.259644079462337e-05,26.0
floorplan,area,param:TNS_END_PERCENT,27.0,0.0,9.259644079462337e-05,27.0
floorplan,area,__spearman_rho__,,,0.2991452991452991,
placement,power,3_3_place_gp__globalplace__design__instance__area,1.0,0.001574518857523799,-0.0002247505139899575,92.0
placement,power,3_3_place_gp__globalplace__gpl__area__original,2.0,0.000490281789097935,-0.0005288953892256254,94.0
placement,power,3_3_place_gp__globalplace__power__internal__total,3.0,0.00022044035722501576,0.00020817091386238218,14.0
placement,power,3_3_place_gp__globalplace__design__instance__area__stdcell,4.0,0.00014334966544993222,-0.0002247505139899575,93.0
placement,power,3_3_place_gp__globalplace__gpl__routability__congestion,5.0,4.862740752287209e-05,-0.008878180440142436,95.0
placement,power,3_3_place_gp__globalplace__design__core__area,6.0,0.0,0.00029121785422114854,1.0
placement,power,3_3_place_gp__globalplace__design__die__area,7.0,0.0,0.00029121785422114854,2.0
placement,power,3_3_place_gp__globalplace__design__instance__count,8.0,0.0,0.00029121785422114854,3.0
placement,power,3_3_place_gp__globalplace__design__instance__count__stdcell,9.0,0.0,0.00029121785422114854,4.0
placement,power,3_3_place_gp__globalplace__design__instance__utilization,10.0,0.0,0.00029121785422114854,5.0
placement,power,3_3_place_gp__globalplace__design__instance__utilization__stdcell,11.0,0.0,0.00029121785422114854,6.0
placement,power,3_3_place_gp__globalplace__design__nets,12.0,0.0,0.00029121785422114854,7.0
placement,power,3_3_place_gp__globalplace__design__rows,13.0,0.0,0.00029121785422114854,8.0
placement,power,3_3_place_gp__globalplace__design__rows:FreePDK45_38x28_10R_NP_162NW_34O,14.0,0.0,0.00029121785422114854,9.0
placement,power,3_3_place_gp__globalplace__design__sites,15.0,0.0,0.00029121785422114854,10.0
placement,power,3_3_place_gp__globalplace__design__sites:FreePDK45_38x28_10R_NP_162NW_34O,16.0,0.0,0.00029121785422114854,11.0
placement,power,3_3_place_gp__globalplace__gpl__area__final,17.0,0.0,0.00029121785422114854,12.0
placement,power,3_3_place_gp__globalplace__gpl__area__final__percent,18.0,0.0,0.00029121785422114854,13.0
placement,power,3_3_place_gp__globalplace__gpl__area__timing_delta,19.0,0.0,0.00016917936281035661,15.0
placement,power,3_3_place_gp__globalplace__gpl__area__timing_delta__percent,20.0,0.0,0.00016917936281035661,16.0
placement,power,3_3_place_gp__globalplace__gpl__convergence__iteration,21.0,0.0,0.00016917936281035661,17.0
placement,power,3_3_place_gp__globalplace__gpl__routability__iteration,22.0,0.0,0.00016917936281035661,18.0
placement,power,3_3_place_gp__globalplace__power__leakage__total,23.0,0.0,0.00016917936281035661,19.0
placement,power,3_3_place_gp__globalplace__power__switching__total,24.0,0.0,0.00016917936281035661,20.0
placement,power,3_3_place_gp__globalplace__power__total,25.0,0.0,0.00016917936281035661,21.0
placement,power,3_3_place_gp__globalplace__route__wirelength__estimated,26.0,0.0,0.00016917936281035661,22.0
placement,power,3_3_place_gp__globalplace__timing__fmax,27.0,0.0,0.00016917936281035661,23.0
placement,power,3_3_place_gp__globalplace__timing__fmax__clock:core_clock,28.0,0.0,0.00016917936281035661,24.0
placement,power,3_3_place_gp__globalplace__timing__hold__ws,29.0,0.0,0.00016917936281035661,25.0
placement,power,3_3_place_gp__globalplace__timing__setup__tns,30.0,0.0,0.00016917936281035661,26.0
placement,power,3_3_place_gp__globalplace__timing__setup__ws,31.0,0.0,0.00016917936281035661,27.0
placement,power,3_4_place_resized__placeopt__design__core__area,32.0,0.0,0.00016917936281035661,28.0
placement,power,3_4_place_resized__placeopt__design__die__area,33.0,0.0,0.00016917936281035661,29.0
placement,power,3_4_place_resized__placeopt__design__instance__area,34.0,0.0,0.00016917936281035661,30.0
placement,power,3_4_place_resized__placeopt__design__instance__area__stdcell,35.0,0.0,0.00016917936281035661,31.0
placement,power,3_4_place_resized__placeopt__design__instance__count,36.0,0.0,0.00016917936281035661,32.0
placement,power,3_4_place_resized__placeopt__design__instance__count__stdcell,37.0,0.0,0.00016917936281035661,33.0
placement,power,3_4_place_resized__placeopt__design__instance__utilization,38.0,0.0,0.00016917936281035661,34.0
placement,power,3_4_place_resized__placeopt__design__instance__utilization__stdcell,39.0,0.0,0.00016917936281035661,35.0
placement,power,3_4_place_resized__placeopt__design__nets,40.0,0.0,0.00016917936281035661,36.0
placement,power,3_4_place_resized__placeopt__design__rows,41.0,0.0,0.00016917936281035661,37.0
placement,power,3_4_place_resized__placeopt__design__rows:FreePDK45_38x28_10R_NP_162NW_34O,42.0,0.0,0.00016917936281035661,38.0
placement,power,3_4_place_resized__placeopt__design__sites,43.0,0.0,0.00016917936281035661,39.0
placement,power,3_4_place_resized__placeopt__design__sites:FreePDK45_38x28_10R_NP_162NW_34O,44.0,0.0,0.00016917936281035661,40.0
placement,power,3_4_place_resized__placeopt__power__internal__total,45.0,0.0,0.00016917936281035661,41.0
placement,power,3_4_place_resized__placeopt__power__leakage__total,46.0,0.0,0.00016917936281035661,42.0
placement,power,3_4_place_resized__placeopt__power__switching__total,47.0,0.0,0.00016917936281035661,43.0
placement,power,3_4_place_resized__placeopt__power__total,48.0,0.0,0.00016917936281035661,44.0
placement,power,3_4_place_resized__placeopt__timing__drv__max_cap_limit,49.0,0.0,0.00016917936281035661,45.0
placement,power,3_4_place_resized__placeopt__timing__drv__max_slew_limit,50.0,0.0,0.00016917936281035661,46.0
placement,power,3_4_place_resized__placeopt__timing__drv__setup_violation_count,51.0,0.0,0.00016917936281035661,47.0
placement,power,3_4_place_resized__placeopt__timing__fmax,52.0,0.0,0.00016917936281035661,48.0
placement,power,3_4_place_resized__placeopt__timing__fmax__clock:core_clock,53.0,0.0,0.00016917936281035661,49.0
placement,power,3_4_place_resized__placeopt__timing__hold__ws,54.0,0.0,0.00016917936281035661,50.0
placement,power,3_4_place_resized__placeopt__timing__setup__tns,55.0,0.0,0.00016917936281035661,51.0
placement,power,3_4_place_resized__placeopt__timing__setup__ws,56.0,0.0,0.00016917936281035661,52.0
placement,power,3_5_place_dp__detailedplace__design__core__area,57.0,0.0,0.00016917936281035661,53.0
placement,power,3_5_place_dp__detailedplace__design__die__area,58.0,0.0,0.00016917936281035661,54.0
placement,power,3_5_place_dp__detailedplace__design__instance__area,59.0,0.0,0.00016917936281035661,55.0
placement,power,3_5_place_dp__detailedplace__design__instance__area__stdcell,60.0,0.0,0.00016917936281035661,56.0
placement,power,3_5_place_dp__detailedplace__design__instance__count,61.0,0.0,0.00016917936281035661,57.0
placement,power,3_5_place_dp__detailedplace__design__instance__count__stdcell,62.0,0.0,0.00016917936281035661,58.0
placement,power,3_5_place_dp__detailedplace__design__instance__displacement__max,63.0,0.0,0.00016917936281035661,59.0
placement,power,3_5_place_dp__detailedplace__design__instance__displacement__mean,64.0,0.0,0.00016917936281035661,60.0
placement,power,3_5_place_dp__detailedplace__design__instance__displacement__total,65.0,0.0,0.00016917936281035661,61.0
placement,power,3_5_place_dp__detailedplace__design__instance__utilization,66.0,0.0,0.00016917936281035661,62.0
placement,power,3_5_place_dp__detailedplace__design__instance__utilization__stdcell,67.0,0.0,0.00016917936281035661,63.0
placement,power,3_5_place_dp__detailedplace__design__nets,68.0,0.0,0.00016917936281035661,64.0
placement,power,3_5_place_dp__detailedplace__design__rows,69.0,0.0,0.00016917936281035661,65.0
placement,power,3_5_place_dp__detailedplace__design__rows:FreePDK45_38x28_10R_NP_162NW_34O,70.0,0.0,0.00016917936281035661,66.0
placement,power,3_5_place_dp__detailedplace__design__sites,71.0,0.0,0.00016917936281035661,67.0
placement,power,3_5_place_dp__detailedplace__design__sites:FreePDK45_38x28_10R_NP_162NW_34O,72.0,0.0,0.00016917936281035661,68.0
placement,power,3_5_place_dp__detailedplace__dpl__hpwl__delta,73.0,0.0,0.00016917936281035661,69.0
placement,power,3_5_place_dp__detailedplace__dpl__hpwl__delta__percent,74.0,0.0,0.00016917936281035661,70.0
placement,power,3_5_place_dp__detailedplace__negotiation__converge__phase_1__iteration,75.0,0.0,0.00016917936281035661,71.0
placement,power,3_5_place_dp__detailedplace__power__internal__total,76.0,0.0,0.00016917936281035661,72.0
placement,power,3_5_place_dp__detailedplace__power__leakage__total,77.0,0.0,0.00016917936281035661,73.0
placement,power,3_5_place_dp__detailedplace__power__switching__total,78.0,0.0,0.00016917936281035661,74.0
placement,power,3_5_place_dp__detailedplace__power__total,79.0,0.0,0.00016917936281035661,75.0
placement,power,3_5_place_dp__detailedplace__route__wirelength__estimated,80.0,0.0,0.00016917936281035661,76.0
placement,power,3_5_place_dp__detailedplace__timing__drv__max_cap_limit,81.0,0.0,0.00016917936281035661,77.0
placement,power,3_5_place_dp__detailedplace__timing__drv__max_slew_limit,82.0,0.0,0.00016917936281035661,78.0
placement,power,3_5_place_dp__detailedplace__timing__drv__setup_violation_count,83.0,0.0,0.00016917936281035661,79.0
placement,power,3_5_place_dp__detailedplace__timing__fmax,84.0,0.0,0.00016917936281035661,80.0
placement,power,3_5_place_dp__detailedplace__timing__fmax__clock:core_clock,85.0,0.0,0.00016917936281035661,81.0
placement,power,3_5_place_dp__detailedplace__timing__hold__ws,86.0,0.0,0.00016917936281035661,82.0
placement,power,3_5_place_dp__detailedplace__timing__setup__tns,87.0,0.0,0.00016917936281035661,83.0
placement,power,3_5_place_dp__detailedplace__timing__setup__ws,88.0,0.0,0.00016917936281035661,84.0
placement,power,3_5_place_dp__detailedplace__utilization__before__dpl,89.0,0.0,0.00016917936281035661,85.0
placement,power,param:CLK_PERIOD,90.0,0.0,0.00016917936281035661,86.0
placement,power,param:CORE_ASPECT_RATIO,91.0,0.0,0.00016917936281035661,87.0
placement,power,param:CORE_UTILIZATION,92.0,0.0,0.00016917936281035661,88.0
placement,power,param:CTS_CLUSTER_SIZE,93.0,0.0,0.00016917936281035661,89.0
placement,power,param:PLACE_DENSITY_LB_ADDON,94.0,0.0,0.00016917936281035661,90.0
placement,power,param:TNS_END_PERCENT,95.0,0.0,0.00016917936281035661,91.0
placement,power,__spearman_rho__,,,0.7589305711086226,
placement,fmax,3_3_place_gp__globalplace__design__instance__area,1.0,63377940.0,0.002102225155178661,2.0
placement,fmax,3_3_place_gp__globalplace__design__instance__area__stdcell,2.0,9108776.0,0.002102225155178661,3.0
placement,fmax,3_5_place_dp__detailedplace__timing__drv__max_cap_limit,3.0,9037676.0,0.004495254283885197,1.0
placement,fmax,3_4_place_resized__placeopt__timing__drv__max_cap_limit,4.0,4181042.25,-0.006725975821536667,95.0
placement,fmax,3_5_place_dp__detailedplace__design__instance__displacement__max,5.0,3972140.0,-0.004160322421903229,94.0
placement,fmax,3_4_place_resized__placeopt__timing__drv__max_slew_limit,6.0,3041000.75,-0.0005602825146436841,51.0
placement,fmax,3_3_place_gp__globalplace__gpl__convergence__iteration,7.0,1805133.625,-2.0555440196523556e-05,47.0
placement,fmax,3_3_place_gp__globalplace__design__instance__count,8.0,1659895.5,0.001965604486290795,5.0
placement,fmax,3_3_place_gp__globalplace__gpl__routability__congestion,9.0,836080.625,-0.0011822341606199105,93.0
placement,fmax,3_5_place_dp__detailedplace__design__instance__displacement__total,10.0,386834.6875,-0.000995700908625774,92.0
placement,fmax,3_3_place_gp__globalplace__power__internal__total,11.0,376723.6875,0.0003276076754357149,43.0
placement,fmax,3_5_place_dp__detailedplace__dpl__hpwl__delta,12.0,348734.03125,-0.0002517122393090876,49.0
placement,fmax,3_3_place_gp__globalplace__power__switching__total,13.0,282632.03125,0.0003276076754357149,45.0
placement,fmax,3_5_place_dp__detailedplace__timing__hold__ws,14.0,280970.84375,-0.0004956192955192229,50.0
placement,fmax,3_3_place_gp__globalplace__timing__hold__ws,15.0,216777.78125,0.000712277932193861,22.0
placement,fmax,3_3_place_gp__globalplace__gpl__area__original,16.0,202237.421875,0.001977152420665096,4.0
placement,fmax,3_3_place_gp__globalplace__route__wirelength__estimated,17.0,154033.703125,-0.00020972741606228862,48.0
placement,fmax,3_5_place_dp__detailedplace__timing__fmax__clock:core_clock,18.0,129720.0625,-0.0007891408050458848,66.0
placement,fmax,3_5_place_dp__detailedplace__negotiation__converge__phase_1__iteration,19.0,93240.3671875,-0.0006167718264936672,64.0
placement,fmax,3_5_place_dp__detailedplace__timing__fmax,20.0,76011.265625,-0.0007891408050458848,65.0
placement,fmax,3_5_place_dp__detailedplace__timing__drv__max_slew_limit,21.0,49789.5078125,-0.0009670883872271441,81.0
placement,fmax,3_5_place_dp__detailedplace__design__instance__displacement__mean,22.0,49637.46484375,-0.0009636671273799413,80.0
placement,fmax,3_3_place_gp__globalplace__design__instance__count__stdcell,23.0,35279.27734375,0.001965604486290795,6.0
placement,fmax,3_5_place_dp__detailedplace__route__wirelength__estimated,24.0,35251.76953125,-0.0008324935688521773,79.0
placement,fmax,3_3_place_gp__globalplace__gpl__routability__iteration,25.0,14639.25,0.0003289694104002816,42.0
placement,fmax,3_3_place_gp__globalplace__design__core__area,26.0,0.0,0.0019386507924866736,7.0
placement,fmax,3_3_place_gp__globalplace__design__die__area,27.0,0.0,0.0019386507924866736,8.0
placement,fmax,3_3_place_gp__globalplace__design__instance__utilization,28.0,0.0,0.0019386507924866736,9.0
placement,fmax,3_3_place_gp__globalplace__design__instance__utilization__stdcell,29.0,0.0,0.0019386507924866736,10.0
placement,fmax,3_3_place_gp__globalplace__design__nets,30.0,0.0,0.0019386507924866736,11.0
placement,fmax,3_3_place_gp__globalplace__design__rows,31.0,0.0,0.0019386507924866736,12.0
placement,fmax,3_3_place_gp__globalplace__design__rows:FreePDK45_38x28_10R_NP_162NW_34O,32.0,0.0,0.0019386507924866736,13.0
placement,fmax,3_3_place_gp__globalplace__design__sites,33.0,0.0,0.0019386507924866736,14.0
placement,fmax,3_3_place_gp__globalplace__design__sites:FreePDK45_38x28_10R_NP_162NW_34O,34.0,0.0,0.0019386507924866736,15.0
placement,fmax,3_3_place_gp__globalplace__gpl__area__final,35.0,0.0,0.0019386507924866736,16.0
placement,fmax,3_3_place_gp__globalplace__gpl__area__final__percent,36.0,0.0,0.0019386507924866736,17.0
placement,fmax,3_3_place_gp__globalplace__gpl__area__timing_delta,37.0,0.0,0.0019358985987212307,18.0
placement,fmax,3_3_place_gp__globalplace__gpl__area__timing_delta__percent,38.0,0.0,0.0019358985987212307,19.0
placement,fmax,3_3_place_gp__globalplace__power__leakage__total,39.0,0.0,0.0003276076754357149,44.0
placement,fmax,3_3_place_gp__globalplace__power__total,40.0,0.0,0.0003276076754357149,46.0
placement,fmax,3_3_place_gp__globalplace__timing__fmax,41.0,0.0,0.000712277932193861,20.0
placement,fmax,3_3_place_gp__globalplace__timing__fmax__clock:core_clock,42.0,0.0,0.000712277932193861,21.0
placement,fmax,3_3_place_gp__globalplace__timing__setup__tns,43.0,0.0,0.000712277932193861,23.0
placement,fmax,3_3_place_gp__globalplace__timing__setup__ws,44.0,0.0,0.000712277932193861,24.0
placement,fmax,3_4_place_resized__placeopt__design__core__area,45.0,0.0,0.000712277932193861,25.0
placement,fmax,3_4_place_resized__placeopt__design__die__area,46.0,0.0,0.000712277932193861,26.0
placement,fmax,3_4_place_resized__placeopt__design__instance__area,47.0,0.0,0.000712277932193861,27.0
placement,fmax,3_4_place_resized__placeopt__design__instance__area__stdcell,48.0,0.0,0.000712277932193861,28.0
placement,fmax,3_4_place_resized__placeopt__design__instance__count,49.0,0.0,0.000712277932193861,29.0
placement,fmax,3_4_place_resized__placeopt__design__instance__count__stdcell,50.0,0.0,0.000712277932193861,30.0
placement,fmax,3_4_place_resized__placeopt__design__instance__utilization,51.0,0.0,0.000712277932193861,31.0
placement,fmax,3_4_place_resized__placeopt__design__instance__utilization__stdcell,52.0,0.0,0.000712277932193861,32.0
placement,fmax,3_4_place_resized__placeopt__design__nets,53.0,0.0,0.000712277932193861,33.0
placement,fmax,3_4_place_resized__placeopt__design__rows,54.0,0.0,0.000712277932193861,34.0
placement,fmax,3_4_place_resized__placeopt__design__rows:FreePDK45_38x28_10R_NP_162NW_34O,55.0,0.0,0.000712277932193861,35.0
placement,fmax,3_4_place_resized__placeopt__design__sites,56.0,0.0,0.000712277932193861,36.0
placement,fmax,3_4_place_resized__placeopt__design__sites:FreePDK45_38x28_10R_NP_162NW_34O,57.0,0.0,0.000712277932193861,37.0
placement,fmax,3_4_place_resized__placeopt__power__internal__total,58.0,0.0,0.000712277932193861,38.0
placement,fmax,3_4_place_resized__placeopt__power__leakage__total,59.0,0.0,0.000712277932193861,39.0
placement,fmax,3_4_place_resized__placeopt__power__switching__total,60.0,0.0,0.000712277932193861,40.0
placement,fmax,3_4_place_resized__placeopt__power__total,61.0,0.0,0.000712277932193861,41.0
placement,fmax,3_4_place_resized__placeopt__timing__drv__setup_violation_count,62.0,0.0,-0.0005821029668334754,52.0
placement,fmax,3_4_place_resized__placeopt__timing__fmax,63.0,0.0,-0.0005821029668334754,53.0
placement,fmax,3_4_place_resized__placeopt__timing__fmax__clock:core_clock,64.0,0.0,-0.0005821029668334754,54.0
placement,fmax,3_4_place_resized__placeopt__timing__hold__ws,65.0,0.0,-0.0005821029668334754,55.0
placement,fmax,3_4_place_resized__placeopt__timing__setup__tns,66.0,0.0,-0.0005821029668334754,56.0
placement,fmax,3_4_place_resized__placeopt__timing__setup__ws,67.0,0.0,-0.0005821029668334754,57.0
placement,fmax,3_5_place_dp__detailedplace__design__core__area,68.0,0.0,-0.0005821029668334754,58.0
placement,fmax,3_5_place_dp__detailedplace__design__die__area,69.0,0.0,-0.0005821029668334754,59.0
placement,fmax,3_5_place_dp__detailedplace__design__instance__area,70.0,0.0,-0.0005821029668334754,60.0
placement,fmax,3_5_place_dp__detailedplace__design__instance__area__stdcell,71.0,0.0,-0.0005821029668334754,61.0
placement,fmax,3_5_place_dp__detailedplace__design__instance__count,72.0,0.0,-0.0005821029668334754,62.0
placement,fmax,3_5_place_dp__detailedplace__design__instance__count__stdcell,73.0,0.0,-0.0005821029668334754,63.0
placement,fmax,3_5_place_dp__detailedplace__design__instance__utilization,74.0,0.0,-0.0008213667118033285,67.0
placement,fmax,3_5_place_dp__detailedplace__design__instance__utilization__stdcell,75.0,0.0,-0.0008213667118033285,68.0
placement,fmax,3_5_place_dp__detailedplace__design__nets,76.0,0.0,-0.0008213667118033285,69.0
placement,fmax,3_5_place_dp__detailedplace__design__rows,77.0,0.0,-0.0008213667118033285,70.0
placement,fmax,3_5_place_dp__detailedplace__design__rows:FreePDK45_38x28_10R_NP_162NW_34O,78.0,0.0,-0.0008213667118033285,71.0
placement,fmax,3_5_place_dp__detailedplace__design__sites,79.0,0.0,-0.0008213667118033285,72.0
placement,fmax,3_5_place_dp__detailedplace__design__sites:FreePDK45_38x28_10R_NP_162NW_34O,80.0,0.0,-0.0008213667118033285,73.0
placement,fmax,3_5_place_dp__detailedplace__dpl__hpwl__delta__percent,81.0,0.0,-0.000823021466439644,74.0
placement,fmax,3_5_place_dp__detailedplace__power__internal__total,82.0,0.0,-0.000823021466439644,75.0
placement,fmax,3_5_place_dp__detailedplace__power__leakage__total,83.0,0.0,-0.000823021466439644,76.0
placement,fmax,3_5_place_dp__detailedplace__power__switching__total,84.0,0.0,-0.000823021466439644,77.0
placement,fmax,3_5_place_dp__detailedplace__power__total,85.0,0.0,-0.000823021466439644,78.0
placement,fmax,3_5_place_dp__detailedplace__timing__drv__setup_violation_count,86.0,0.0,-0.0009670883872271441,82.0
placement,fmax,3_5_place_dp__detailedplace__timing__setup__tns,87.0,0.0,-0.0009670883872271441,83.0
placement,fmax,3_5_place_dp__detailedplace__timing__setup__ws,88.0,0.0,-0.0009670883872271441,84.0
placement,fmax,3_5_place_dp__detailedplace__utilization__before__dpl,89.0,0.0,-0.0009670883872271441,85.0
placement,fmax,param:CLK_PERIOD,90.0,0.0,-0.0009670883872271441,86.0
placement,fmax,param:CORE_ASPECT_RATIO,91.0,0.0,-0.0009670883872271441,87.0
placement,fmax,param:CORE_UTILIZATION,92.0,0.0,-0.0009670883872271441,88.0
placement,fmax,param:CTS_CLUSTER_SIZE,93.0,0.0,-0.0009670883872271441,89.0
placement,fmax,param:PLACE_DENSITY_LB_ADDON,94.0,0.0,-0.0009670883872271441,90.0
placement,fmax,param:TNS_END_PERCENT,95.0,0.0,-0.0009670883872271441,91.0
placement,fmax,__spearman_rho__,,,0.4989221724524076,
placement,area,3_3_place_gp__globalplace__design__instance__area,1.0,93.36779022216797,6.114344797092386e-05,10.0
placement,area,3_3_place_gp__globalplace__design__instance__area__stdcell,2.0,15.013937950134277,6.114344797092386e-05,11.0
placement,area,3_3_place_gp__globalplace__design__instance__count,3.0,11.573542594909668,5.3973521045525e-05,14.0
placement,area,3_5_place_dp__detailedplace__timing__fmax,4.0,2.526369094848633,0.0002212023353727055,5.0
placement,area,3_3_place_gp__globalplace__gpl__routability__iteration,5.0,1.7915443181991577,0.00028743724893109945,3.0
placement,area,3_5_place_dp__detailedplace__timing__fmax__clock:core_clock,6.0,0.6391619443893433,0.0002212023353727055,6.0
placement,area,3_5_place_dp__detailedplace__design__instance__displacement__total,7.0,0.49228814244270325,0.0004143246105887677,1.0
placement,area,3_3_place_gp__globalplace__gpl__area__original,8.0,0.4502953290939331,0.00024190500086085365,4.0
placement,area,3_3_place_gp__globalplace__gpl__convergence__iteration,9.0,0.32497110962867737,0.0003453095534220463,2.0
placement,area,3_4_place_resized__placeopt__timing__drv__max_slew_limit,10.0,0.2560860216617584,-1.272667838769781e-05,67.0
placement,area,param:CORE_UTILIZATION,11.0,0.1750626564025879,-8.627367768365701e-05,95.0
placement,area,3_3_place_gp__globalplace__gpl__routability__congestion,12.0,0.1480693519115448,1.2074330327571658e-05,26.0
placement,area,3_5_place_dp__detailedplace__design__instance__displacement__mean,13.0,0.1059747114777565,0.0001542694856621063,7.0
placement,area,3_5_place_dp__detailedplace__design__instance__displacement__max,14.0,0.04908943921327591,-6.916709139215271e-06,31.0
placement,area,3_3_place_gp__globalplace__route__wirelength__estimated,15.0,0.044686511158943176,1.846916811820698e-05,25.0
placement,area,3_3_place_gp__globalplace__power__internal__total,16.0,0.03961211070418358,4.57300165102037e-06,27.0
placement,area,3_4_place_resized__placeopt__timing__drv__max_cap_limit,17.0,0.01550379954278469,-1.0963342293557332e-05,66.0
placement,area,3_3_place_gp__globalplace__design__instance__count__stdcell,18.0,0.010767008177936077,5.3973521045525e-05,15.0
placement,area,3_3_place_gp__globalplace__design__nets,19.0,0.009154023602604866,5.3973521045525e-05,18.0
placement,area,3_5_place_dp__detailedplace__timing__drv__max_cap_limit,20.0,0.001610947190783918,-2.9688172298092397e-05,83.0
placement,area,3_3_place_gp__globalplace__design__core__area,21.0,0.0,5.3973521045525e-05,12.0
placement,area,3_3_place_gp__globalplace__design__die__area,22.0,0.0,5.3973521045525e-05,13.0
placement,area,3_3_place_gp__globalplace__design__instance__utilization,23.0,0.0,5.3973521045525e-05,16.0
placement,area,3_3_place_gp__globalplace__design__instance__utilization__stdcell,24.0,0.0,5.3973521045525e-05,17.0
placement,area,3_3_place_gp__globalplace__design__rows,25.0,0.0,5.3973521045525e-05,19.0
placement,area,3_3_place_gp__globalplace__design__rows:FreePDK45_38x28_10R_NP_162NW_34O,26.0,0.0,5.3973521045525e-05,20.0
placement,area,3_3_place_gp__globalplace__design__sites,27.0,0.0,5.3973521045525e-05,21.0
placement,area,3_3_place_gp__globalplace__design__sites:FreePDK45_38x28_10R_NP_162NW_34O,28.0,0.0,5.3973521045525e-05,22.0
placement,area,3_3_place_gp__globalplace__gpl__area__final,29.0,0.0,5.3973521045525e-05,23.0
placement,area,3_3_place_gp__globalplace__gpl__area__final__percent,30.0,0.0,5.3973521045525e-05,24.0
placement,area,3_3_place_gp__globalplace__gpl__area__timing_delta,31.0,0.0,7.11882294796018e-05,8.0
placement,area,3_3_place_gp__globalplace__gpl__area__timing_delta__percent,32.0,0.0,7.11882294796018e-05,9.0
placement,area,3_3_place_gp__globalplace__power__leakage__total,33.0,0.0,4.57300165102037e-06,28.0
placement,area,3_3_place_gp__globalplace__power__switching__total,34.0,0.0,4.57300165102037e-06,29.0
placement,area,3_3_place_gp__globalplace__power__total,35.0,0.0,4.57300165102037e-06,30.0
placement,area,3_3_place_gp__globalplace__timing__fmax,36.0,0.0,-9.391616794807156e-06,32.0
placement,area,3_3_place_gp__globalplace__timing__fmax__clock:core_clock,37.0,0.0,-9.391616794807156e-06,33.0
placement,area,3_3_place_gp__globalplace__timing__hold__ws,38.0,0.0,-9.391616794807156e-06,34.0
placement,area,3_3_place_gp__globalplace__timing__setup__tns,39.0,0.0,-9.391616794807156e-06,35.0
placement,area,3_3_place_gp__globalplace__timing__setup__ws,40.0,0.0,-9.391616794807156e-06,36.0
placement,area,3_4_place_resized__placeopt__design__core__area,41.0,0.0,-9.391616794807156e-06,37.0
placement,area,3_4_place_resized__placeopt__design__die__area,42.0,0.0,-9.391616794807156e-06,38.0
placement,area,3_4_place_resized__placeopt__design__instance__area,43.0,0.0,-9.391616794807156e-06,39.0
placement,area,3_4_place_resized__placeopt__design__instance__area__stdcell,44.0,0.0,-9.391616794807156e-06,40.0
placement,area,3_4_place_resized__placeopt__design__instance__count,45.0,0.0,-9.391616794807156e-06,41.0
placement,area,3_4_place_resized__placeopt__design__instance__count__stdcell,46.0,0.0,-9.391616794807156e-06,42.0
placement,area,3_4_place_resized__placeopt__design__instance__utilization,47.0,0.0,-9.391616794807156e-06,43.0
placement,area,3_4_place_resized__placeopt__design__instance__utilization__stdcell,48.0,0.0,-9.391616794807156e-06,44.0
placement,area,3_4_place_resized__placeopt__design__nets,49.0,0.0,-9.391616794807156e-06,45.0
placement,area,3_4_place_resized__placeopt__design__rows,50.0,0.0,-9.391616794807156e-06,46.0
placement,area,3_4_place_resized__placeopt__design__rows:FreePDK45_38x28_10R_NP_162NW_34O,51.0,0.0,-9.391616794807156e-06,47.0
placement,area,3_4_place_resized__placeopt__design__sites,52.0,0.0,-9.391616794807156e-06,48.0
placement,area,3_4_place_resized__placeopt__design__sites:FreePDK45_38x28_10R_NP_162NW_34O,53.0,0.0,-9.391616794807156e-06,49.0
placement,area,3_4_place_resized__placeopt__power__internal__total,54.0,0.0,-9.391616794807156e-06,50.0
placement,area,3_4_place_resized__placeopt__power__leakage__total,55.0,0.0,-9.391616794807156e-06,51.0
placement,area,3_4_place_resized__placeopt__power__switching__total,56.0,0.0,-9.391616794807156e-06,52.0
placement,area,3_4_place_resized__placeopt__power__total,57.0,0.0,-9.391616794807156e-06,53.0
placement,area,3_4_place_resized__placeopt__timing__drv__setup_violation_count,58.0,0.0,-9.391616794807156e-06,54.0
placement,area,3_4_place_resized__placeopt__timing__fmax,59.0,0.0,-9.391616794807156e-06,55.0
placement,area,3_4_place_resized__placeopt__timing__fmax__clock:core_clock,60.0,0.0,-9.391616794807156e-06,56.0
placement,area,3_4_place_resized__placeopt__timing__hold__ws,61.0,0.0,-9.391616794807156e-06,57.0
placement,area,3_4_place_resized__placeopt__timing__setup__tns,62.0,0.0,-9.391616794807156e-06,58.0
placement,area,3_4_place_resized__placeopt__timing__setup__ws,63.0,0.0,-9.391616794807156e-06,59.0
placement,area,3_5_place_dp__detailedplace__design__core__area,64.0,0.0,-9.391616794807156e-06,60.0
placement,area,3_5_place_dp__detailedplace__design__die__area,65.0,0.0,-9.391616794807156e-06,61.0
placement,area,3_5_place_dp__detailedplace__design__instance__area,66.0,0.0,-9.391616794807156e-06,62.0
placement,area,3_5_place_dp__detailedplace__design__instance__area__stdcell,67.0,0.0,-9.391616794807156e-06,63.0
placement,area,3_5_place_dp__detailedplace__design__instance__count,68.0,0.0,-9.391616794807156e-06,64.0
placement,area,3_5_place_dp__detailedplace__design__instance__count__stdcell,69.0,0.0,-9.391616794807156e-06,65.0
placement,area,3_5_place_dp__detailedplace__design__instance__utilization,70.0,0.0,-2.9688172298092397e-05,68.0
placement,area,3_5_place_dp__detailedplace__design__instance__utilization__stdcell,71.0,0.0,-2.9688172298092397e-05,69.0
placement,area,3_5_place_dp__detailedplace__design__nets,72.0,0.0,-2.9688172298092397e-05,70.0
placement,area,3_5_place_dp__detailedplace__design__rows,73.0,0.0,-2.9688172298092397e-05,71.0
placement,area,3_5_place_dp__detailedplace__design__rows:FreePDK45_38x28_10R_NP_162NW_34O,74.0,0.0,-2.9688172298092397e-05,72.0
placement,area,3_5_place_dp__detailedplace__design__sites,75.0,0.0,-2.9688172298092397e-05,73.0
placement,area,3_5_place_dp__detailedplace__design__sites:FreePDK45_38x28_10R_NP_162NW_34O,76.0,0.0,-2.9688172298092397e-05,74.0
placement,area,3_5_place_dp__detailedplace__dpl__hpwl__delta,77.0,0.0,-2.9688172298092397e-05,75.0
placement,area,3_5_place_dp__detailedplace__dpl__hpwl__delta__percent,78.0,0.0,-2.9688172298092397e-05,76.0
placement,area,3_5_place_dp__detailedplace__negotiation__converge__phase_1__iteration,79.0,0.0,-2.9688172298092397e-05,77.0
placement,area,3_5_place_dp__detailedplace__power__internal__total,80.0,0.0,-2.9688172298092397e-05,78.0
placement,area,3_5_place_dp__detailedplace__power__leakage__total,81.0,0.0,-2.9688172298092397e-05,79.0
placement,area,3_5_place_dp__detailedplace__power__switching__total,82.0,0.0,-2.9688172298092397e-05,80.0
placement,area,3_5_place_dp__detailedplace__power__total,83.0,0.0,-2.9688172298092397e-05,81.0
placement,area,3_5_place_dp__detailedplace__route__wirelength__estimated,84.0,0.0,-2.9688172298092397e-05,82.0
placement,area,3_5_place_dp__detailedplace__timing__drv__max_slew_limit,85.0,0.0,-2.9688172298092397e-05,84.0
placement,area,3_5_place_dp__detailedplace__timing__drv__setup_violation_count,86.0,0.0,-2.9688172298092397e-05,85.0
placement,area,3_5_place_dp__detailedplace__timing__hold__ws,87.0,0.0,-2.9688172298092397e-05,86.0
placement,area,3_5_place_dp__detailedplace__timing__setup__tns,88.0,0.0,-2.9688172298092397e-05,87.0
placement,area,3_5_place_dp__detailedplace__timing__setup__ws,89.0,0.0,-2.9688172298092397e-05,88.0
placement,area,3_5_place_dp__detailedplace__utilization__before__dpl,90.0,0.0,-2.9688172298092397e-05,89.0
placement,area,param:CLK_PERIOD,91.0,0.0,-2.9688172298092397e-05,90.0
placement,area,param:CORE_ASPECT_RATIO,92.0,0.0,-2.9688172298092397e-05,91.0
placement,area,param:CTS_CLUSTER_SIZE,93.0,0.0,-2.9688172298092397e-05,92.0
placement,area,param:PLACE_DENSITY_LB_ADDON,94.0,0.0,-2.9688172298092397e-05,93.0
placement,area,param:TNS_END_PERCENT,95.0,0.0,-2.9688172298092397e-05,94.0
placement,area,__spearman_rho__,,,0.8597424412094066,
cts,power,4_1_cts__cts__design__instance__area,1.0,0.0010679038241505623,-0.0006934116687715708,43.0
cts,power,4_1_cts__cts__design__instance__displacement__mean,2.0,0.0004980500671081245,0.0014654713749409076,4.0
cts,power,4_1_cts__cts__design__instance__count,3.0,0.00048219613381661475,0.001532546664113843,1.0
cts,power,4_1_cts__cts__power__internal__total,4.0,0.000131640859763138,0.0014654713749409076,17.0
cts,power,4_1_cts__cts__design__instance__displacement__total,5.0,0.0001238570112036541,0.0014654713749409076,5.0
cts,power,4_1_cts__cts__design__instance__area__stdcell,6.0,8.417392382398248e-05,-0.0006934116687715708,44.0
cts,power,4_1_cts__cts__power__switching__total,7.0,4.723913662019186e-05,0.0014654713749409076,19.0
cts,power,4_1_cts__cts__clock__skew__hold,8.0,2.205245073128026e-05,0.0005338309094904403,38.0
cts,power,4_1_cts__cts__clock__skew__setup,9.0,0.0,0.0005338309094904403,39.0
cts,power,4_1_cts__cts__design__core__area,10.0,0.0,0.0005338309094904403,40.0
cts,power,4_1_cts__cts__design__die__area,11.0,0.0,0.0005338309094904403,41.0
cts,power,4_1_cts__cts__design__instance__count__setup_buffer,12.0,0.0,0.0,42.0
cts,power,4_1_cts__cts__design__instance__count__stdcell,13.0,0.0,0.0014654713749409076,2.0
cts,power,4_1_cts__cts__design__instance__displacement__max,14.0,0.0,0.0014654713749409076,3.0
cts,power,4_1_cts__cts__design__instance__utilization,15.0,0.0,0.0014654713749409076,6.0
cts,power,4_1_cts__cts__design__instance__utilization__stdcell,16.0,0.0,0.0014654713749409076,7.0
cts,power,4_1_cts__cts__design__nets,17.0,0.0,0.0007680313144809991,37.0
cts,power,4_1_cts__cts__design__rows,18.0,0.0,0.0014654713749409076,8.0
cts,power,4_1_cts__cts__design__rows:FreePDK45_38x28_10R_NP_162NW_34O,19.0,0.0,0.0014654713749409076,9.0
cts,power,4_1_cts__cts__design__sites,20.0,0.0,0.0014654713749409076,10.0
cts,power,4_1_cts__cts__design__sites:FreePDK45_38x28_10R_NP_162NW_34O,21.0,0.0,0.0014654713749409076,11.0
cts,power,4_1_cts__cts__dpl__hpwl__delta,22.0,0.0,0.0014654713749409076,12.0
cts,power,4_1_cts__cts__dpl__hpwl__delta__percent,23.0,0.0,0.0014654713749409076,13.0
cts,power,4_1_cts__cts__flow__warnings__count,24.0,0.0,0.0014654713749409076,14.0
cts,power,4_1_cts__cts__flow__warnings__type_count,25.0,0.0,0.0014654713749409076,15.0
cts,power,4_1_cts__cts__negotiation__converge__phase_1__iteration,26.0,0.0,0.0014654713749409076,16.0
cts,power,4_1_cts__cts__power__leakage__total,27.0,0.0,0.0014654713749409076,18.0
cts,power,4_1_cts__cts__power__total,28.0,0.0,0.0014654713749409076,20.0
cts,power,4_1_cts__cts__route__wirelength__estimated,29.0,0.0,0.0014654713749409076,21.0
cts,power,4_1_cts__cts__timing__drv__max_cap_limit,30.0,0.0,0.0014654713749409076,22.0
cts,power,4_1_cts__cts__timing__drv__max_slew_limit,31.0,0.0,0.0014654713749409076,23.0
cts,power,4_1_cts__cts__timing__drv__setup_violation_count,32.0,0.0,0.0014654713749409076,24.0
cts,power,4_1_cts__cts__timing__fmax,33.0,0.0,0.0014654713749409076,25.0
cts,power,4_1_cts__cts__timing__fmax__clock:core_clock,34.0,0.0,0.0014654713749409076,26.0
cts,power,4_1_cts__cts__timing__hold__ws,35.0,0.0,0.0014654713749409076,27.0
cts,power,4_1_cts__cts__timing__setup__tns,36.0,0.0,0.0014654713749409076,28.0
cts,power,4_1_cts__cts__timing__setup__ws,37.0,0.0,0.0014654713749409076,29.0
cts,power,4_1_cts__cts__utilization__before__dpl,38.0,0.0,0.0014654713749409076,30.0
cts,power,param:CLK_PERIOD,39.0,0.0,0.0014654713749409076,31.0
cts,power,param:CORE_ASPECT_RATIO,40.0,0.0,0.0014654713749409076,32.0
cts,power,param:CORE_UTILIZATION,41.0,0.0,0.0014654713749409076,33.0
cts,power,param:CTS_CLUSTER_SIZE,42.0,0.0,0.0014654713749409076,34.0
cts,power,param:PLACE_DENSITY_LB_ADDON,43.0,0.0,0.0014654713749409076,35.0
cts,power,param:TNS_END_PERCENT,44.0,0.0,0.0014654713749409076,36.0
cts,power,__spearman_rho__,,,0.23171247357293864,
cts,fmax,4_1_cts__cts__design__instance__area,1.0,63548528.0,-0.0007110191098762542,8.0
cts,fmax,4_1_cts__cts__design__instance__area__stdcell,2.0,8749062.0,-0.0007110191098762542,9.0
cts,fmax,4_1_cts__cts__clock__skew__hold,3.0,6397565.5,-0.0004433667737937519,6.0
cts,fmax,4_1_cts__cts__timing__fmax,4.0,3384456.25,-0.008802372749762588,43.0
cts,fmax,4_1_cts__cts__timing__drv__max_slew_limit,5.0,2680044.5,-7.421314089417486e-05,5.0
cts,fmax,4_1_cts__cts__design__instance__count__setup_buffer,6.0,1589462.875,-0.0040911984573188676,32.0
cts,fmax,4_1_cts__cts__power__internal__total,7.0,1509182.75,-0.002138174037682239,11.0
cts,fmax,4_1_cts__cts__timing__drv__max_cap_limit,8.0,1230837.125,-0.0013094706434206849,10.0
cts,fmax,4_1_cts__cts__timing__hold__ws,9.0,954204.25,0.005463578348712583,1.0
cts,fmax,4_1_cts__cts__design__instance__displacement__max,10.0,568062.75,-0.0024827941001303033,31.0
cts,fmax,4_1_cts__cts__clock__skew__setup,11.0,502066.78125,-0.0004433667737937519,7.0
cts,fmax,4_1_cts__cts__timing__fmax__clock:core_clock,12.0,441239.78125,-0.008802372749762588,44.0
cts,fmax,4_1_cts__cts__negotiation__converge__phase_1__iteration,13.0,265032.4375,-0.0022667161636372724,29.0
cts,fmax,param:CORE_UTILIZATION,14.0,241471.140625,-0.008409167315174715,41.0
cts,fmax,4_1_cts__cts__design__instance__count,15.0,210784.46875,-6.128128013227485e-05,2.0
cts,fmax,4_1_cts__cts__design__instance__displacement__mean,16.0,101725.9921875,-0.00219857145599589,27.0
cts,fmax,4_1_cts__cts__design__instance__displacement__total,17.0,67465.21875,-0.00219857145599589,28.0
cts,fmax,4_1_cts__cts__design__instance__count__stdcell,18.0,40882.5546875,-0.0023972270521743777,30.0
cts,fmax,4_1_cts__cts__power__leakage__total,19.0,8038.26953125,-0.002164904179751903,26.0
cts,fmax,4_1_cts__cts__design__core__area,20.0,0.0,-6.160074444749863e-05,3.0
cts,fmax,4_1_cts__cts__design__die__area,21.0,0.0,-6.160074444749863e-05,4.0
cts,fmax,4_1_cts__cts__design__instance__utilization,22.0,0.0,-0.002163282512871012,15.0
cts,fmax,4_1_cts__cts__design__instance__utilization__stdcell,23.0,0.0,-0.002163282512871012,16.0
cts,fmax,4_1_cts__cts__design__nets,24.0,0.0,-0.002163282512871012,17.0
cts,fmax,4_1_cts__cts__design__rows,25.0,0.0,-0.002163282512871012,18.0
cts,fmax,4_1_cts__cts__design__rows:FreePDK45_38x28_10R_NP_162NW_34O,26.0,0.0,-0.002163282512871012,19.0
cts,fmax,4_1_cts__cts__design__sites,27.0,0.0,-0.002163282512871012,20.0
cts,fmax,4_1_cts__cts__design__sites:FreePDK45_38x28_10R_NP_162NW_34O,28.0,0.0,-0.002163282512871012,21.0
cts,fmax,4_1_cts__cts__dpl__hpwl__delta,29.0,0.0,-0.002163282512871012,22.0
cts,fmax,4_1_cts__cts__dpl__hpwl__delta__percent,30.0,0.0,-0.002163282512871012,23.0
cts,fmax,4_1_cts__cts__flow__warnings__count,31.0,0.0,-0.002163282512871012,24.0
cts,fmax,4_1_cts__cts__flow__warnings__type_count,32.0,0.0,-0.002163282512871012,25.0
cts,fmax,4_1_cts__cts__power__switching__total,33.0,0.0,-0.002138174037682239,12.0
cts,fmax,4_1_cts__cts__power__total,34.0,0.0,-0.002138174037682239,13.0
cts,fmax,4_1_cts__cts__route__wirelength__estimated,35.0,0.0,-0.002138174037682239,14.0
cts,fmax,4_1_cts__cts__timing__drv__setup_violation_count,36.0,0.0,-0.008629416894911479,42.0
cts,fmax,4_1_cts__cts__timing__setup__tns,37.0,0.0,-0.007943562766693946,33.0
cts,fmax,4_1_cts__cts__timing__setup__ws,38.0,0.0,-0.007943562766693946,34.0
cts,fmax,4_1_cts__cts__utilization__before__dpl,39.0,0.0,-0.007943562766693946,35.0
cts,fmax,param:CLK_PERIOD,40.0,0.0,-0.007943562766693946,36.0
cts,fmax,param:CORE_ASPECT_RATIO,41.0,0.0,-0.007943562766693946,37.0
cts,fmax,param:CTS_CLUSTER_SIZE,42.0,0.0,-0.007962572379357491,38.0
cts,fmax,param:PLACE_DENSITY_LB_ADDON,43.0,0.0,-0.007962572379357491,39.0
cts,fmax,param:TNS_END_PERCENT,44.0,0.0,-0.007962572379357491,40.0
cts,fmax,__spearman_rho__,,,0.4318534178999295,
cts,area,4_1_cts__cts__design__instance__area,1.0,96.71632385253906,-0.0035370754100748636,1.0
cts,area,4_1_cts__cts__design__instance__area__stdcell,2.0,13.932676315307617,-0.0035370754100748636,2.0
cts,area,4_1_cts__cts__clock__skew__hold,3.0,9.823803901672363,-0.008638815000300726,43.0
cts,area,4_1_cts__cts__design__instance__displacement__mean,4.0,2.948343515396118,-0.0038797011068200105,4.0
cts,area,4_1_cts__cts__clock__skew__setup,5.0,1.0539034605026245,-0.008638815000300726,44.0
cts,area,4_1_cts__cts__timing__drv__max_cap_limit,6.0,0.808686375617981,-0.0054517550856393315,42.0
cts,area,4_1_cts__cts__timing__hold__ws,7.0,0.3749620020389557,-0.00423068741614685,29.0
cts,area,4_1_cts__cts__timing__drv__max_slew_limit,8.0,0.3720935881137848,-0.003959532797841558,28.0
cts,area,4_1_cts__cts__design__instance__displacement__total,9.0,0.20337526500225067,-0.0038797011068200105,5.0
cts,area,4_1_cts__cts__design__instance__count,10.0,0.12233977764844894,-0.0038897722255670786,6.0
cts,area,4_1_cts__cts__design__instance__count__stdcell,11.0,0.030795499682426453,-0.0038699209965985526,3.0
cts,area,4_1_cts__cts__design__instance__count__setup_buffer,12.0,0.01917455717921257,-0.003911023595364771,26.0
cts,area,4_1_cts__cts__dpl__hpwl__delta,13.0,0.005953346844762564,-0.003916335940269411,27.0
cts,area,4_1_cts__cts__timing__fmax,14.0,0.0028594175819307566,-0.004532706791413155,40.0
cts,area,4_1_cts__cts__design__core__area,15.0,0.0,-0.003894483779860014,7.0
cts,area,4_1_cts__cts__design__die__area,16.0,0.0,-0.003894483779860014,8.0
cts,area,4_1_cts__cts__design__instance__displacement__max,17.0,0.0,-0.003894483779860014,9.0
cts,area,4_1_cts__cts__design__instance__utilization,18.0,0.0,-0.0039020606087486476,10.0
cts,area,4_1_cts__cts__design__instance__utilization__stdcell,19.0,0.0,-0.0039020606087486476,11.0
cts,area,4_1_cts__cts__design__nets,20.0,0.0,-0.0039020606087486476,12.0
cts,area,4_1_cts__cts__design__rows,21.0,0.0,-0.0039020606087486476,13.0
cts,area,4_1_cts__cts__design__rows:FreePDK45_38x28_10R_NP_162NW_34O,22.0,0.0,-0.0039020606087486476,14.0
cts,area,4_1_cts__cts__design__sites,23.0,0.0,-0.0039020606087486476,15.0
cts,area,4_1_cts__cts__design__sites:FreePDK45_38x28_10R_NP_162NW_34O,24.0,0.0,-0.0039020606087486476,16.0
cts,area,4_1_cts__cts__dpl__hpwl__delta__percent,25.0,0.0,-0.0039020606087486476,17.0
cts,area,4_1_cts__cts__flow__warnings__count,26.0,0.0,-0.0039020606087486476,18.0
cts,area,4_1_cts__cts__flow__warnings__type_count,27.0,0.0,-0.0039020606087486476,19.0
cts,area,4_1_cts__cts__negotiation__converge__phase_1__iteration,28.0,0.0,-0.0039020606087486476,20.0
cts,area,4_1_cts__cts__power__internal__total,29.0,0.0,-0.0039020606087486476,21.0
cts,area,4_1_cts__cts__power__leakage__total,30.0,0.0,-0.0039020606087486476,22.0
cts,area,4_1_cts__cts__power__switching__total,31.0,0.0,-0.0039020606087486476,23.0
cts,area,4_1_cts__cts__power__total,32.0,0.0,-0.0039020606087486476,24.0
cts,area,4_1_cts__cts__route__wirelength__estimated,33.0,0.0,-0.0039020606087486476,25.0
cts,area,4_1_cts__cts__timing__drv__setup_violation_count,34.0,0.0,-0.004532706791413155,39.0
cts,area,4_1_cts__cts__timing__fmax__clock:core_clock,35.0,0.0,-0.004532706791413155,41.0
cts,area,4_1_cts__cts__timing__setup__tns,36.0,0.0,-0.004454602044253297,30.0
cts,area,4_1_cts__cts__timing__setup__ws,37.0,0.0,-0.004454602044253297,31.0
cts,area,4_1_cts__cts__utilization__before__dpl,38.0,0.0,-0.004454602044253297,32.0
cts,area,param:CLK_PERIOD,39.0,0.0,-0.004454602044253297,33.0
cts,area,param:CORE_ASPECT_RATIO,40.0,0.0,-0.004454602044253297,34.0
cts,area,param:CORE_UTILIZATION,41.0,0.0,-0.004454602044253297,35.0
cts,area,param:CTS_CLUSTER_SIZE,42.0,0.0,-0.004454602044253297,36.0
cts,area,param:PLACE_DENSITY_LB_ADDON,43.0,0.0,-0.004454602044253297,37.0
cts,area,param:TNS_END_PERCENT,44.0,0.0,-0.004454602044253297,38.0
cts,area,__spearman_rho__,,,0.43157152924594777,
routing,power,5_1_grt__globalroute__design__instance__area,1.0,0.0014449396403506398,-0.00019816031153319091,66.0
routing,power,5_1_grt__globalroute__power__internal__total,2.0,0.00031757401302456856,0.0,32.0
routing,power,5_1_grt__globalroute__design__instance__count,3.0,0.0002901508123613894,-0.00011984528230335467,65.0
routing,power,5_1_grt__globalroute__design__instance__area__stdcell,4.0,0.00017716031288728118,-0.00019816031153319091,67.0
routing,power,5_1_grt__globalroute__design__instance__count__stdcell,5.0,8.69209980010055e-05,0.0,6.0
routing,power,5_1_grt__globalroute__clock__skew__hold,6.0,3.9000555261736736e-05,0.0,1.0
routing,power,5_1_grt__globalroute__power__total,7.0,2.4145110728568397e-05,0.0,35.0
routing,power,5_1_grt__globalroute__clock__skew__setup,8.0,1.510545098426519e-05,0.0,2.0
routing,power,5_1_grt__globalroute__design__core__area,9.0,0.0,0.0,3.0
routing,power,5_1_grt__globalroute__design__die__area,10.0,0.0,0.0,4.0
routing,power,5_1_grt__globalroute__design__instance__count__setup_buffer,11.0,0.0,0.0,5.0
routing,power,5_1_grt__globalroute__design__instance__displacement__max,12.0,0.0,0.0,7.0
routing,power,5_1_grt__globalroute__design__instance__displacement__mean,13.0,0.0,0.0,8.0
routing,power,5_1_grt__globalroute__design__instance__displacement__total,14.0,0.0,0.0,9.0
routing,power,5_1_grt__globalroute__design__instance__utilization,15.0,0.0,0.0,10.0
routing,power,5_1_grt__globalroute__design__instance__utilization__stdcell,16.0,0.0,0.0,11.0
routing,power,5_1_grt__globalroute__design__nets,17.0,0.0,0.0,12.0
routing,power,5_1_grt__globalroute__design__rows,18.0,0.0,0.0,13.0
routing,power,5_1_grt__globalroute__design__rows:FreePDK45_38x28_10R_NP_162NW_34O,19.0,0.0,0.0,14.0
routing,power,5_1_grt__globalroute__design__sites,20.0,0.0,0.0,15.0
routing,power,5_1_grt__globalroute__design__sites:FreePDK45_38x28_10R_NP_162NW_34O,21.0,0.0,0.0,16.0
routing,power,5_1_grt__globalroute__dpl__hpwl__delta,22.0,0.0,0.0,17.0
routing,power,5_1_grt__globalroute__dpl__hpwl__delta__percent,23.0,0.0,0.0,18.0
routing,power,5_1_grt__globalroute__flow__warnings__count,24.0,0.0,0.0,19.0
routing,power,5_1_grt__globalroute__flow__warnings__type_count,25.0,0.0,0.0,20.0
routing,power,5_1_grt__globalroute__global_route__fastroute__congestion_rsmt_s,26.0,0.0,0.0,21.0
routing,power,5_1_grt__globalroute__global_route__fastroute__finalization_s,27.0,0.0,0.0,22.0
routing,power,5_1_grt__globalroute__global_route__fastroute__initial_rsmt_s,28.0,0.0,0.0,23.0
routing,power,5_1_grt__globalroute__global_route__fastroute__monotonic_s,29.0,0.0,0.0,24.0
routing,power,5_1_grt__globalroute__global_route__fastroute__new_route_l_s,30.0,0.0,0.0,25.0
routing,power,5_1_grt__globalroute__global_route__fastroute__overflow_iterations_s,31.0,0.0,0.0,26.0
routing,power,5_1_grt__globalroute__global_route__fastroute__route_l_s,32.0,0.0,0.0,27.0
routing,power,5_1_grt__globalroute__global_route__fastroute__route_z_s,33.0,0.0,0.0,28.0
routing,power,5_1_grt__globalroute__global_route__fastroute__spiral_s,34.0,0.0,0.0,29.0
routing,power,5_1_grt__globalroute__global_route__vias,35.0,0.0,0.0,30.0
routing,power,5_1_grt__globalroute__global_route__wirelength,36.0,0.0,0.0,31.0
routing,power,5_1_grt__globalroute__power__leakage__total,37.0,0.0,0.0,33.0
routing,power,5_1_grt__globalroute__power__switching__total,38.0,0.0,0.0,34.0
routing,power,5_1_grt__globalroute__route__net,39.0,0.0,0.0,36.0
routing,power,5_1_grt__globalroute__route__wirelength__estimated,40.0,0.0,0.0,37.0
routing,power,5_1_grt__globalroute__timing__drv__max_cap_limit,41.0,0.0,0.0,38.0
routing,power,5_1_grt__globalroute__timing__drv__max_slew_limit,42.0,0.0,0.0,39.0
routing,power,5_1_grt__globalroute__timing__drv__setup_violation_count,43.0,0.0,0.0,40.0
routing,power,5_1_grt__globalroute__timing__fmax,44.0,0.0,0.0,41.0
routing,power,5_1_grt__globalroute__timing__fmax__clock:core_clock,45.0,0.0,0.0,42.0
routing,power,5_1_grt__globalroute__timing__hold__ws,46.0,0.0,0.0,43.0
routing,power,5_1_grt__globalroute__timing__setup__tns,47.0,0.0,0.0,44.0
routing,power,5_1_grt__globalroute__timing__setup__ws,48.0,0.0,0.0,45.0
routing,power,5_1_grt__globalroute__utilization__before__dpl,49.0,0.0,0.0,46.0
routing,power,5_2_route__detailedroute__route__drc_errors__iter:0,50.0,0.0,0.0,47.0
routing,power,5_2_route__detailedroute__route__drc_errors__iter:1,51.0,0.0,0.0,48.0
routing,power,5_2_route__detailedroute__route__drc_errors__iter:2,52.0,0.0,0.0,49.0
routing,power,5_2_route__detailedroute__route__drc_errors__iter:3,53.0,0.0,0.0,50.0
routing,power,5_2_route__detailedroute__route__net,54.0,0.0,0.0,51.0
routing,power,5_2_route__detailedroute__route__vias,55.0,0.0,0.0,52.0
routing,power,5_2_route__detailedroute__route__vias__singlecut,56.0,0.0,0.0,53.0
routing,power,5_2_route__detailedroute__route__wirelength,57.0,0.0,0.0,54.0
routing,power,5_2_route__detailedroute__route__wirelength__iter:0,58.0,0.0,0.0,55.0
routing,power,5_2_route__detailedroute__route__wirelength__iter:1,59.0,0.0,0.0,56.0
routing,power,5_2_route__detailedroute__route__wirelength__iter:2,60.0,0.0,0.0,57.0
routing,power,5_2_route__detailedroute__route__wirelength__iter:3,61.0,0.0,0.0,58.0
routing,power,param:CLK_PERIOD,62.0,0.0,0.0,59.0
routing,power,param:CORE_ASPECT_RATIO,63.0,0.0,0.0,60.0
routing,power,param:CORE_UTILIZATION,64.0,0.0,0.0,61.0
routing,power,param:CTS_CLUSTER_SIZE,65.0,0.0,0.0,62.0
routing,power,param:PLACE_DENSITY_LB_ADDON,66.0,0.0,0.0,63.0
routing,power,param:TNS_END_PERCENT,67.0,0.0,0.0,64.0
routing,power,__spearman_rho__,,,0.7044855934232581,
routing,fmax,5_1_grt__globalroute__design__instance__area,1.0,58928936.0,-0.0046861227862506905,65.0
routing,fmax,5_1_grt__globalroute__design__instance__area__stdcell,2.0,12900517.0,-0.0046861227862506905,66.0
routing,fmax,5_1_grt__globalroute__dpl__hpwl__delta__percent,3.0,3423501.0,0.00044158113744319216,46.0
routing,fmax,5_1_grt__globalroute__dpl__hpwl__delta,4.0,2873794.0,0.008936804900273931,2.0
routing,fmax,5_2_route__detailedroute__route__vias,5.0,2575416.75,0.0014754700871426607,8.0
routing,fmax,5_1_grt__globalroute__design__instance__count,6.0,2358343.5,-0.0011676939638854966,51.0
routing,fmax,5_1_grt__globalroute__timing__fmax,7.0,2329838.75,0.0010947167604486996,39.0
routing,fmax,5_1_grt__globalroute__design__instance__displacement__max,8.0,1816100.25,-0.005072811493390561,67.0
routing,fmax,5_1_grt__globalroute__timing__drv__max_slew_limit,9.0,1669717.5,0.010021755399757248,1.0
routing,fmax,5_1_grt__globalroute__clock__skew__hold,10.0,1314196.75,-0.0009474574020819082,49.0
routing,fmax,5_1_grt__globalroute__design__instance__displacement__mean,11.0,905090.6875,-0.0013432395532799735,55.0
routing,fmax,5_1_grt__globalroute__design__instance__count__stdcell,12.0,589126.25,-0.0018697933730681404,64.0
routing,fmax,5_1_grt__globalroute__timing__fmax__clock:core_clock,13.0,493708.03125,0.0010947167604486996,40.0
routing,fmax,5_1_grt__globalroute__timing__drv__max_cap_limit,14.0,288857.125,0.0003258792997481441,48.0
routing,fmax,5_1_grt__globalroute__clock__skew__setup,15.0,258011.53125,-0.0009474574020819082,50.0
routing,fmax,5_1_grt__globalroute__global_route__fastroute__overflow_iterations_s,16.0,170736.984375,0.0016930480057243402,6.0
routing,fmax,param:CORE_UTILIZATION,17.0,114652.828125,0.0024999739519357966,4.0
routing,fmax,5_1_grt__globalroute__global_route__fastroute__monotonic_s,18.0,113895.8828125,0.0038214495816597527,3.0
routing,fmax,5_1_grt__globalroute__global_route__vias,19.0,106272.8125,0.0020557543285282254,5.0
routing,fmax,5_1_grt__globalroute__global_route__fastroute__initial_rsmt_s,20.0,83980.1328125,0.0003567907493611244,47.0
routing,fmax,5_1_grt__globalroute__design__instance__count__setup_buffer,21.0,72790.7421875,-0.0017718887213460377,63.0
routing,fmax,5_2_route__detailedroute__route__vias__singlecut,22.0,46433.4453125,0.0014754700871426607,9.0
routing,fmax,5_2_route__detailedroute__route__drc_errors__iter:0,23.0,39356.62890625,0.0011511735250576693,20.0
routing,fmax,5_1_grt__globalroute__timing__hold__ws,24.0,37860.55078125,0.0010461700924309092,41.0
routing,fmax,5_1_grt__globalroute__route__net,25.0,29574.46875,0.0011204593813829433,37.0
routing,fmax,5_2_route__detailedroute__route__drc_errors__iter:1,26.0,23868.236328125,0.001108857882245018,38.0
routing,fmax,5_1_grt__globalroute__global_route__fastroute__new_route_l_s,27.0,15929.5546875,0.0011824859578831726,16.0
routing,fmax,5_2_route__detailedroute__route__drc_errors__iter:2,28.0,6730.90673828125,0.0011511735250576693,21.0
routing,fmax,5_1_grt__globalroute__design__nets,29.0,5865.3232421875,-0.0014582890266687798,58.0
routing,fmax,5_2_route__detailedroute__route__wirelength,30.0,5504.0595703125,0.0011511735250576693,24.0
routing,fmax,5_1_grt__globalroute__design__instance__displacement__total,31.0,4221.77099609375,-0.001340890393960903,54.0
routing,fmax,5_1_grt__globalroute__global_route__fastroute__congestion_rsmt_s,32.0,3448.171875,0.0008157009030141937,42.0
routing,fmax,5_1_grt__globalroute__design__core__area,33.0,0.0,-0.001303668192153995,52.0
routing,fmax,5_1_grt__globalroute__design__die__area,34.0,0.0,-0.001303668192153995,53.0
routing,fmax,5_1_grt__globalroute__design__instance__utilization,35.0,0.0,-0.0014582890266687798,56.0
routing,fmax,5_1_grt__globalroute__design__instance__utilization__stdcell,36.0,0.0,-0.0014582890266687798,57.0
routing,fmax,5_1_grt__globalroute__design__rows,37.0,0.0,-0.0014582890266687798,59.0
routing,fmax,5_1_grt__globalroute__design__rows:FreePDK45_38x28_10R_NP_162NW_34O,38.0,0.0,-0.0014582890266687798,60.0
routing,fmax,5_1_grt__globalroute__design__sites,39.0,0.0,-0.0014582890266687798,61.0
routing,fmax,5_1_grt__globalroute__design__sites:FreePDK45_38x28_10R_NP_162NW_34O,40.0,0.0,-0.0014582890266687798,62.0
routing,fmax,5_1_grt__globalroute__flow__warnings__count,41.0,0.0,0.0008130065866993608,43.0
routing,fmax,5_1_grt__globalroute__flow__warnings__type_count,42.0,0.0,0.0008130065866993608,44.0
routing,fmax,5_1_grt__globalroute__global_route__fastroute__finalization_s,43.0,0.0,0.0008055922324697873,45.0
routing,fmax,5_1_grt__globalroute__global_route__fastroute__route_l_s,44.0,0.0,0.001220483252503901,10.0
routing,fmax,5_1_grt__globalroute__global_route__fastroute__route_z_s,45.0,0.0,0.001220483252503901,11.0
routing,fmax,5_1_grt__globalroute__global_route__fastroute__spiral_s,46.0,0.0,0.001220483252503901,12.0
routing,fmax,5_1_grt__globalroute__global_route__wirelength,47.0,0.0,0.0011357184464716452,31.0
routing,fmax,5_1_grt__globalroute__power__internal__total,48.0,0.0,0.0011357184464716452,32.0
routing,fmax,5_1_grt__globalroute__power__leakage__total,49.0,0.0,0.0011357184464716452,33.0
routing,fmax,5_1_grt__globalroute__power__switching__total,50.0,0.0,0.0011357184464716452,34.0
routing,fmax,5_1_grt__globalroute__power__total,51.0,0.0,0.0011357184464716452,35.0
routing,fmax,5_1_grt__globalroute__route__wirelength__estimated,52.0,0.0,0.0011357184464716452,36.0
routing,fmax,5_1_grt__globalroute__timing__drv__setup_violation_count,53.0,0.0,0.0015321985982974518,7.0
routing,fmax,5_1_grt__globalroute__timing__setup__tns,54.0,0.0,0.0011511735250576693,17.0
routing,fmax,5_1_grt__globalroute__timing__setup__ws,55.0,0.0,0.0011511735250576693,18.0
routing,fmax,5_1_grt__globalroute__utilization__before__dpl,56.0,0.0,0.0011511735250576693,19.0
routing,fmax,5_2_route__detailedroute__route__drc_errors__iter:3,57.0,0.0,0.0011511735250576693,22.0
routing,fmax,5_2_route__detailedroute__route__net,58.0,0.0,0.0011511735250576693,23.0
routing,fmax,5_2_route__detailedroute__route__wirelength__iter:0,59.0,0.0,0.0011511735250576693,25.0
routing,fmax,5_2_route__detailedroute__route__wirelength__iter:1,60.0,0.0,0.0011511735250576693,26.0
routing,fmax,5_2_route__detailedroute__route__wirelength__iter:2,61.0,0.0,0.0011511735250576693,27.0
routing,fmax,5_2_route__detailedroute__route__wirelength__iter:3,62.0,0.0,0.0011511735250576693,28.0
routing,fmax,param:CLK_PERIOD,63.0,0.0,0.0011511735250576693,29.0
routing,fmax,param:CORE_ASPECT_RATIO,64.0,0.0,0.0011511735250576693,30.0
routing,fmax,param:CTS_CLUSTER_SIZE,65.0,0.0,0.0011841303607452724,15.0
routing,fmax,param:PLACE_DENSITY_LB_ADDON,66.0,0.0,0.001184686257665435,13.0
routing,fmax,param:TNS_END_PERCENT,67.0,0.0,0.001184686257665435,14.0
routing,fmax,__spearman_rho__,,,-0.2733657913640355,
routing,area,5_1_grt__globalroute__design__instance__area,1.0,91.0076904296875,-0.002670451812122998,66.0
routing,area,5_1_grt__globalroute__design__instance__area__stdcell,2.0,20.10036277770996,-0.002670451812122998,67.0
routing,area,5_1_grt__globalroute__clock__skew__hold,3.0,1.6553760766983032,-0.0001139607603359849,46.0
routing,area,5_2_route__detailedroute__route__vias,4.0,0.8013126850128174,-0.00030494641606215733,48.0
routing,area,5_2_route__detailedroute__route__drc_errors__iter:1,5.0,0.7103968858718872,-0.0017016549550092908,65.0
routing,area,5_1_grt__globalroute__design__instance__count,6.0,0.47492048144340515,0.00017448646530560108,27.0
routing,area,5_1_grt__globalroute__clock__skew__setup,7.0,0.3303636908531189,-0.0001139607603359849,47.0
routing,area,5_1_grt__globalroute__design__instance__displacement__max,8.0,0.2928333282470703,-0.0003290421215450534,50.0
routing,area,5_1_grt__globalroute__design__instance__displacement__mean,9.0,0.2814825475215912,0.0001817138887282299,3.0
routing,area,5_1_grt__globalroute__timing__drv__max_slew_limit,10.0,0.11017819494009018,0.0001482492075564057,28.0
routing,area,5_2_route__detailedroute__route__vias__singlecut,11.0,0.0834614634513855,-0.00030494641606215733,49.0
routing,area,5_1_grt__globalroute__global_route__wirelength,12.0,0.055566802620887756,0.0001811470582457897,24.0
routing,area,5_1_grt__globalroute__design__instance__displacement__total,13.0,0.020984850823879242,0.0001817138887282299,4.0
routing,area,5_1_grt__globalroute__design__instance__count__setup_buffer,14.0,0.015508599579334259,0.00018310858860837165,1.0
routing,area,5_1_grt__globalroute__timing__drv__max_cap_limit,15.0,0.015123017132282257,8.810583614660139e-05,35.0
routing,area,5_1_grt__globalroute__global_route__fastroute__congestion_rsmt_s,16.0,0.007767819333821535,0.00017978847718591595,25.0
routing,area,5_2_route__detailedroute__route__drc_errors__iter:2,17.0,0.0016926584066823125,-0.0003310077407229217,51.0
routing,area,5_1_grt__globalroute__design__core__area,18.0,0.0,-3.9021704394626155e-05,44.0
routing,area,5_1_grt__globalroute__design__die__area,19.0,0.0,-3.9021704394626155e-05,45.0
routing,area,5_1_grt__globalroute__design__instance__count__stdcell,20.0,0.0,0.0001817138887282299,2.0
routing,area,5_1_grt__globalroute__design__instance__utilization,21.0,0.0,0.0001817138887282299,5.0
routing,area,5_1_grt__globalroute__design__instance__utilization__stdcell,22.0,0.0,0.0001817138887282299,6.0
routing,area,5_1_grt__globalroute__design__nets,23.0,0.0,0.0001817138887282299,7.0
routing,area,5_1_grt__globalroute__design__rows,24.0,0.0,0.0001817138887282299,8.0
routing,area,5_1_grt__globalroute__design__rows:FreePDK45_38x28_10R_NP_162NW_34O,25.0,0.0,0.0001817138887282299,9.0
routing,area,5_1_grt__globalroute__design__sites,26.0,0.0,0.0001817138887282299,10.0
routing,area,5_1_grt__globalroute__design__sites:FreePDK45_38x28_10R_NP_162NW_34O,27.0,0.0,0.0001817138887282299,11.0
routing,area,5_1_grt__globalroute__dpl__hpwl__delta,28.0,0.0,0.0001817138887282299,12.0
routing,area,5_1_grt__globalroute__dpl__hpwl__delta__percent,29.0,0.0,0.0001817138887282299,13.0
routing,area,5_1_grt__globalroute__flow__warnings__count,30.0,0.0,0.0001817138887282299,14.0
routing,area,5_1_grt__globalroute__flow__warnings__type_count,31.0,0.0,0.0001817138887282299,15.0
routing,area,5_1_grt__globalroute__global_route__fastroute__finalization_s,32.0,0.0,0.0001817138887282299,16.0
routing,area,5_1_grt__globalroute__global_route__fastroute__initial_rsmt_s,33.0,0.0,0.0001817138887282299,17.0
routing,area,5_1_grt__globalroute__global_route__fastroute__monotonic_s,34.0,0.0,0.0001817138887282299,18.0
routing,area,5_1_grt__globalroute__global_route__fastroute__new_route_l_s,35.0,0.0,0.0001795934801910315,26.0
routing,area,5_1_grt__globalroute__global_route__fastroute__overflow_iterations_s,36.0,0.0,0.0001817138887282299,19.0
routing,area,5_1_grt__globalroute__global_route__fastroute__route_l_s,37.0,0.0,0.0001817138887282299,20.0
routing,area,5_1_grt__globalroute__global_route__fastroute__route_z_s,38.0,0.0,0.0001817138887282299,21.0
routing,area,5_1_grt__globalroute__global_route__fastroute__spiral_s,39.0,0.0,0.0001817138887282299,22.0
routing,area,5_1_grt__globalroute__global_route__vias,40.0,0.0,0.0001817138887282299,23.0
routing,area,5_1_grt__globalroute__power__internal__total,41.0,0.0,8.810583614660139e-05,29.0
routing,area,5_1_grt__globalroute__power__leakage__total,42.0,0.0,8.810583614660139e-05,30.0
routing,area,5_1_grt__globalroute__power__switching__total,43.0,0.0,8.810583614660139e-05,31.0
routing,area,5_1_grt__globalroute__power__total,44.0,0.0,8.810583614660139e-05,32.0
routing,area,5_1_grt__globalroute__route__net,45.0,0.0,8.810583614660139e-05,33.0
routing,area,5_1_grt__globalroute__route__wirelength__estimated,46.0,0.0,8.810583614660139e-05,34.0
routing,area,5_1_grt__globalroute__timing__drv__setup_violation_count,47.0,0.0,7.928989497152372e-05,36.0
routing,area,5_1_grt__globalroute__timing__fmax,48.0,0.0,7.928989497152372e-05,37.0
routing,area,5_1_grt__globalroute__timing__fmax__clock:core_clock,49.0,0.0,7.928989497152372e-05,38.0
routing,area,5_1_grt__globalroute__timing__hold__ws,50.0,0.0,7.928989497152372e-05,39.0
routing,area,5_1_grt__globalroute__timing__setup__tns,51.0,0.0,7.928989497152372e-05,40.0
routing,area,5_1_grt__globalroute__timing__setup__ws,52.0,0.0,7.928989497152372e-05,41.0
routing,area,5_1_grt__globalroute__utilization__before__dpl,53.0,0.0,7.928989497152372e-05,42.0
routing,area,5_2_route__detailedroute__route__drc_errors__iter:0,54.0,0.0,7.928989497152372e-05,43.0
routing,area,5_2_route__detailedroute__route__drc_errors__iter:3,55.0,0.0,-0.0003310077407229217,52.0
routing,area,5_2_route__detailedroute__route__net,56.0,0.0,-0.0003310077407229217,53.0
routing,area,5_2_route__detailedroute__route__wirelength,57.0,0.0,-0.0003310077407229217,54.0
routing,area,5_2_route__detailedroute__route__wirelength__iter:0,58.0,0.0,-0.0003310077407229217,55.0
routing,area,5_2_route__detailedroute__route__wirelength__iter:1,59.0,0.0,-0.0003310077407229217,56.0
routing,area,5_2_route__detailedroute__route__wirelength__iter:2,60.0,0.0,-0.0003310077407229217,57.0
routing,area,5_2_route__detailedroute__route__wirelength__iter:3,61.0,0.0,-0.0003310077407229217,58.0
routing,area,param:CLK_PERIOD,62.0,0.0,-0.0003310077407229217,59.0
routing,area,param:CORE_ASPECT_RATIO,63.0,0.0,-0.0003310077407229217,60.0
routing,area,param:CORE_UTILIZATION,64.0,0.0,-0.0003310077407229217,61.0
routing,area,param:CTS_CLUSTER_SIZE,65.0,0.0,-0.0003310077407229217,62.0
routing,area,param:PLACE_DENSITY_LB_ADDON,66.0,0.0,-0.0003310077407229217,63.0
routing,area,param:TNS_END_PERCENT,67.0,0.0,-0.0003310077407229217,64.0
routing,area,__spearman_rho__,,,0.35729108468353427,
