trajectory_id,p_CORE_UTILIZATION,p_PLACE_DENSITY_LB_ADDON,p_CORE_ASPECT_RATIO,p_CTS_CLUSTER_SIZE,p_TNS_END_PERCENT,p_CLK_PERIOD,p_CELL_PAD_IN_SITES_GLOBAL_PLACEMENT,p_CELL_PAD_IN_SITES_DETAIL_PLACEMENT,p_CORE_MARGIN,p_CTS_CLUSTER_DIAMETER,p_SETUP_SLACK_MARGIN,p_ENABLE_PLACE_REPAIR_TIMING,p_ROUTING_LAYER_ADJUSTMENT,p_GPL_RANDOM_SEED,p_GRT_SEED,fp_power,fp_area,fp_wns,fp_tns,fp_core_area,fp_die_area,fp_util
traj_ibex_fclk3_001,52,0.11,0.93,99,30,2.2,1,1,2.0,172,0.0105,1,0.39,76204,52936,0.00888416,28210.9,0.0108988,0.0,55761.0,58217.9,0.505925
traj_ibex_fclk3_002,53,0.13,1.1,89,83,2.2,1,2,1.5,158,-0.003,0,0.34,61928,25505,0.00888416,28208.0,-0.00268519,-0.105677,55711.0,57737.5,0.506326
traj_ibex_fclk3_003,45,0.06,0.98,93,64,2.2,2,1,1.9,177,0.0189,0,0.32,3537,7810,0.00888489,28221.8,0.0208651,0.0,56016.1,58119.8,0.503816
traj_ibex_fclk3_004,42,0.06,1.0,87,75,2.2,2,1,1.9,90,0.0026,0,0.27,2801,36438,0.00888416,28210.6,0.00587308,0.0,55770.6,58119.6,0.505833
traj_ibex_fclk3_005,45,0.14,1.01,99,53,2.2,1,0,2.4,184,-0.0286,1,0.37,10447,25133,0.00888402,28194.4,-0.0459279,-6.57939,56163.2,58603.8,0.502008
traj_ibex_fclk3_006,44,0.14,1.13,86,77,2.2,2,1,2.5,131,-0.0012,1,0.27,5226,2632,0.00888416,28208.5,-0.000577316,-0.0209668,55851.2,58704.9,0.505065
traj_ibex_fclk3_007,54,0.08,1.11,86,66,2.2,1,0,1.6,109,-0.0046,0,0.43,50175,96597,0.00888416,28207.2,-0.00343703,-0.152287,55745.1,57833.7,0.506003
traj_ibex_fclk3_008,44,0.07,0.9,83,94,2.2,1,1,1.7,178,0.0182,0,0.3,40456,22959,0.00888558,28216.0,0.0136275,0.0,56009.0,57929.4,0.503776
traj_ibex_fclk3_009,50,0.13,0.9,98,83,2.2,0,2,2.3,238,-0.0107,1,0.16,25694,20891,0.00888416,28207.2,-0.00343703,-0.152287,55966.4,58509.3,0.504002
traj_ibex_fclk3_010,45,0.11,0.98,79,62,2.2,1,2,1.7,208,-0.0294,1,0.34,7850,20656,0.00888402,28194.1,-0.0459279,-6.57939,55680.7,57927.1,0.506354
traj_ibex_fclk3_011,50,0.12,1.07,48,55,2.2,1,2,1.9,168,0.0133,0,0.36,72373,84282,0.00888466,28212.2,0.0129143,0.0,55864.8,58121.4,0.505009
traj_ibex_fclk3_012,54,0.15,1.06,41,21,2.2,0,2,2.1,223,0.0128,0,0.18,59880,96237,0.00888416,28210.9,0.00587308,0.0,55773.8,58314.3,0.505809
traj_ibex_fclk3_013,46,0.1,1.0,51,71,2.2,1,1,1.7,105,0.0151,0,0.39,69792,4587,0.00888467,28214.9,0.0136275,0.0,55770.6,57926.9,0.505909
traj_ibex_fclk3_014,42,0.14,0.98,56,72,2.2,0,1,1.9,187,0.0169,0,0.15,38552,52727,0.00888558,28216.0,0.0136275,0.0,56016.1,58119.8,0.503711
traj_ibex_fclk3_015,45,0.1,1.1,42,83,2.2,2,2,2.2,187,-0.0241,0,0.41,46350,82759,0.00888416,28204.5,-0.0177933,-1.98129,56027.6,58413.0,0.503404
traj_ibex_fclk3_016,45,0.11,1.02,53,87,2.2,2,1,1.5,245,0.0087,1,0.36,12546,89830,0.00888416,28210.9,0.0108988,0.0,55891.9,57736.2,0.50474
traj_ibex_fclk3_017,41,0.08,1.01,57,37,2.2,1,1,1.8,239,0.0119,0,0.38,73627,56345,0.00888466,28212.2,0.0129143,0.0,55832.9,58024.2,0.505298
traj_ibex_fclk3_018,52,0.09,0.94,88,99,2.2,0,0,2.2,167,-0.004,0,0.15,20120,84528,0.00888416,28207.2,-0.00343703,-0.152287,55801.7,58410.9,0.505489
traj_ibex_fclk3_019,48,0.08,1.08,30,90,2.2,1,2,1.7,174,0.0058,1,0.18,10004,70397,0.00888416,28210.6,0.00587308,0.0,55906.6,57928.9,0.504603
traj_ibex_fclk3_020,43,0.06,1.04,72,68,2.2,1,1,2.2,200,0.0116,1,0.4,15378,54898,0.00888416,28211.4,0.0117115,0.0,56000.4,58410.5,0.503771
traj_ibex_fclk3_021,41,0.13,1.0,44,92,2.2,0,0,2.4,244,-0.0284,0,0.15,48363,45081,0.00888402,28194.4,-0.0459279,-6.57939,56102.6,58602.7,0.502551
traj_ibex_fclk3_022,40,0.1,1.01,88,33,2.2,1,0,1.7,123,0.0181,0,0.3,30495,94080,0.00888558,28216.0,0.0136275,0.0,55832.9,57927.9,0.505365
traj_ibex_fclk3_023,45,0.12,1.1,63,37,2.2,0,2,2.4,222,-0.0101,0,0.24,5826,23968,0.00888416,28207.2,-0.00343703,-0.152287,56027.6,58606.8,0.503452
traj_ibex_fclk3_024,53,0.09,0.99,48,49,2.2,0,0,1.6,151,-0.0145,0,0.32,35164,24710,0.00888416,28205.3,-0.0134206,-0.802657,55705.2,57830.4,0.506332
traj_ibex_fclk3_025,54,0.1,0.86,53,43,2.2,1,1,2.4,221,0.008,0,0.21,47416,65456,0.00888416,28210.9,0.0108988,0.0,55853.6,58609.2,0.505086
traj_ibex_fclk3_026,48,0.1,1.13,89,85,2.2,2,1,1.9,140,-0.0033,1,0.33,98748,20103,0.00888416,28208.0,-0.00268519,-0.105677,55898.8,58123.8,0.504625
traj_ibex_fclk3_027,48,0.11,1.13,43,48,2.2,1,2,1.8,132,-0.0259,0,0.4,31529,37994,0.00888416,28204.2,-0.0177933,-1.98129,55898.8,58027.2,0.504559
traj_ibex_fclk3_028,47,0.11,0.87,81,56,2.2,2,1,2.1,193,0.0022,0,0.34,90669,79491,0.00888416,28210.6,0.00587308,0.0,55835.8,58318.3,0.505243
traj_ibex_fclk3_029,50,0.13,0.85,60,57,2.2,1,1,2.3,173,0.0095,1,0.45,18887,51125,0.00888416,28210.9,0.0108988,0.0,55784.2,58514.9,0.505715
traj_ibex_fclk3_030,43,0.09,1.02,26,35,2.2,0,1,2.1,145,-0.0264,1,0.24,55321,14801,0.00888416,28204.2,-0.0177933,-1.98129,55846.7,58314.3,0.50503
traj_ibex_fclk3_031,46,0.13,1.05,90,80,2.2,2,1,1.7,111,-0.029,0,0.43,9158,87492,0.00888402,28194.4,-0.0459279,-6.57939,55725.9,57928.3,0.505948
traj_ibex_fclk3_032,49,0.07,1.06,42,63,2.2,1,1,1.7,109,-0.0197,1,0.34,12942,56685,0.00888416,28204.2,-0.0177933,-1.98129,55773.8,57928.4,0.50569
traj_ibex_fclk3_033,42,0.09,0.9,37,27,2.2,2,0,1.6,209,-0.0127,1,0.15,38064,54455,0.00888416,28206.4,-0.0113396,-0.425925,55616.6,57833.1,0.507157
traj_ibex_fclk3_034,42,0.13,0.91,62,81,2.2,2,2,2.0,195,-0.02,1,0.45,96119,36381,0.00888416,28204.2,-0.0177933,-1.98129,56016.4,58218.7,0.5035
traj_ibex_fclk3_035,45,0.08,1.05,37,47,2.2,1,1,2.5,235,-0.0071,1,0.44,51405,15295,0.00888416,28207.2,-0.00343703,-0.152287,56003.9,58701.2,0.503664
traj_ibex_fclk3_036,46,0.05,1.07,28,78,2.2,0,2,2.5,169,0.0128,0,0.43,44069,74647,0.00888466,28212.2,0.0129143,0.0,56139.3,58701.8,0.50254
traj_ibex_fclk3_037,50,0.08,0.95,75,95,2.2,1,1,1.8,209,-0.0256,1,0.37,23245,39414,0.00888416,28204.2,-0.0177933,-1.98129,55838.7,58024.7,0.505102
traj_ibex_fclk3_038,47,0.09,1.11,50,82,2.2,0,2,2.1,121,0.0196,1,0.24,72460,4853,0.00888489,28221.8,0.0208651,0.0,56060.0,58316.3,0.503421
traj_ibex_fclk3_039,44,0.12,1.01,58,35,2.2,2,1,2.1,223,-0.0004,0,0.37,54632,19076,0.00888416,28209.6,0.000217604,0.0,55787.9,58313.6,0.505657
traj_ibex_fclk3_040,46,0.1,0.97,77,62,2.2,0,1,1.5,157,-0.0078,1,0.32,74837,93986,0.00888416,28207.2,-0.00343703,-0.152287,55608.6,57735.8,0.507245
traj_ibex_fclk3_041,51,0.11,0.88,62,32,2.2,2,1,2.2,155,-0.0105,1,0.22,81636,11069,0.00888416,28207.2,-0.00343703,-0.152287,55897.2,58414.7,0.504625
traj_ibex_fclk3_042,40,0.1,0.98,46,56,2.2,1,1,1.5,239,0.01,1,0.34,91420,64097,0.00888416,28210.9,0.0108988,0.0,55680.7,57734.7,0.506655
traj_ibex_fclk3_043,47,0.11,0.94,66,27,2.2,0,0,2.4,189,-0.0242,1,0.44,97418,89082,0.00888416,28203.7,-0.0272853,-4.45213,56144.1,58604.5,0.502345
traj_ibex_fclk3_044,50,0.12,0.95,79,97,2.2,1,2,2.3,172,0.0122,0,0.44,86320,43062,0.00888466,28212.2,0.0129143,0.0,55838.7,58507.6,0.505245
traj_ibex_fclk3_045,53,0.06,0.96,35,23,2.2,0,0,2.1,135,-0.0137,0,0.24,66592,90741,0.00888416,28205.3,-0.0134206,-0.802657,55872.0,58314.5,0.50482
traj_ibex_fclk3_046,51,0.11,0.95,39,41,2.2,2,1,2.3,147,-0.0021,0,0.24,70336,89343,0.00888416,28208.2,-0.00133094,-0.0296687,55838.7,58507.6,0.505173
traj_ibex_fclk3_047,54,0.12,0.94,75,67,2.2,1,0,2.2,97,-0.0125,1,0.33,53467,49950,0.00888416,28206.4,-0.0113396,-0.425925,55801.7,58410.9,0.505475
traj_ibex_fclk3_048,48,0.12,0.9,29,50,2.2,1,2,1.7,202,0.0172,1,0.38,55882,30025,0.00888558,28216.0,0.0136275,0.0,56009.0,57929.4,0.503776
traj_ibex_fclk3_049,50,0.12,0.9,93,42,2.2,1,1,1.9,96,0.0114,1,0.17,66180,502,0.00888416,28211.4,0.0117115,0.0,56009.0,58122.4,0.503695
traj_ibex_fclk3_050,41,0.11,0.97,70,47,2.2,2,0,2.2,162,-0.0109,1,0.22,58898,51820,0.00888416,28207.2,-0.00343703,-0.152287,55945.7,58410.7,0.504189
traj_ibex_fclk3_051,45,0.07,0.87,55,85,2.2,1,2,1.7,153,-0.0081,1,0.23,77740,18196,0.00888416,28207.2,-0.00343703,-0.152287,55877.6,57931.7,0.504803
traj_ibex_fclk3_052,49,0.09,0.95,93,96,2.2,1,2,2.3,124,-0.0148,1,0.41,50804,39630,0.00888416,28205.3,-0.0134206,-0.802657,55838.7,58507.6,0.505121
traj_ibex_fclk3_053,48,0.13,1.0,63,30,2.2,1,1,2.4,118,-0.0102,1,0.31,73147,22800,0.00888416,28207.2,-0.00343703,-0.152287,56102.6,58602.7,0.502778
traj_ibex_fclk3_054,47,0.06,1.11,68,30,2.2,1,0,1.5,231,-0.0161,1,0.32,67022,78740,0.00888416,28204.5,-0.0156866,-1.80296,55792.2,57737.4,0.505528
traj_ibex_fclk3_055,53,0.08,1.04,59,49,2.2,1,1,2.4,210,-0.0237,1,0.38,21449,72218,0.00888416,28204.5,-0.0177933,-1.98129,56000.4,58604.1,0.503648
traj_ibex_fclk3_056,45,0.1,0.97,26,57,2.2,1,2,2.4,125,-0.0115,1,0.45,17902,97625,0.00888416,28206.4,-0.0113396,-0.425925,55945.7,58604.2,0.504175
traj_ibex_fclk3_057,54,0.07,0.92,77,87,2.2,0,1,1.9,177,0.0175,0,0.39,19905,80471,0.00888558,28216.0,0.0136275,0.0,55759.5,58123.0,0.50603
traj_ibex_fclk3_058,55,0.07,0.91,40,32,2.2,0,0,1.6,103,-0.0011,1,0.41,70657,78367,0.00888416,28208.5,-0.000577316,-0.0209668,55668.5,57832.8,0.506723
traj_ibex_fclk3_059,44,0.09,1.07,90,86,2.2,1,1,2.3,161,-0.0007,0,0.42,32458,72434,0.00888416,28208.5,-0.000577316,-0.0209668,55818.5,58508.0,0.505361
traj_ibex_fclk3_060,44,0.09,0.95,69,96,2.2,1,0,2.3,174,-0.0084,0,0.21,80863,95433,0.00888416,28207.2,-0.00343703,-0.152287,55838.7,58507.6,0.505154
traj_ibex_fclk3_061,52,0.09,0.86,41,78,2.2,0,2,1.8,96,-0.0151,0,0.29,719,80354,0.00888416,28205.3,-0.0134206,-0.802657,55853.6,58028.0,0.504986
traj_ibex_fclk3_062,48,0.14,0.96,91,84,2.2,0,2,1.7,149,-0.0027,1,0.4,78503,49354,0.00888416,28208.0,-0.00268519,-0.105677,55915.9,57928.7,0.504472
traj_ibex_fclk3_063,48,0.08,0.88,51,91,2.2,0,2,1.6,150,0.0143,0,0.2,76822,92501,0.00888466,28212.5,0.0129143,0.0,55897.2,57835.0,0.504721
traj_ibex_fclk3_064,41,0.05,0.86,44,77,2.2,1,0,1.6,81,-0.0204,0,0.34,58077,55819,0.00888416,28204.2,-0.0177933,-1.98129,55853.6,57835.0,0.504967
traj_ibex_fclk3_065,52,0.1,0.87,36,76,2.2,1,1,1.5,106,-0.0075,1,0.17,54348,50648,0.00888416,28207.2,-0.00343703,-0.152287,55877.6,57738.8,0.504803
traj_ibex_fclk3_066,41,0.07,1.12,33,52,2.2,1,1,1.6,202,-0.0154,0,0.31,90201,37291,0.00888416,28205.3,-0.0134206,-0.802657,55823.3,57833.8,0.505261
traj_ibex_fclk3_067,44,0.1,1.03,92,74,2.2,2,1,2.1,165,0.0071,1,0.21,4133,27061,0.00888416,28210.9,0.0108988,0.0,55902.3,58313.6,0.504646
traj_ibex_fclk3_068,51,0.08,1.0,47,23,2.2,1,1,2.4,94,-0.0016,0,0.4,47122,68658,0.00888416,28206.6,-0.0113396,-0.349917,56102.6,58602.7,0.502769
traj_ibex_fclk3_069,54,0.06,1.11,45,62,2.2,1,2,2.0,103,0.0014,1,0.37,7224,77998,0.00888416,28210.6,0.00587308,0.0,55745.1,58219.6,0.506065
traj_ibex_fclk3_070,55,0.09,1.13,56,79,2.2,0,1,2.1,185,-0.0059,0,0.2,80769,11551,0.00888416,28207.2,-0.00343703,-0.152287,55851.2,58317.2,0.505041
traj_ibex_fclk3_071,50,0.05,0.91,33,28,2.2,1,2,1.7,195,-0.0117,0,0.18,99643,8416,0.00888416,28206.4,-0.0113396,-0.425925,55711.0,57929.2,0.506298
traj_ibex_fclk3_072,45,0.1,0.91,89,74,2.2,1,2,2.1,226,-0.0192,1,0.26,1805,88535,0.00888416,28204.2,-0.0177933,-1.98129,56016.4,58315.3,0.5035
traj_ibex_fclk3_073,53,0.12,1.04,35,81,2.2,0,2,2.3,227,-0.0066,0,0.42,88523,28745,0.00888416,28207.2,-0.00343703,-0.152287,55954.7,58507.3,0.504107
traj_ibex_fclk3_074,50,0.1,1.09,40,81,2.2,1,1,2.5,142,-0.0062,0,0.18,69472,62860,0.00888416,28207.2,-0.00343703,-0.152287,55945.1,58702.9,0.504194
traj_ibex_fclk3_075,47,0.15,1.11,97,68,2.2,2,1,2.0,126,-0.0272,1,0.41,78245,62311,0.00888416,28204.0,-0.0177933,-2.05192,55745.1,58219.6,0.505946
traj_ibex_fclk3_076,49,0.06,1.09,61,72,2.2,1,1,2.3,206,-0.0061,0,0.24,79675,79112,0.00888416,28207.2,-0.00343703,-0.152287,55945.1,58509.0,0.504194
traj_ibex_fclk3_077,46,0.12,0.87,49,48,2.2,0,1,2.0,243,0.0186,1,0.35,55115,38673,0.00888489,28221.8,0.0208651,0.0,55877.6,58221.6,0.505065
traj_ibex_fclk3_078,45,0.14,1.14,40,68,2.2,2,2,2.3,192,0.0159,0,0.31,34702,99492,0.00888467,28214.9,0.0136275,0.0,55923.8,58512.1,0.504523
traj_ibex_fclk3_079,46,0.08,1.13,65,22,2.2,0,1,1.5,131,-0.0056,1,0.38,74203,28888,0.00888416,28206.4,-0.0113396,-0.425925,55898.8,57738.0,0.504597
traj_ibex_fclk3_080,49,0.14,1.14,50,92,2.2,1,2,2.4,204,-0.0053,1,0.18,87088,24167,0.00888416,28207.2,-0.00343703,-0.152287,55971.7,58609.1,0.503954
traj_ibex_fclk3_081,45,0.07,0.88,67,93,2.2,2,1,2.3,249,0.0156,1,0.24,11568,41756,0.00888467,28214.9,0.0136275,0.0,55897.2,58511.6,0.504763
traj_ibex_fclk3_082,53,0.07,1.03,83,60,2.2,1,1,1.8,241,0.0145,0,0.28,97837,31276,0.00888466,28212.5,0.0129143,0.0,55947.8,58024.1,0.504265
traj_ibex_fclk3_083,41,0.05,1.11,84,51,2.2,1,1,1.5,144,-0.0208,0,0.29,35900,69010,0.00888416,28204.2,-0.0177933,-1.98129,55792.2,57737.4,0.505523
traj_ibex_fclk3_084,46,0.05,0.87,81,45,2.2,1,1,1.9,185,-0.022,0,0.29,39021,86711,0.00888416,28204.2,-0.0177933,-1.98129,55877.6,58124.9,0.504751
traj_ibex_fclk3_085,41,0.07,1.02,50,98,2.2,2,1,1.9,241,0.0089,1,0.21,29022,64493,0.00888416,28210.9,0.0108988,0.0,55891.9,58121.3,0.50474
traj_ibex_fclk3_086,40,0.06,1.14,60,80,2.2,1,1,2.3,237,-0.0088,1,0.18,39578,3781,0.00888416,28207.2,-0.00343703,-0.152287,55923.8,58512.1,0.504385
traj_ibex_fclk3_087,42,0.06,0.98,30,93,2.2,1,0,2.1,107,-0.0156,1,0.19,25007,57910,0.00888416,28205.3,-0.0134206,-0.802657,55971.7,58312.9,0.503921
traj_ibex_fclk3_088,46,0.11,0.92,57,24,2.2,1,1,1.9,194,0.014,0,0.29,85702,62445,0.00888416,28211.2,0.00587308,0.0,55759.5,58123.0,0.505944
traj_ibex_fclk3_089,54,0.15,1.03,98,59,2.2,1,2,1.8,148,0.0199,0,0.26,22792,61591,0.00888489,28221.8,0.0208651,0.0,55947.8,58024.1,0.504431
traj_ibex_fclk3_090,49,0.12,1.06,32,93,2.2,1,2,1.8,87,-0.0281,0,0.2,62811,98599,0.00888416,28203.2,-0.0276066,-4.57286,55773.8,58024.8,0.505671
traj_ibex_fclk3_091,49,0.07,1.13,32,53,2.2,1,2,2.0,100,-0.0003,1,0.44,9888,4110,0.00888416,28209.6,0.000217604,0.0,55898.8,58220.4,0.504654
traj_ibex_fclk3_092,53,0.11,0.99,99,43,2.2,0,1,1.6,198,0.0067,1,0.24,92558,14605,0.00888416,28210.9,0.0108988,0.0,55705.2,57830.4,0.506432
traj_ibex_fclk3_093,45,0.07,0.91,27,54,2.2,1,0,1.6,83,-0.0044,1,0.33,33146,86853,0.00888416,28207.2,-0.00343703,-0.152287,55668.5,57832.8,0.506699
traj_ibex_fclk3_094,52,0.1,1.02,57,34,2.2,0,0,2.2,236,-0.027,1,0.37,22077,91905,0.00888416,28204.0,-0.0177933,-2.05192,55891.9,58411.0,0.504616
traj_ibex_fclk3_095,40,0.06,1.15,54,75,2.2,0,1,2.3,213,-0.0002,1,0.2,44657,26420,0.00888416,28209.6,0.000217604,0.0,55993.8,58511.5,0.503798
traj_ibex_fclk3_096,44,0.13,0.92,66,73,2.2,0,0,1.8,147,-0.0228,0,0.39,61563,58907,0.00888416,28204.2,-0.0177933,-1.98129,55716.6,58026.5,0.506209
traj_ibex_fclk3_097,52,0.08,1.1,56,63,2.2,1,2,1.5,221,-0.023,0,0.19,42334,90971,0.00888416,28204.2,-0.0177933,-1.98129,55711.0,57737.5,0.50626
traj_ibex_fclk3_098,48,0.08,0.98,26,29,2.2,1,0,1.9,86,0.005,1,0.45,68874,37062,0.00888416,28210.6,0.00587308,0.0,56016.1,58119.8,0.503616
traj_ibex_fclk3_099,46,0.1,1.05,61,67,2.2,1,2,2.4,179,0.0041,0,0.41,68201,60705,0.00888416,28210.6,0.00587308,0.0,56049.9,58604.3,0.503313
traj_ibex_fclk3_100,49,0.14,1.06,53,52,2.2,0,0,2.5,126,-0.0258,1,0.31,4617,42339,0.00888416,28204.2,-0.0177933,-1.98129,56096.2,58701.5,0.502783
traj_ibex_fclk3_101,53,0.09,0.89,26,61,2.2,2,0,1.9,233,0.0178,0,0.27,11658,16416,0.00888558,28216.0,0.0136275,0.0,55955.0,58123.6,0.504262
traj_ibex_fclk3_102,43,0.11,1.07,51,36,2.2,1,0,2.0,111,0.0195,1,0.34,83204,98021,0.00888489,28221.8,0.0208651,0.0,55818.5,58218.0,0.505599
traj_ibex_fclk3_103,42,0.11,0.98,70,82,2.2,1,1,1.9,110,0.0029,0,0.4,1008,66143,0.00888416,28210.6,0.00587308,0.0,56016.1,58119.8,0.503616
traj_ibex_fclk3_104,52,0.06,0.85,95,22,2.2,0,1,2.4,175,-0.0079,1,0.42,34189,22329,0.00888416,28206.4,-0.0113396,-0.425925,55825.4,58612.0,0.50526
traj_ibex_fclk3_105,42,0.09,0.99,55,72,2.2,0,0,1.6,226,-0.013,1,0.31,95890,76922,0.00888416,28206.4,-0.0113396,-0.425925,55705.2,57830.4,0.506351
traj_ibex_fclk3_106,42,0.14,1.09,47,66,2.2,1,1,2.2,217,-0.0214,1,0.16,29875,33020,0.00888416,28204.2,-0.0177933,-1.98129,55945.1,58412.2,0.504141
traj_ibex_fclk3_107,51,0.15,1.02,68,25,2.2,1,0,2.3,154,-0.0266,1,0.2,57769,30826,0.00888416,28199.2,-0.0316698,-4.86376,55846.7,58507.7,0.504939
traj_ibex_fclk3_108,48,0.06,1.09,85,76,2.2,1,0,1.5,138,-0.02,0,0.42,6603,60180,0.00888416,28204.2,-0.0177933,-1.98129,55991.9,57736.9,0.50372
traj_ibex_fclk3_109,55,0.14,1.04,82,43,2.2,2,1,2.1,206,0.0172,0,0.32,96628,67430,0.00888558,28216.0,0.0136275,0.0,55954.7,58313.9,0.504264
traj_ibex_fclk3_110,54,0.13,0.87,69,88,2.2,1,1,1.7,228,0.0077,1,0.34,26937,40418,0.00888416,28210.9,0.0108988,0.0,55877.6,57931.7,0.50487
traj_ibex_fclk3_111,51,0.07,1.04,92,33,2.2,1,1,2.0,127,-0.0095,0,0.35,49303,57564,0.00888416,28207.2,-0.00343703,-0.152287,56000.4,58217.3,0.503695
traj_ibex_fclk3_112,47,0.1,0.94,37,91,2.2,2,1,2.4,101,-0.0187,0,0.31,84558,88036,0.00888416,28204.2,-0.0177933,-1.98129,56144.1,58604.5,0.502355
traj_ibex_fclk3_113,54,0.15,0.93,62,42,2.2,0,1,2.0,128,0.0186,0,0.26,81287,65014,0.00888489,28221.8,0.0208651,0.0,55761.0,58217.9,0.50612
traj_ibex_fclk3_114,54,0.07,1.12,71,99,2.2,1,2,2.5,212,-0.0172,1,0.22,22820,29597,0.00888416,28204.5,-0.0156866,-1.80296,56136.9,58704.1,0.502424
traj_ibex_fclk3_115,48,0.13,1.03,54,59,2.2,0,1,1.8,233,0.0107,1,0.23,36814,26253,0.00888416,28211.2,0.0108988,0.0,55947.8,58024.1,0.504241
traj_ibex_fclk3_116,42,0.13,1.13,82,92,2.2,1,0,2.4,182,0.0032,0,0.38,21634,25833,0.00888416,28210.6,0.00587308,0.0,55898.8,58607.8,0.504673
traj_ibex_fclk3_117,43,0.11,1.09,60,38,2.2,0,1,1.8,121,0.0023,0,0.18,33428,19797,0.00888416,28210.6,0.00587308,0.0,55945.1,58025.8,0.504255
traj_ibex_fclk3_118,46,0.13,1.03,49,31,2.2,2,1,2.3,106,0.0038,1,0.25,64699,27663,0.00888416,28210.6,0.00587308,0.0,55902.3,58506.9,0.504642
traj_ibex_fclk3_119,55,0.1,0.89,28,23,2.2,1,2,2.0,115,-0.0239,1,0.23,89481,48500,0.00888416,28203.7,-0.0272853,-4.45213,55955.0,58220.2,0.504043
traj_ibex_fclk3_120,53,0.05,0.96,29,39,2.2,0,0,2.2,114,0.0161,0,0.22,74680,11878,0.00888467,28214.9,0.0136275,0.0,55915.9,58411.2,0.504595
traj_ibex_fclk3_121,41,0.08,0.94,92,47,2.2,1,1,2.0,204,-0.0277,0,0.33,9494,81782,0.00888416,28203.2,-0.0276066,-4.57286,55801.7,58217.7,0.505418
traj_ibex_fclk3_122,53,0.12,0.99,87,48,2.2,0,0,1.6,119,0.0004,1,0.19,82978,34203,0.00888416,28209.8,0.000623501,0.0,55705.2,57830.4,0.506413
traj_ibex_fclk3_123,43,0.07,1.07,39,39,2.2,1,1,1.6,117,-0.0132,1,0.35,53629,49067,0.00888416,28206.4,-0.0113396,-0.425925,55818.5,57832.3,0.505323
traj_ibex_fclk3_124,41,0.11,1.03,36,63,2.2,0,0,2.3,99,-0.0167,1,0.41,86529,2861,0.00888416,28204.5,-0.0156866,-1.80296,55902.3,58506.9,0.504532
traj_ibex_fclk3_125,45,0.12,0.9,76,66,2.2,0,1,2.2,218,-0.0034,0,0.43,33857,71802,0.00888416,28208.0,-0.00268519,-0.105677,55966.4,58412.5,0.504016
traj_ibex_fclk3_126,43,0.09,1.12,68,40,2.2,1,1,1.8,199,-0.0038,0,0.41,62382,93226,0.00888416,28207.2,-0.00343703,-0.152287,55823.3,58026.6,0.505294
traj_ibex_fclk3_127,47,0.08,1.12,100,35,2.2,1,2,1.8,142,0.0025,1,0.18,63679,51281,0.00888416,28210.6,0.00587308,0.0,55823.3,58026.6,0.505356
traj_ibex_fclk3_128,49,0.07,1.08,47,69,2.2,0,1,1.6,120,-0.019,1,0.32,18021,45412,0.00888416,28204.2,-0.0177933,-1.98129,55906.6,57832.6,0.504489
traj_ibex_fclk3_129,53,0.14,0.97,34,71,2.2,1,0,2.2,152,-0.0185,1,0.33,19426,12815,0.00888416,28204.2,-0.0177933,-1.98129,55945.7,58410.7,0.504137
traj_ibex_fclk3_130,46,0.12,1.1,43,98,2.2,0,1,2.0,99,-0.0049,0,0.28,63528,28108,0.00888416,28207.2,-0.00343703,-0.152287,56027.6,58219.6,0.503452
traj_ibex_fclk3_131,54,0.14,1.08,72,85,2.2,0,1,1.8,156,-0.0244,1,0.38,41504,21577,0.00888416,28204.5,-0.0177933,-1.98129,55906.6,58025.3,0.504494
traj_ibex_fclk3_132,46,0.15,0.93,62,45,2.2,1,1,2.1,183,-0.0205,0,0.32,60318,46402,0.00888416,28204.2,-0.0177933,-1.98129,55761.0,58314.5,0.505806
traj_ibex_fclk3_133,53,0.13,0.99,97,69,2.2,1,1,2.1,230,-0.0139,1,0.29,26481,92042,0.00888416,28205.3,-0.0134206,-0.802657,56038.8,58312.4,0.503318
traj_ibex_fclk3_134,42,0.06,0.91,94,25,2.2,1,0,2.0,122,-0.0055,0,0.31,64889,87977,0.00888416,28206.4,-0.0113396,-0.425925,56016.4,58218.7,0.503538
traj_ibex_fclk3_135,44,0.15,1.12,76,37,2.2,0,1,2.3,242,0.0005,0,0.26,42773,43313,0.00888416,28209.8,0.000623501,0.0,56136.9,58510.1,0.502518
traj_ibex_fclk3_136,42,0.06,0.89,72,36,2.2,0,0,1.7,113,0.0179,1,0.25,30116,10281,0.00888558,28216.0,0.0136275,0.0,55955.0,57930.6,0.504262
traj_ibex_fclk3_137,43,0.09,0.85,45,99,2.2,1,2,2.1,89,0.0092,1,0.38,23786,8220,0.00888416,28210.9,0.0108988,0.0,55784.2,58321.0,0.505715
traj_ibex_fclk3_138,49,0.07,0.92,86,99,2.2,2,1,1.8,102,-0.0097,1,0.23,25389,54030,0.00888416,28207.2,-0.00343703,-0.152287,55716.6,58026.5,0.506261
traj_ibex_fclk3_139,42,0.06,0.92,94,49,2.2,1,2,2.1,213,0.0059,0,0.39,14832,16058,0.00888416,28210.9,0.0108988,0.0,56062.7,58316.1,0.503203
traj_ibex_fclk3_140,47,0.07,1.0,49,87,2.2,0,1,2.4,143,-0.0132,0,0.17,75471,18449,0.00888416,28206.4,-0.0113396,-0.425925,56102.6,58602.7,0.502764
traj_ibex_fclk3_141,42,0.09,1.15,78,93,2.2,1,1,2.5,245,-0.0188,0,0.23,43068,67896,0.00888416,28204.2,-0.0177933,-1.98129,55993.8,58705.6,0.503703
traj_ibex_fclk3_142,53,0.13,1.01,42,24,2.2,2,1,2.2,87,-0.003,0,0.43,27314,42528,0.00888416,28206.4,-0.0113396,-0.425925,55832.9,58410.2,0.505193
traj_ibex_fclk3_143,52,0.1,1.01,58,28,2.2,1,2,1.5,82,0.0064,1,0.26,56058,32021,0.00888416,28210.9,0.0108988,0.0,55832.9,57735.5,0.505274
traj_ibex_fclk3_144,45,0.09,1.05,59,29,2.2,1,1,1.8,168,-0.012,1,0.41,79342,33251,0.00888416,28206.4,-0.0113396,-0.425925,55725.9,58024.6,0.506162
traj_ibex_fclk3_145,51,0.1,1.12,73,44,2.2,0,0,1.8,132,-0.0112,0,0.35,53002,10408,0.00888416,28207.2,-0.00343703,-0.152287,55823.3,58026.6,0.505294
traj_ibex_fclk3_146,47,0.08,1.11,95,52,2.2,0,2,1.8,169,-0.0178,1,0.22,41763,9403,0.00888416,28204.2,-0.0177933,-1.98129,55745.1,58026.5,0.50595
traj_ibex_fclk3_147,44,0.14,1.15,59,64,2.2,2,1,2.3,136,-0.0213,1,0.18,91087,71201,0.00888416,28204.2,-0.0177933,-1.98129,55993.8,58511.5,0.503703
traj_ibex_fclk3_148,51,0.11,0.93,96,26,2.2,1,1,1.9,180,0.0154,1,0.29,71572,59631,0.00888416,28213.0,0.00587308,0.0,55804.1,58121.4,0.505572
traj_ibex_fclk3_149,45,0.13,0.96,65,40,2.2,2,1,2.3,228,0.0008,0,0.2,68705,56811,0.00888416,28210.6,0.00587308,0.0,55872.0,58507.9,0.504916
traj_ibex_fclk3_150,43,0.05,1.1,74,80,2.2,1,1,1.6,215,0.01,1,0.27,83891,43893,0.00888416,28210.9,0.0108988,0.0,55711.0,57833.8,0.506379
traj_ibex_fclk3_151,41,0.12,0.86,80,29,2.2,2,1,2.2,114,-0.0183,1,0.43,93568,85312,0.00888416,28204.2,-0.0177933,-1.98129,55853.6,58415.2,0.504967
traj_ibex_fclk3_152,50,0.08,0.97,97,61,2.2,2,1,1.9,160,-0.0009,1,0.42,12296,35981,0.00888416,28208.5,-0.000577316,-0.0209668,55989.8,58121.0,0.503815
traj_ibex_fclk3_153,44,0.11,1.07,91,67,2.2,1,2,2.2,129,0.011,1,0.3,75627,7317,0.00888416,28211.4,0.0117115,0.0,55818.5,58411.3,0.505414
traj_ibex_fclk3_154,51,0.07,0.99,84,26,2.2,1,2,1.7,108,-0.0292,0,0.4,36268,9952,0.00888402,28188.8,-0.0504563,-8.88397,55749.6,57926.6,0.505633
traj_ibex_fclk3_155,55,0.11,1.14,73,57,2.2,1,0,2.4,115,0.019,0,0.3,82781,5616,0.00888489,28221.8,0.0208651,0.0,55971.7,58609.1,0.504215
traj_ibex_fclk3_156,49,0.13,0.92,96,70,2.2,1,1,2.5,234,-0.0111,1,0.29,58773,47341,0.00888416,28207.2,-0.00343703,-0.152287,56062.7,58703.5,0.503136
traj_ibex_fclk3_157,46,0.06,1.02,36,70,2.2,2,2,1.9,80,-0.0194,0,0.37,64099,17899,0.00888416,28204.2,-0.0177933,-1.98129,55891.9,58121.3,0.504621
traj_ibex_fclk3_158,41,0.1,1.08,52,52,2.2,0,2,1.9,84,-0.01,1,0.27,45264,32457,0.00888416,28207.2,-0.00343703,-0.152287,55906.6,58121.8,0.504541
traj_ibex_fclk3_159,52,0.13,0.89,27,34,2.2,1,1,1.6,163,-0.0249,0,0.3,37627,38938,0.00888416,28204.2,-0.0177933,-1.98129,55955.0,57834.2,0.504053
traj_ibex_fclk3_160,50,0.06,0.96,50,84,2.2,0,2,1.7,207,-0.0089,1,0.16,13639,59253,0.00888416,28207.2,-0.00343703,-0.152287,55915.9,57928.7,0.504457
traj_ibex_fclk3_161,44,0.12,1.03,80,51,2.2,2,1,1.7,201,-0.0015,0,0.38,94222,55318,0.00888416,28208.2,-0.00133094,-0.0296687,55947.8,57927.8,0.504189
traj_ibex_fclk3_162,54,0.15,0.86,31,90,2.2,2,0,1.6,182,0.0098,1,0.31,94490,40911,0.00888416,28210.9,0.0108988,0.0,55853.6,57835.0,0.505086
traj_ibex_fclk3_163,41,0.14,0.95,37,78,2.2,0,1,1.8,249,-0.0157,1,0.35,31731,40342,0.00888416,28204.5,-0.0156866,-1.80296,55838.7,58024.7,0.505107
traj_ibex_fclk3_164,52,0.1,1.08,77,21,2.2,0,0,1.6,139,-0.0181,0,0.26,99056,21969,0.00888416,28204.2,-0.0177933,-1.98129,55906.6,57832.6,0.504489
traj_ibex_fclk3_165,42,0.1,1.04,61,84,2.2,2,0,2.0,89,-0.0052,1,0.28,56558,99184,0.00888416,28207.2,-0.00343703,-0.152287,56000.4,58217.3,0.503695
traj_ibex_fclk3_166,42,0.06,0.85,70,41,2.2,1,2,2.4,164,-0.0083,0,0.3,24695,13324,0.00888416,28207.2,-0.00343703,-0.152287,55825.4,58612.0,0.505275
traj_ibex_fclk3_167,47,0.07,0.9,71,46,2.2,0,0,1.6,199,-0.0253,0,0.44,29425,44158,0.00888416,28204.2,-0.0177933,-1.98129,55616.6,57833.1,0.507119
traj_ibex_fclk3_168,46,0.11,0.89,96,31,2.2,0,0,1.9,139,-0.0148,0,0.44,77410,69588,0.00888416,28205.3,-0.0134206,-0.802657,55955.0,58123.6,0.504072
traj_ibex_fclk3_169,41,0.05,1.04,84,95,2.2,2,0,2.0,189,0.013,1,0.23,92111,95840,0.00888466,28212.2,0.0129143,0.0,56000.4,58217.3,0.503786
traj_ibex_fclk3_170,43,0.09,1.06,80,98,2.2,1,1,1.9,117,0.0044,0,0.19,85171,79908,0.00888416,28210.6,0.00587308,0.0,55819.8,58121.2,0.505387
traj_ibex_fclk3_171,53,0.14,0.97,41,46,2.2,1,1,2.4,145,0.0148,1,0.43,4846,90143,0.00888467,28214.6,0.0136275,0.0,55945.7,58604.2,0.504322
traj_ibex_fclk3_172,48,0.06,0.88,81,79,2.2,1,1,1.7,238,-0.028,0,0.25,57055,86179,0.00888416,28203.2,-0.0276066,-4.57286,55939.3,57931.4,0.504175
traj_ibex_fclk3_173,52,0.12,0.96,31,89,2.2,1,1,2.5,123,-0.0235,0,0.34,92962,83639,0.00888416,28204.5,-0.0177933,-1.98129,55872.0,58701.6,0.504806
traj_ibex_fclk3_174,48,0.1,1.02,56,42,2.2,2,2,1.6,219,-0.0069,0,0.17,2144,320,0.00888416,28207.2,-0.00343703,-0.152287,55846.7,57832.3,0.505082
traj_ibex_fclk3_175,48,0.08,1.06,34,34,2.2,2,2,1.6,101,-0.0025,1,0.2,14683,44634,0.00888416,28208.2,-0.00133094,-0.0296687,55773.8,57832.2,0.505761
traj_ibex_fclk3_176,49,0.14,1.14,74,59,2.2,2,2,2.4,176,-0.0072,1,0.25,46641,45624,0.00888416,28207.2,-0.00343703,-0.152287,55971.7,58609.1,0.503954
traj_ibex_fclk3_177,50,0.13,1.1,65,38,2.2,2,0,1.8,150,-0.0036,0,0.31,94814,85780,0.00888416,28207.2,-0.00343703,-0.152287,56027.6,58026.6,0.503452
traj_ibex_fclk3_178,50,0.05,1.11,67,96,2.2,2,0,2.0,112,-0.0274,0,0.33,65286,85096,0.00888416,28203.2,-0.0276066,-4.57286,55745.1,58219.6,0.505931
traj_ibex_fclk3_179,55,0.12,0.9,67,49,2.2,2,1,2.2,205,-0.0218,1,0.36,82010,33695,0.00888416,28204.2,-0.0177933,-1.98129,55966.4,58412.5,0.50395
traj_ibex_fclk3_180,49,0.14,0.87,33,89,2.2,1,1,1.8,171,-0.021,1,0.16,20676,92920,0.00888416,28204.2,-0.0177933,-1.98129,55877.6,58028.2,0.504751
traj_ibex_fclk3_181,40,0.14,1.1,52,95,2.2,1,0,2.1,240,0.0109,1,0.28,84143,34825,0.00888416,28211.4,0.0117115,0.0,55980.5,58316.3,0.503951
traj_ibex_fclk3_182,46,0.1,1.03,33,69,2.2,1,2,2.2,158,0.0091,1,0.44,62713,17036,0.00888416,28210.9,0.0108988,0.0,55947.8,58410.2,0.504236
traj_ibex_fclk3_183,51,0.13,1.05,38,23,2.2,1,1,2.0,108,0.0032,0,0.36,229,74981,0.00888416,28210.6,0.00587308,0.0,56049.9,58217.5,0.503313
traj_ibex_fclk3_184,47,0.13,1.08,64,33,2.2,2,1,2.4,187,-0.0018,1,0.37,99452,63601,0.00888416,28208.2,-0.00133094,-0.0296687,55906.6,58605.3,0.50456
traj_ibex_fclk3_185,43,0.14,0.94,70,76,2.2,2,0,1.7,91,-0.0218,0,0.18,52723,6896,0.00888416,28204.2,-0.0177933,-1.98129,55845.1,57928.4,0.505044
traj_ibex_fclk3_186,47,0.07,0.93,87,86,2.2,2,1,2.2,134,-0.0209,0,0.36,49727,61716,0.00888416,28204.2,-0.0177933,-1.98129,56105.3,58411.2,0.502702
traj_ibex_fclk3_187,51,0.14,0.93,84,55,2.2,0,1,1.9,104,-0.0121,1,0.28,71039,99696,0.00888416,28206.4,-0.0113396,-0.425925,55804.1,58121.4,0.505453
traj_ibex_fclk3_188,51,0.07,1.05,31,20,2.2,1,2,2.2,197,0.0122,1,0.42,8357,3345,0.00888416,28210.9,0.00587308,0.0,56049.9,58410.8,0.503317
traj_ibex_fclk3_189,49,0.09,0.98,71,79,2.2,1,1,1.8,124,0.0053,0,0.19,48642,17359,0.00888416,28210.6,0.00587308,0.0,56016.1,58023.4,0.503616
traj_ibex_fclk3_190,42,0.05,0.9,30,84,2.2,1,1,2.1,214,-0.0223,0,0.16,18642,66440,0.00888416,28204.2,-0.0177933,-1.98129,55966.4,58315.7,0.50395
traj_ibex_fclk3_191,46,0.11,1.06,29,97,2.2,0,1,1.7,137,-0.0251,0,0.35,37308,97466,0.00888416,28204.2,-0.0177933,-1.98129,55773.8,57928.4,0.50569
traj_ibex_fclk3_192,54,0.08,0.99,59,73,2.2,1,0,2.2,179,-0.0141,0,0.22,44930,52285,0.00888416,28205.3,-0.0134206,-0.802657,56038.8,58409.0,0.503318
traj_ibex_fclk3_193,41,0.12,1.09,67,21,2.2,1,1,2.4,166,-0.0284,0,0.4,73534,23581,0.00888402,28188.8,-0.0504563,-8.88397,55945.1,58605.9,0.503866
traj_ibex_fclk3_194,41,0.15,0.97,52,61,2.2,1,1,2.4,82,-0.0225,1,0.33,21200,75615,0.00888416,28204.2,-0.0177933,-1.98129,55945.7,58604.2,0.504137
traj_ibex_fclk3_195,43,0.14,0.88,27,44,2.2,1,0,1.8,211,0.0034,0,0.39,28584,19558,0.00888416,28210.6,0.00587308,0.0,55897.2,58027.9,0.504687
traj_ibex_fclk3_196,46,0.14,0.96,79,26,2.2,2,1,2.2,229,-0.0232,1,0.23,13566,83273,0.00888416,28204.2,-0.0177933,-1.98129,55915.9,58411.2,0.504405
traj_ibex_fclk3_197,51,0.06,1.0,57,94,2.2,1,2,2.0,118,-0.0164,1,0.25,65631,832,0.00888416,28204.5,-0.0156866,-1.80296,55770.6,58216.0,0.505723
traj_ibex_fclk3_198,40,0.06,0.95,78,65,2.2,1,1,1.6,219,0.0062,0,0.28,89629,60942,0.00888416,28210.9,0.0108988,0.0,55838.7,57832.1,0.505221
traj_ibex_fclk3_199,50,0.09,1.08,85,47,2.2,2,1,2.0,141,-0.0143,0,0.29,40150,29759,0.00888416,28205.3,-0.0134206,-0.802657,55906.6,58218.3,0.504508
traj_ibex_fclk3_200,43,0.15,1.11,69,89,2.2,2,1,1.7,181,0.008,0,0.36,32108,73761,0.00888416,28210.9,0.0108988,0.0,55792.2,57930.0,0.505643
traj_ibex_fclk3_201,45,0.09,0.95,98,40,2.2,2,1,1.9,217,-0.0298,1,0.35,87811,94949,0.00888402,28194.1,-0.0459279,-6.57939,55882.3,58121.1,0.504527
traj_ibex_fclk3_202,43,0.1,0.91,66,75,2.2,1,0,2.0,94,0.0164,1,0.44,67215,14286,0.00888467,28215.2,0.0136275,0.0,56016.4,58218.7,0.503694
traj_ibex_fclk3_203,49,0.14,1.13,94,21,2.2,1,2,1.9,159,0.0192,0,0.22,11146,75278,0.00888467,28220.7,0.0185478,0.0,55898.8,58123.8,0.504854
traj_ibex_fclk3_204,55,0.09,1.14,63,76,2.2,1,0,1.9,93,0.0137,0,0.22,76580,1342,0.00888466,28212.2,0.0129143,0.0,55971.7,58124.9,0.504044
traj_ibex_fclk3_205,43,0.06,1.01,75,55,2.2,2,2,1.7,190,-0.0065,1,0.24,85233,53467,0.00888416,28207.2,-0.00343703,-0.152287,55832.9,57927.9,0.505207
traj_ibex_fclk3_206,43,0.05,1.12,76,97,2.2,1,0,1.7,85,0.0044,1,0.37,59376,74103,0.00888416,28210.6,0.00587308,0.0,55870.6,57930.2,0.504928
traj_ibex_fclk3_207,52,0.12,0.87,88,31,2.2,0,2,1.8,216,0.001,0,0.28,51768,66930,0.00888416,28210.6,0.00587308,0.0,55877.6,58028.2,0.504865
traj_ibex_fclk3_208,51,0.07,0.96,79,58,2.2,1,1,2.5,156,0.0162,0,0.3,15734,65961,0.00888467,28214.9,0.0136275,0.0,55872.0,58701.6,0.504992
traj_ibex_fclk3_209,50,0.12,1.14,44,65,2.2,1,1,2.3,152,0.0116,1,0.2,52258,77227,0.00888416,28211.4,0.0117115,0.0,55923.8,58512.1,0.504462
traj_ibex_fclk3_210,52,0.14,1.14,82,90,2.2,1,1,1.6,96,-0.0248,1,0.36,17253,73013,0.00888416,28204.2,-0.0177933,-1.98129,55971.7,57835.3,0.503902
traj_ibex_fclk3_211,43,0.06,0.93,74,70,2.2,1,1,2.2,207,0.0125,1,0.43,36586,76392,0.00888466,28212.2,0.0129143,0.0,56105.3,58411.2,0.502845
traj_ibex_fclk3_212,51,0.12,1.0,48,71,2.2,1,1,2.2,211,-0.0276,1,0.37,87510,46066,0.00888416,28203.2,-0.0276066,-4.57286,56102.6,58409.2,0.502707
traj_ibex_fclk3_213,51,0.15,0.94,43,43,2.2,2,1,2.1,176,-0.0173,1,0.25,2621,96958,0.00888416,28204.5,-0.0156866,-1.80296,55801.7,58314.3,0.505441
traj_ibex_fclk3_214,48,0.13,1.09,25,53,2.2,2,2,2.0,247,-0.0134,0,0.21,27919,47933,0.00888416,28206.1,-0.0133811,-0.802262,55945.1,58218.9,0.504175
traj_ibex_fclk3_215,48,0.11,0.88,99,58,2.2,2,2,2.0,170,0.0139,0,0.35,91960,53874,0.00888466,28212.2,0.0129143,0.0,55897.2,58221.2,0.504716
traj_ibex_fclk3_216,44,0.07,0.86,55,58,2.2,1,2,2.3,247,-0.0093,1,0.27,14217,82014,0.00888416,28207.2,-0.00343703,-0.152287,55812.1,58512.2,0.505395
traj_ibex_fclk3_217,49,0.11,0.85,32,41,2.2,2,1,2.1,133,-0.0293,0,0.17,16977,94462,0.00888402,28194.4,-0.0459279,-6.57939,55784.2,58321.0,0.505419
traj_ibex_fclk3_218,43,0.11,1.13,90,51,2.2,2,0,2.5,232,0.0055,0,0.28,24038,48107,0.00888416,28210.6,0.00587308,0.0,55851.2,58704.9,0.505103
traj_ibex_fclk3_219,44,0.09,0.89,91,24,2.2,1,0,1.9,146,-0.009,0,0.42,16253,6490,0.00888416,28206.4,-0.0113396,-0.425925,55955.0,58123.6,0.504091
traj_ibex_fclk3_220,47,0.11,1.12,31,39,2.2,0,1,1.9,92,0.0018,1,0.26,45891,58659,0.00888416,28210.6,0.00587308,0.0,55870.6,58123.2,0.504928
traj_ibex_fclk3_221,44,0.09,0.99,77,91,2.2,0,0,2.0,230,-0.0229,0,0.39,6387,81321,0.00888416,28204.2,-0.0177933,-1.98129,56038.8,58215.8,0.503299
traj_ibex_fclk3_222,54,0.13,0.98,46,36,2.2,1,1,2.0,128,-0.0169,0,0.22,78845,12434,0.00888416,28204.5,-0.0156866,-1.80296,56016.1,58216.3,0.503507
traj_ibex_fclk3_223,52,0.12,0.86,35,69,2.2,1,1,1.7,191,0.0012,0,0.26,93991,81081,0.00888416,28210.6,0.00587308,0.0,55853.6,57931.5,0.505082
traj_ibex_fclk3_224,47,0.12,1.07,95,64,2.2,0,1,1.5,83,0.0075,0,0.19,26144,5252,0.00888416,28210.9,0.0108988,0.0,55864.8,57736.1,0.504985
traj_ibex_fclk3_225,42,0.08,1.05,94,60,2.2,1,1,2.3,135,0.0072,1,0.29,3709,41591,0.00888416,28210.9,0.0108988,0.0,56003.9,58507.5,0.503731
traj_ibex_fclk3_226,48,0.12,1.06,83,59,2.2,0,0,2.1,154,-0.0123,1,0.42,49077,2239,0.00888416,28206.4,-0.0113396,-0.425925,55773.8,58314.3,0.505728
traj_ibex_fclk3_227,47,0.11,1.07,35,65,2.2,1,0,1.8,224,0.0168,0,0.16,71675,83193,0.00888558,28216.0,0.0136275,0.0,55818.5,58025.0,0.505495
traj_ibex_fclk3_228,44,0.09,0.91,82,29,2.2,2,0,2.5,244,0.0135,1,0.25,8752,13712,0.00888466,28212.2,0.0129143,0.0,56016.4,58702.7,0.503642
traj_ibex_fclk3_229,40,0.13,1.01,45,50,2.2,2,1,2.4,192,-0.0164,1,0.3,67867,27552,0.00888416,28204.5,-0.0156866,-1.80296,56163.2,58603.8,0.502188
traj_ibex_fclk3_230,50,0.15,1.05,64,86,2.2,1,1,1.8,225,-0.016,0,0.23,88248,38303,0.00888416,28204.5,-0.0156866,-1.80296,55725.9,58024.6,0.506129
traj_ibex_fclk3_231,44,0.08,0.88,64,27,2.2,1,2,1.8,220,0.0082,0,0.16,35465,9058,0.00888416,28210.6,0.00587308,0.0,55897.2,58027.9,0.504687
traj_ibex_fclk3_232,52,0.14,0.94,38,74,2.2,1,0,2.1,186,-0.0023,1,0.17,31131,46943,0.00888416,28208.2,-0.00133094,-0.0296687,55801.7,58314.3,0.505508
traj_ibex_fclk3_233,41,0.13,1.15,39,61,2.2,0,1,1.6,203,0.0001,0,0.17,28027,31636,0.00888416,28209.6,0.000217604,0.0,55684.4,57834.5,0.506597
traj_ibex_fclk3_234,50,0.06,1.04,29,100,2.2,1,0,2.2,161,0.0085,0,0.19,43564,68151,0.00888416,28210.9,0.0108988,0.0,56000.4,58410.5,0.503762
traj_ibex_fclk3_235,50,0.1,0.92,88,54,2.2,1,2,2.0,91,-0.0042,0,0.42,50640,35248,0.00888416,28207.2,-0.00343703,-0.152287,55716.6,58219.5,0.506261
traj_ibex_fclk3_236,52,0.08,0.92,54,45,2.2,2,2,2.1,225,0.0155,1,0.21,60632,69869,0.00888467,28214.9,0.0136275,0.0,56062.7,58316.1,0.503274
traj_ibex_fclk3_237,48,0.07,0.87,46,35,2.2,2,1,2.1,246,0.0046,0,0.27,95594,6237,0.00888416,28210.6,0.00587308,0.0,55835.8,58318.3,0.505243
traj_ibex_fclk3_238,47,0.05,0.97,40,73,2.2,2,2,2.5,86,0.0149,1,0.16,80071,30699,0.00888467,28214.6,0.0136275,0.0,55945.7,58701.1,0.504322
traj_ibex_fclk3_239,53,0.06,0.97,86,38,2.2,1,1,2.3,136,-0.0175,0,0.26,43610,50007,0.00888416,28204.5,-0.0156866,-1.80296,55945.7,58507.4,0.504141
traj_ibex_fclk3_240,53,0.08,1.09,38,54,2.2,0,1,1.6,92,0.005,0,0.4,89121,73388,0.00888416,28210.6,0.00587308,0.0,55945.1,57833.1,0.504255
traj_ibex_fclk3_241,49,0.09,0.92,74,78,2.2,1,2,1.6,165,0.0038,0,0.44,47954,76718,0.00888416,28210.6,0.00587308,0.0,55716.6,57833.8,0.506323
traj_ibex_fclk3_242,51,0.06,1.07,91,56,2.2,2,0,1.5,191,0.0006,1,0.19,57547,58151,0.00888416,28209.8,0.000623501,0.0,55864.8,57736.1,0.504966
traj_ibex_fclk3_243,41,0.08,1.01,97,27,2.2,2,1,2.4,98,-0.018,1,0.39,7123,1854,0.00888416,28204.2,-0.0177933,-1.98129,56163.2,58603.8,0.502183
traj_ibex_fclk3_244,52,0.08,1.09,72,32,2.2,2,0,2.3,250,0.0103,0,0.33,16741,63409,0.00888416,28210.9,0.0108988,0.0,55945.1,58509.0,0.50426
traj_ibex_fclk3_245,40,0.13,1.02,42,25,2.2,1,1,1.7,144,-0.0265,0,0.27,98055,91322,0.00888416,28199.2,-0.0316698,-4.86376,55891.9,57928.6,0.504531
traj_ibex_fclk3_246,54,0.09,0.88,65,82,2.2,0,1,2.1,196,-0.0261,1,0.32,40830,34708,0.00888416,28204.2,-0.0177933,-1.98129,55897.2,58317.9,0.504573
traj_ibex_fclk3_247,54,0.08,0.89,45,95,2.2,1,2,2.2,196,0.0066,1,0.21,96804,15644,0.00888416,28210.9,0.0108988,0.0,55955.0,58413.7,0.504171
traj_ibex_fclk3_248,51,0.12,1.05,78,88,2.2,0,1,2.3,163,0.007,0,0.36,1450,71054,0.00888416,28210.9,0.0108988,0.0,56003.9,58507.5,0.503731
traj_ibex_fclk3_249,55,0.08,0.93,52,46,2.2,2,0,2.2,130,0.0016,0,0.16,61040,12372,0.00888416,28210.6,0.00587308,0.0,56105.3,58411.2,0.502816
traj_ibex_fclk3_250,54,0.07,0.88,27,88,2.2,0,0,2.1,235,-0.0298,1,0.21,39781,70707,0.00888402,28194.1,-0.0459279,-6.57939,55897.2,58317.9,0.504392
